Processing file...   3%|██                                                |  ETA: 0:00:56 ( 0.92  s/it)[KProcessing file... 100%|██████████████████████████████████████████████████| Time: 0:00:04 (76.30 ms/it)[K
Processing file...   8%|█████                                             |  ETA: 0:00:03 (80.67 ms/it)[KProcessing file...  62%|████████████████████████████████                  |  ETA: 0:00:00 (25.61 ms/it)[KProcessing file... 100%|██████████████████████████████████████████████████| Time: 0:00:00 (16.05 ms/it)[K
Processing file...  38%|███████████████████                               |  ETA: 0:00:00 (14.00 ms/it)[KProcessing file... 100%|██████████████████████████████████████████████████| Time: 0:00:00 ( 5.29 ms/it)[K
Processing file...  31%|████████████████                                  |  ETA: 0:00:01 (24.67 ms/it)[KProcessing file... 100%|██████████████████████████████████████████████████| Time: 0:00:00 ( 7.61 ms/it)[K
Processing file...  38%|███████████████████                               |  ETA: 0:00:00 ( 8.71 ms/it)[KProcessing file... 100%|██████████████████████████████████████████████████| Time: 0:00:00 ( 3.34 ms/it)[K
Processing file...  81%|█████████████████████████████████████████         |  ETA: 0:00:00 ( 5.99 ms/it)[KProcessing file...  95%|████████████████████████████████████████████████  |  ETA: 0:00:00 ( 6.92 ms/it)[KProcessing file... 100%|██████████████████████████████████████████████████| Time: 0:00:00 ( 6.60 ms/it)[K
Processing file...  89%|█████████████████████████████████████████████     |  ETA: 0:00:00 (10.04 ms/it)[KProcessing file... 100%|██████████████████████████████████████████████████| Time: 0:00:00 ( 9.04 ms/it)[K
Processing file...  94%|████████████████████████████████████████████████  |  ETA: 0:00:00 (16.94 ms/it)[KProcessing file... 100%|██████████████████████████████████████████████████| Time: 0:00:00 (16.06 ms/it)[K
[ Info: incorporating geometry from C:\Users\chahj\Documents\ldraw\p\4-4edge.dat into C:\Users\chahj\Documents\ldraw\p\stud3.dat
[ Info: incorporating geometry from C:\Users\chahj\Documents\ldraw\p\4-4edge.dat into C:\Users\chahj\Documents\ldraw\p\stud3.dat
[ Info: incorporating geometry from C:\Users\chahj\Documents\ldraw\p\4-4disc.dat into C:\Users\chahj\Documents\ldraw\p\stud3.dat
[ Info: incorporating geometry from C:\Users\chahj\Documents\ldraw\p\4-4cyli.dat into C:\Users\chahj\Documents\ldraw\p\stud3.dat
[ Info: incorporating geometry from C:\Users\chahj\Documents\ldraw\p\stud3.dat into C:\Users\chahj\Documents/ldraw\parts\s\3004s01.dat
[ Info: incorporating geometry from C:\Users\chahj\Documents\ldraw\p\box5.dat into C:\Users\chahj\Documents/ldraw\parts\s\3004s01.dat
[ Info: incorporating geometry from C:\Users\chahj\Documents\ldraw\p\box4t.dat into C:\Users\chahj\Documents/ldraw\parts\s\3004s01.dat
[ Info: incorporating geometry from C:\Users\chahj\Documents\ldraw\p\4-4edge.dat into C:\Users\chahj\Documents\ldraw\p\stud.dat
[ Info: incorporating geometry from C:\Users\chahj\Documents\ldraw\p\4-4edge.dat into C:\Users\chahj\Documents\ldraw\p\stud.dat
[ Info: incorporating geometry from C:\Users\chahj\Documents\ldraw\p\4-4cyli.dat into C:\Users\chahj\Documents\ldraw\p\stud.dat
[ Info: incorporating geometry from C:\Users\chahj\Documents\ldraw\p\4-4disc.dat into C:\Users\chahj\Documents\ldraw\p\stud.dat
[ Info: incorporating geometry from C:\Users\chahj\Documents\ldraw\p\stud.dat into C:\Users\chahj\Documents/ldraw\parts\s\3004s01.dat
[ Info: incorporating geometry from C:\Users\chahj\Documents\ldraw\p\stud.dat into C:\Users\chahj\Documents/ldraw\parts\s\3004s01.dat
[ Info: incorporating geometry from C:\Users\chahj\Documents\ldraw\p\4-4edge.dat into C:\Users\chahj\Documents/ldraw\parts\s\3062bs01.dat
[ Info: incorporating geometry from C:\Users\chahj\Documents\ldraw\p\4-4edge.dat into C:\Users\chahj\Documents/ldraw\parts\s\3062bs01.dat
[ Info: incorporating geometry from C:\Users\chahj\Documents\ldraw\p\4-4edge.dat into C:\Users\chahj\Documents/ldraw\parts\s\3062bs01.dat
[ Info: incorporating geometry from C:\Users\chahj\Documents\ldraw\p\4-4edge.dat into C:\Users\chahj\Documents/ldraw\parts\s\3062bs01.dat
[ Info: incorporating geometry from C:\Users\chahj\Documents\ldraw\p\4-4cyli.dat into C:\Users\chahj\Documents/ldraw\parts\s\3062bs01.dat
[ Info: incorporating geometry from C:\Users\chahj\Documents\ldraw\p\4-4edge.dat into C:\Users\chahj\Documents\ldraw\p\stud2a.dat
[ Info: incorporating geometry from C:\Users\chahj\Documents\ldraw\p\4-4edge.dat into C:\Users\chahj\Documents\ldraw\p\stud2a.dat
[ Info: incorporating geometry from C:\Users\chahj\Documents\ldraw\p\4-4cyli.dat into C:\Users\chahj\Documents\ldraw\p\stud2a.dat
[ Info: incorporating geometry from C:\Users\chahj\Documents\ldraw\p\4-4cyli.dat into C:\Users\chahj\Documents\ldraw\p\stud2a.dat
[ Info: incorporating geometry from C:\Users\chahj\Documents\ldraw\p\4-4ring2.dat into C:\Users\chahj\Documents\ldraw\p\stud2a.dat
[ Info: incorporating geometry from C:\Users\chahj\Documents\ldraw\p\stud2a.dat into C:\Users\chahj\Documents/ldraw\parts\s\3062bs01.dat
[ Info: incorporating geometry from C:\Users\chahj\Documents\ldraw\p\4-4ring3.dat into C:\Users\chahj\Documents/ldraw\parts\s\3062bs01.dat
[ Info: incorporating geometry from C:\Users\chahj\Documents\ldraw\p\4-4ring2.dat into C:\Users\chahj\Documents/ldraw\parts\s\3062bs01.dat
[ Info: incorporating geometry from C:\Users\chahj\Documents\ldraw\p\4-4ring4.dat into C:\Users\chahj\Documents/ldraw\parts\s\3062bs01.dat
[ Info: incorporating geometry from C:\Users\chahj\Documents\ldraw\p\4-4ring4.dat into C:\Users\chahj\Documents/ldraw\parts\s\3062bs01.dat
[ Info: incorporating geometry from C:\Users\chahj\Documents\ldraw\p\4-4edge.dat into C:\Users\chahj\Documents\ldraw\p\4-4cylo.dat
[ Info: incorporating geometry from C:\Users\chahj\Documents\ldraw\p\4-4edge.dat into C:\Users\chahj\Documents\ldraw\p\4-4cylo.dat
[ Info: incorporating geometry from C:\Users\chahj\Documents\ldraw\p\4-4cyli.dat into C:\Users\chahj\Documents\ldraw\p\4-4cylo.dat
[ Info: incorporating geometry from C:\Users\chahj\Documents\ldraw\p\4-4cylo.dat into C:\Users\chahj\Documents/ldraw\parts\s\3062bs01.dat
[ Info: incorporating geometry from C:\Users\chahj\Documents\ldraw\p\4-4ring3.dat into C:\Users\chahj\Documents\ldraw\p\stud4od.dat
[ Info: incorporating geometry from C:\Users\chahj\Documents\ldraw\p\4-4cylo.dat into C:\Users\chahj\Documents\ldraw\p\stud4od.dat
[ Info: incorporating geometry from C:\Users\chahj\Documents\ldraw\p\stud4od.dat into C:\Users\chahj\Documents/ldraw\parts\s\3062bs01.dat
[ Info: incorporating geometry from C:\Users\chahj\Documents/ldraw\parts\s\3062bs01.dat into C:\Users\chahj\Documents\ldraw\parts\3062b.dat
[ Info: incorporating geometry from C:\Users\chahj\Documents\ldraw\p\4-4cyli.dat into C:\Users\chahj\Documents\ldraw\parts\3062b.dat
[ Info: incorporating geometry from C:\Users\chahj\Documents\ldraw\p\1-8ring17.dat into C:\Users\chahj\Documents/ldraw\parts\s\4624s01.dat
[ Info: incorporating geometry from C:\Users\chahj\Documents\ldraw\p\1-8ring9.dat into C:\Users\chahj\Documents/ldraw\parts\s\4624s01.dat
[ Info: incorporating geometry from C:\Users\chahj\Documents\ldraw\p\empty.dat into C:\Users\chahj\Documents\ldraw\p\1-16chrd.dat
[ Info: incorporating geometry from C:\Users\chahj\Documents\ldraw\p\1-16chrd.dat into C:\Users\chahj\Documents/ldraw\parts\s\4624s01.dat
[ Info: incorporating geometry from C:\Users\chahj\Documents\ldraw\p\1-8disc.dat into C:\Users\chahj\Documents/ldraw\parts\s\4624s01.dat
[ Info: incorporating geometry from C:\Users\chahj\Documents\ldraw\p\1-8ring4.dat into C:\Users\chahj\Documents/ldraw\parts\s\4624s01.dat
[ Info: incorporating geometry from C:\Users\chahj\Documents\ldraw\p\1-8ring3.dat into C:\Users\chahj\Documents/ldraw\parts\s\4624s01.dat
[ Info: incorporating geometry from C:\Users\chahj\Documents\ldraw\p\1-16chrd.dat into C:\Users\chahj\Documents/ldraw\parts\s\4624s01.dat
[ Info: incorporating geometry from C:\Users\chahj\Documents\ldraw\p\1-16ring2.dat into C:\Users\chahj\Documents/ldraw\parts\s\4624s01.dat
[ Info: incorporating geometry from C:\Users\chahj\Documents\ldraw\p\1-16con3.dat into C:\Users\chahj\Documents/ldraw\parts\s\4624s01.dat
[ Info: incorporating geometry from C:\Users\chahj\Documents\ldraw\p\1-16con16.dat into C:\Users\chahj\Documents/ldraw\parts\s\4624s01.dat
[ Info: incorporating geometry from C:\Users\chahj\Documents\ldraw\p\1-16edge.dat into C:\Users\chahj\Documents/ldraw\parts\s\4624s01.dat
[ Info: incorporating geometry from C:\Users\chahj\Documents\ldraw\p\1-16ring2.dat into C:\Users\chahj\Documents/ldraw\parts\s\4624s01.dat
[ Info: incorporating geometry from C:\Users\chahj\Documents\ldraw\p\1-8disc.dat into C:\Users\chahj\Documents/ldraw\parts\s\4624s01.dat
[ Info: incorporating geometry from C:\Users\chahj\Documents\ldraw\p\1-16cyli.dat into C:\Users\chahj\Documents\ldraw\p\1-16cylo.dat
[ Info: incorporating geometry from C:\Users\chahj\Documents\ldraw\p\1-16edge.dat into C:\Users\chahj\Documents\ldraw\p\1-16cylo.dat
[ Info: incorporating geometry from C:\Users\chahj\Documents\ldraw\p\1-16edge.dat into C:\Users\chahj\Documents\ldraw\p\1-16cylo.dat
[ Info: incorporating geometry from C:\Users\chahj\Documents\ldraw\p\1-16cylo.dat into C:\Users\chahj\Documents/ldraw\parts\s\4624s01.dat
[ Info: incorporating geometry from C:\Users\chahj\Documents\ldraw\p\rect.dat into C:\Users\chahj\Documents/ldraw\parts\s\4624s01.dat
[ Info: incorporating geometry from C:\Users\chahj\Documents\ldraw\p\1-16cylo.dat into C:\Users\chahj\Documents/ldraw\parts\s\4624s01.dat
[ Info: incorporating geometry from C:\Users\chahj\Documents\ldraw\p\1-16cyli.dat into C:\Users\chahj\Documents/ldraw\parts\s\4624s01.dat
[ Info: incorporating geometry from C:\Users\chahj\Documents\ldraw\p\1-16edge.dat into C:\Users\chahj\Documents/ldraw\parts\s\4624s01.dat
[ Info: incorporating geometry from C:\Users\chahj\Documents\ldraw\p\1-16edge.dat into C:\Users\chahj\Documents/ldraw\parts\s\4624s01.dat
[ Info: incorporating geometry from C:\Users\chahj\Documents\ldraw\p\rect2p.dat into C:\Users\chahj\Documents/ldraw\parts\s\4624s01.dat
[ Info: incorporating geometry from C:\Users\chahj\Documents\ldraw\p\1-8edge.dat into C:\Users\chahj\Documents\ldraw\p\1-8cylo.dat
[ Info: incorporating geometry from C:\Users\chahj\Documents\ldraw\p\1-8edge.dat into C:\Users\chahj\Documents\ldraw\p\1-8cylo.dat
[ Info: incorporating geometry from C:\Users\chahj\Documents\ldraw\p\1-8cyli.dat into C:\Users\chahj\Documents\ldraw\p\1-8cylo.dat
[ Info: incorporating geometry from C:\Users\chahj\Documents\ldraw\p\1-8cylo.dat into C:\Users\chahj\Documents/ldraw\parts\s\4624s01.dat
[ Info: incorporating geometry from C:\Users\chahj\Documents\ldraw\p\1-8con4.dat into C:\Users\chahj\Documents/ldraw\parts\s\4624s01.dat
[ Info: incorporating geometry from C:\Users\chahj\Documents\ldraw\p\1-8cylo.dat into C:\Users\chahj\Documents/ldraw\parts\s\4624s01.dat
[ Info: incorporating geometry from C:\Users\chahj\Documents\ldraw\p\1-8con4.dat into C:\Users\chahj\Documents/ldraw\parts\s\4624s01.dat
[ Info: incorporating geometry from C:\Users\chahj\Documents\ldraw\p\1-8cylo.dat into C:\Users\chahj\Documents/ldraw\parts\s\4624s01.dat
[ Info: incorporating geometry from C:\Users\chahj\Documents/ldraw\parts\s\4624s01.dat into C:\Users\chahj\Documents\ldraw\parts\4624.dat
[ Info: incorporating geometry from C:\Users\chahj\Documents/ldraw\parts\s\4624s01.dat into C:\Users\chahj\Documents\ldraw\parts\4624.dat
[ Info: incorporating geometry from C:\Users\chahj\Documents/ldraw\parts\s\4624s01.dat into C:\Users\chahj\Documents\ldraw\parts\4624.dat
[ Info: incorporating geometry from C:\Users\chahj\Documents/ldraw\parts\s\4624s01.dat into C:\Users\chahj\Documents\ldraw\parts\4624.dat
[ Info: incorporating geometry from C:\Users\chahj\Documents/ldraw\parts\s\4624s01.dat into C:\Users\chahj\Documents\ldraw\parts\4624.dat
[ Info: incorporating geometry from C:\Users\chahj\Documents/ldraw\parts\s\4624s01.dat into C:\Users\chahj\Documents\ldraw\parts\4624.dat
[ Info: incorporating geometry from C:\Users\chahj\Documents/ldraw\parts\s\4624s01.dat into C:\Users\chahj\Documents\ldraw\parts\4624.dat
[ Info: incorporating geometry from C:\Users\chahj\Documents/ldraw\parts\s\4624s01.dat into C:\Users\chahj\Documents\ldraw\parts\4624.dat
[ Info: incorporating geometry from C:\Users\chahj\Documents\ldraw\p\4-4edge.dat into C:\Users\chahj\Documents\ldraw\p\stud4.dat
[ Info: incorporating geometry from C:\Users\chahj\Documents\ldraw\p\4-4edge.dat into C:\Users\chahj\Documents\ldraw\p\stud4.dat
[ Info: incorporating geometry from C:\Users\chahj\Documents\ldraw\p\4-4edge.dat into C:\Users\chahj\Documents\ldraw\p\stud4.dat
[ Info: incorporating geometry from C:\Users\chahj\Documents\ldraw\p\4-4edge.dat into C:\Users\chahj\Documents\ldraw\p\stud4.dat
[ Info: incorporating geometry from C:\Users\chahj\Documents\ldraw\p\4-4cyli.dat into C:\Users\chahj\Documents\ldraw\p\stud4.dat
[ Info: incorporating geometry from C:\Users\chahj\Documents\ldraw\p\4-4cyli.dat into C:\Users\chahj\Documents\ldraw\p\stud4.dat
[ Info: incorporating geometry from C:\Users\chahj\Documents\ldraw\p\4-4ring3.dat into C:\Users\chahj\Documents\ldraw\p\stud4.dat
[ Info: incorporating geometry from C:\Users\chahj\Documents\ldraw\p\stud4.dat into C:\Users\chahj\Documents/ldraw\parts\s\3001s01.dat
[ Info: incorporating geometry from C:\Users\chahj\Documents\ldraw\p\stud4.dat into C:\Users\chahj\Documents/ldraw\parts\s\3001s01.dat
[ Info: incorporating geometry from C:\Users\chahj\Documents\ldraw\p\stud4.dat into C:\Users\chahj\Documents/ldraw\parts\s\3001s01.dat
[ Info: incorporating geometry from C:\Users\chahj\Documents\ldraw\p\box5.dat into C:\Users\chahj\Documents/ldraw\parts\s\3001s01.dat
[ Info: incorporating geometry from C:\Users\chahj\Documents\ldraw\p\box3u2p.dat into C:\Users\chahj\Documents/ldraw\parts\s\3001s01.dat
[ Info: incorporating geometry from C:\Users\chahj\Documents\ldraw\p\stud.dat into C:\Users\chahj\Documents/ldraw\parts\s\3001s01.dat
[ Info: incorporating geometry from C:\Users\chahj\Documents\ldraw\p\stud.dat into C:\Users\chahj\Documents/ldraw\parts\s\3001s01.dat
[ Info: incorporating geometry from C:\Users\chahj\Documents\ldraw\p\stud.dat into C:\Users\chahj\Documents/ldraw\parts\s\3001s01.dat
[ Info: incorporating geometry from C:\Users\chahj\Documents\ldraw\p\stud.dat into C:\Users\chahj\Documents/ldraw\parts\s\3001s01.dat
[ Info: incorporating geometry from C:\Users\chahj\Documents\ldraw\p\stud.dat into C:\Users\chahj\Documents/ldraw\parts\s\3001s01.dat
[ Info: incorporating geometry from C:\Users\chahj\Documents\ldraw\p\stud.dat into C:\Users\chahj\Documents/ldraw\parts\s\3001s01.dat
[ Info: incorporating geometry from C:\Users\chahj\Documents\ldraw\p\stud.dat into C:\Users\chahj\Documents/ldraw\parts\s\3001s01.dat
[ Info: incorporating geometry from C:\Users\chahj\Documents\ldraw\p\stud.dat into C:\Users\chahj\Documents/ldraw\parts\s\3001s01.dat
[ Info: incorporating geometry from C:\Users\chahj\Documents\ldraw\p\1-16tndis.dat into C:\Users\chahj\Documents\ldraw\p\st4jfil4.dat
[ Info: incorporating geometry from C:\Users\chahj\Documents\ldraw\p\1-16tndis.dat into C:\Users\chahj\Documents\ldraw\p\st4jfil4.dat
[ Info: incorporating geometry from C:\Users\chahj\Documents/ldraw\parts\s\3001s01.dat into C:\Users\chahj\Documents\ldraw\parts\3001.dat
[ Info: incorporating geometry from C:\Users\chahj\Documents\ldraw\p\1-4edge.dat into C:\Users\chahj\Documents\ldraw\p\wpin2.dat
[ Info: incorporating geometry from C:\Users\chahj\Documents\ldraw\p\1-4edge.dat into C:\Users\chahj\Documents\ldraw\p\wpin2.dat
[ Info: incorporating geometry from C:\Users\chahj\Documents\ldraw\p\1-4cyli.dat into C:\Users\chahj\Documents\ldraw\p\wpin2.dat
[ Info: incorporating geometry from C:\Users\chahj\Documents\ldraw\p\1-4chrd.dat into C:\Users\chahj\Documents\ldraw\p\wpin2.dat
[ Info: incorporating geometry from C:\Users\chahj\Documents\ldraw\p\1-4chrd.dat into C:\Users\chahj\Documents\ldraw\p\wpin2.dat
[ Info: incorporating geometry from C:\Users\chahj\Documents\ldraw\p\3-8chrd.dat into C:\Users\chahj\Documents\ldraw\p\wpin.dat
[ Info: incorporating geometry from C:\Users\chahj\Documents\ldraw\p\3-8chrd.dat into C:\Users\chahj\Documents\ldraw\p\wpin.dat
[ Info: incorporating geometry from C:\Users\chahj\Documents\ldraw\p\3-8cyli.dat into C:\Users\chahj\Documents\ldraw\p\wpin.dat
[ Info: incorporating geometry from C:\Users\chahj\Documents\ldraw\p\3-8edge.dat into C:\Users\chahj\Documents\ldraw\p\3-8cylo.dat
[ Info: incorporating geometry from C:\Users\chahj\Documents\ldraw\p\3-8edge.dat into C:\Users\chahj\Documents\ldraw\p\3-8cylo.dat
[ Info: incorporating geometry from C:\Users\chahj\Documents\ldraw\p\3-8cyli.dat into C:\Users\chahj\Documents\ldraw\p\3-8cylo.dat
[ Info: incorporating geometry from C:\Users\chahj\Documents\ldraw\p\3-8cylo.dat into C:\Users\chahj\Documents\ldraw\p\wpin.dat
[ Info: incorporating geometry from C:\Users\chahj\Documents\ldraw\p\3-8edge.dat into C:\Users\chahj\Documents\ldraw\p\wpin.dat
[ Info: incorporating geometry from C:\Users\chahj\Documents\ldraw\p\3-8edge.dat into C:\Users\chahj\Documents\ldraw\p\wpin.dat
[ Info: incorporating geometry from C:\Users\chahj\Documents\ldraw\p\3-8cylo.dat into C:\Users\chahj\Documents\ldraw\p\wpin.dat
[ Info: incorporating geometry from C:\Users\chahj\Documents\ldraw\p\3-8cylo.dat into C:\Users\chahj\Documents\ldraw\p\wpin.dat
[ Info: incorporating geometry from C:\Users\chahj\Documents\ldraw\p\1-16cyli.dat into C:\Users\chahj\Documents\ldraw\p\wpin.dat
[ Info: incorporating geometry from C:\Users\chahj\Documents\ldraw\p\1-16cyli.dat into C:\Users\chahj\Documents\ldraw\p\wpin.dat
[ Info: incorporating geometry from C:\Users\chahj\Documents\ldraw\p\1-16edge.dat into C:\Users\chahj\Documents\ldraw\p\wpin.dat
[ Info: incorporating geometry from C:\Users\chahj\Documents\ldraw\p\1-16edge.dat into C:\Users\chahj\Documents\ldraw\p\wpin.dat
[ Info: incorporating geometry from C:\Users\chahj\Documents\ldraw\p\1-16cyli.dat into C:\Users\chahj\Documents\ldraw\p\wpin.dat
[ Info: incorporating geometry from C:\Users\chahj\Documents\ldraw\p\1-16cyli.dat into C:\Users\chahj\Documents\ldraw\p\wpin.dat
[ Info: incorporating geometry from C:\Users\chahj\Documents\ldraw\p\1-16edge.dat into C:\Users\chahj\Documents\ldraw\p\wpin.dat
[ Info: incorporating geometry from C:\Users\chahj\Documents\ldraw\p\1-16edge.dat into C:\Users\chahj\Documents\ldraw\p\wpin.dat
[ Info: incorporating geometry from C:\Users\chahj\Documents\ldraw\p\3-8ring12.dat into C:\Users\chahj\Documents\ldraw\p\wpin.dat
[ Info: incorporating geometry from C:\Users\chahj\Documents\ldraw\p\3-8ring12.dat into C:\Users\chahj\Documents\ldraw\p\wpin.dat
[ Info: incorporating geometry from C:\Users\chahj\Documents\ldraw\p\3-8edge.dat into C:\Users\chahj\Documents\ldraw\p\wpin.dat
[ Info: incorporating geometry from C:\Users\chahj\Documents\ldraw\p\3-8edge.dat into C:\Users\chahj\Documents\ldraw\p\wpin.dat
[ Info: incorporating geometry from C:\Users\chahj\Documents/ldraw\p\8\1-4edge.dat into C:\Users\chahj\Documents\ldraw\p\wpin.dat
[ Info: incorporating geometry from C:\Users\chahj\Documents/ldraw\p\8\1-4edge.dat into C:\Users\chahj\Documents\ldraw\p\wpin.dat
[ Info: incorporating geometry from C:\Users\chahj\Documents/ldraw\p\8\1-4edge.dat into C:\Users\chahj\Documents\ldraw\p\wpin.dat
[ Info: incorporating geometry from C:\Users\chahj\Documents/ldraw\p\8\1-4edge.dat into C:\Users\chahj\Documents\ldraw\p\wpin.dat
[ Info: incorporating geometry from C:\Users\chahj\Documents/ldraw\p\8\1-4ndis.dat into C:\Users\chahj\Documents\ldraw\p\wpin.dat
[ Info: incorporating geometry from C:\Users\chahj\Documents/ldraw\p\8\1-4ndis.dat into C:\Users\chahj\Documents\ldraw\p\wpin.dat
[ Info: incorporating geometry from C:\Users\chahj\Documents/ldraw\p\8\1-4ndis.dat into C:\Users\chahj\Documents\ldraw\p\wpin.dat
[ Info: incorporating geometry from C:\Users\chahj\Documents/ldraw\p\8\1-4ndis.dat into C:\Users\chahj\Documents\ldraw\p\wpin.dat
[ Info: incorporating geometry from C:\Users\chahj\Documents/ldraw\p\8\1-4cyli.dat into C:\Users\chahj\Documents\ldraw\p\wpin.dat
[ Info: incorporating geometry from C:\Users\chahj\Documents/ldraw\p\8\1-4cyli.dat into C:\Users\chahj\Documents\ldraw\p\wpin.dat
[ Info: incorporating geometry from C:\Users\chahj\Documents/ldraw\p\8\1-4cyls.dat into C:\Users\chahj\Documents\ldraw\p\wpin.dat
[ Info: incorporating geometry from C:\Users\chahj\Documents/ldraw\p\8\1-4cyls.dat into C:\Users\chahj\Documents\ldraw\p\wpin.dat
[ Info: incorporating geometry from C:\Users\chahj\Documents\ldraw\p\wpin.dat into C:\Users\chahj\Documents\ldraw\p\wpin2a.dat
[ Info: incorporating geometry from C:\Users\chahj\Documents\ldraw\p\1-4edge.dat into C:\Users\chahj\Documents\ldraw\p\1-4cylo.dat
[ Info: incorporating geometry from C:\Users\chahj\Documents\ldraw\p\1-4edge.dat into C:\Users\chahj\Documents\ldraw\p\1-4cylo.dat
[ Info: incorporating geometry from C:\Users\chahj\Documents\ldraw\p\1-4cyli.dat into C:\Users\chahj\Documents\ldraw\p\1-4cylo.dat
[ Info: incorporating geometry from C:\Users\chahj\Documents\ldraw\p\1-4cylo.dat into C:\Users\chahj\Documents\ldraw\p\wpin2a.dat
[ Info: incorporating geometry from C:\Users\chahj\Documents\ldraw\p\1-4chrd.dat into C:\Users\chahj\Documents\ldraw\p\wpin2a.dat
[ Info: incorporating geometry from C:\Users\chahj\Documents\ldraw\p\wpin2a.dat into C:\Users\chahj\Documents\ldraw\p\wpin2.dat
[ Info: incorporating geometry from C:\Users\chahj\Documents\ldraw\p\stud3.dat into C:\Users\chahj\Documents/ldraw\parts\s\3023bs01.dat
[ Info: incorporating geometry from C:\Users\chahj\Documents\ldraw\p\box5.dat into C:\Users\chahj\Documents/ldraw\parts\s\3023bs01.dat
[ Info: incorporating geometry from C:\Users\chahj\Documents\ldraw\p\box4t.dat into C:\Users\chahj\Documents/ldraw\parts\s\3023bs01.dat
[ Info: incorporating geometry from C:\Users\chahj\Documents\ldraw\p\stud.dat into C:\Users\chahj\Documents\ldraw\p\stug-1x2.dat
[ Info: incorporating geometry from C:\Users\chahj\Documents\ldraw\p\stud.dat into C:\Users\chahj\Documents\ldraw\p\stug-1x2.dat
[ Info: incorporating geometry from C:\Users\chahj\Documents\ldraw\p\stug-1x2.dat into C:\Users\chahj\Documents/ldraw\parts\s\3023bs01.dat
[ Info: incorporating geometry from C:\Users\chahj\Documents/ldraw\parts\s\3004s01.dat into C:\Users\chahj\Documents\ldraw\parts\3004.dat
[ Info: incorporating geometry from C:\Users\chahj\Documents\ldraw\p\stug-1x2.dat into C:\Users\chahj\Documents/ldraw\parts\s\3039s01.dat
[ Info: incorporating geometry from C:\Users\chahj\Documents\ldraw\p\4-4edge.dat into C:\Users\chahj\Documents\ldraw\p\stud4a.dat
[ Info: incorporating geometry from C:\Users\chahj\Documents\ldraw\p\4-4edge.dat into C:\Users\chahj\Documents\ldraw\p\stud4a.dat
[ Info: incorporating geometry from C:\Users\chahj\Documents\ldraw\p\4-4cyli.dat into C:\Users\chahj\Documents\ldraw\p\stud4a.dat
[ Info: incorporating geometry from C:\Users\chahj\Documents\ldraw\p\4-4cyli.dat into C:\Users\chahj\Documents\ldraw\p\stud4a.dat
[ Info: incorporating geometry from C:\Users\chahj\Documents\ldraw\p\4-4ring3.dat into C:\Users\chahj\Documents\ldraw\p\stud4a.dat
[ Info: incorporating geometry from C:\Users\chahj\Documents\ldraw\p\stud4a.dat into C:\Users\chahj\Documents/ldraw\parts\s\3039s01.dat
[ Info: incorporating geometry from C:\Users\chahj\Documents\ldraw\p\2-4cyli.dat into C:\Users\chahj\Documents/ldraw\parts\s\3039s01.dat
[ Info: incorporating geometry from C:\Users\chahj\Documents\ldraw\p\2-4cyli.dat into C:\Users\chahj\Documents/ldraw\parts\s\3039s01.dat
[ Info: incorporating geometry from C:\Users\chahj\Documents\ldraw\p\1-4cyls.dat into C:\Users\chahj\Documents/ldraw\parts\s\3039s01.dat
[ Info: incorporating geometry from C:\Users\chahj\Documents\ldraw\p\1-4cyls.dat into C:\Users\chahj\Documents/ldraw\parts\s\3039s01.dat
[ Info: incorporating geometry from C:\Users\chahj\Documents\ldraw\p\2-4cyli.dat into C:\Users\chahj\Documents/ldraw\parts\s\3039s01.dat
[ Info: incorporating geometry from C:\Users\chahj\Documents\ldraw\p\1-4cyls.dat into C:\Users\chahj\Documents/ldraw\parts\s\3039s01.dat
[ Info: incorporating geometry from C:\Users\chahj\Documents\ldraw\p\1-4cyls.dat into C:\Users\chahj\Documents/ldraw\parts\s\3039s01.dat
[ Info: incorporating geometry from C:\Users\chahj\Documents\ldraw\p\2-4edge.dat into C:\Users\chahj\Documents/ldraw\parts\s\3039s01.dat
[ Info: incorporating geometry from C:\Users\chahj\Documents\ldraw\p\2-4edge.dat into C:\Users\chahj\Documents/ldraw\parts\s\3039s01.dat
[ Info: incorporating geometry from C:\Users\chahj\Documents\ldraw\p\2-4edge.dat into C:\Users\chahj\Documents/ldraw\parts\s\3039s01.dat
[ Info: incorporating geometry from C:\Users\chahj\Documents\ldraw\p\2-4edge.dat into C:\Users\chahj\Documents/ldraw\parts\s\3039s01.dat
[ Info: incorporating geometry from C:\Users\chahj\Documents\ldraw\p\2-4chrd.dat into C:\Users\chahj\Documents/ldraw\parts\s\3039s01.dat
[ Info: incorporating geometry from C:\Users\chahj\Documents\ldraw\p\2-4ndis.dat into C:\Users\chahj\Documents/ldraw\parts\s\3039s01.dat
[ Info: incorporating geometry from C:\Users\chahj\Documents\ldraw\p\2-4chrd.dat into C:\Users\chahj\Documents/ldraw\parts\s\3039s01.dat
[ Info: incorporating geometry from C:\Users\chahj\Documents\ldraw\p\2-4ndis.dat into C:\Users\chahj\Documents/ldraw\parts\s\3039s01.dat
[ Info: incorporating geometry from C:\Users\chahj\Documents\ldraw\p\box3u4a.dat into C:\Users\chahj\Documents/ldraw\parts\s\3039s01.dat
[ Info: incorporating geometry from C:\Users\chahj\Documents\ldraw\p\rect.dat into C:\Users\chahj\Documents/ldraw\parts\s\3039s01.dat
[ Info: incorporating geometry from C:\Users\chahj\Documents\ldraw\p\box4-4a.dat into C:\Users\chahj\Documents/ldraw\parts\s\3039s01.dat
[ Info: incorporating geometry from C:\Users\chahj\Documents\ldraw\p\rect.dat into C:\Users\chahj\Documents/ldraw\parts\s\3039s01.dat
[ Info: incorporating geometry from C:\Users\chahj\Documents/ldraw\parts\s\3039s01.dat into C:\Users\chahj\Documents\ldraw\parts\3039.dat
[ Info: incorporating geometry from C:\Users\chahj\Documents\ldraw\p\stud4.dat into C:\Users\chahj\Documents\ldraw\parts\3022.dat
[ Info: incorporating geometry from C:\Users\chahj\Documents\ldraw\p\box5.dat into C:\Users\chahj\Documents\ldraw\parts\3022.dat
[ Info: incorporating geometry from C:\Users\chahj\Documents\ldraw\p\box5.dat into C:\Users\chahj\Documents\ldraw\parts\3022.dat
[ Info: incorporating geometry from C:\Users\chahj\Documents\ldraw\p\stud.dat into C:\Users\chahj\Documents\ldraw\parts\3022.dat
[ Info: incorporating geometry from C:\Users\chahj\Documents\ldraw\p\stud.dat into C:\Users\chahj\Documents\ldraw\parts\3022.dat
[ Info: incorporating geometry from C:\Users\chahj\Documents\ldraw\p\stud.dat into C:\Users\chahj\Documents\ldraw\parts\3022.dat
[ Info: incorporating geometry from C:\Users\chahj\Documents\ldraw\p\stud.dat into C:\Users\chahj\Documents\ldraw\parts\3022.dat
[ Info: incorporating geometry from C:\Users\chahj\Documents\ldraw\p\rect3.dat into C:\Users\chahj\Documents/ldraw\parts\s\87697s01.dat
[ Info: incorporating geometry from C:\Users\chahj\Documents\ldraw\p\rect1.dat into C:\Users\chahj\Documents/ldraw\parts\s\87697s01.dat
[ Info: incorporating geometry from C:\Users\chahj\Documents\ldraw\p\rect.dat into C:\Users\chahj\Documents/ldraw\parts\s\87697s01.dat
[ Info: incorporating geometry from C:\Users\chahj\Documents\ldraw\p\4-4edge.dat into C:\Users\chahj\Documents/ldraw\parts\s\6014s01.dat
[ Info: incorporating geometry from C:\Users\chahj\Documents\ldraw\p\3-8edge.dat into C:\Users\chahj\Documents/ldraw\parts\s\6014s01.dat
[ Info: incorporating geometry from C:\Users\chahj\Documents\ldraw\p\3-8edge.dat into C:\Users\chahj\Documents/ldraw\parts\s\6014s01.dat
[ Info: incorporating geometry from C:\Users\chahj\Documents\ldraw\p\1-4edge.dat into C:\Users\chahj\Documents/ldraw\parts\s\6014s01.dat
[ Info: incorporating geometry from C:\Users\chahj\Documents\ldraw\p\1-4edge.dat into C:\Users\chahj\Documents/ldraw\parts\s\6014s01.dat
[ Info: incorporating geometry from C:\Users\chahj\Documents\ldraw\p\4-4edge.dat into C:\Users\chahj\Documents/ldraw\parts\s\6014s01.dat
[ Info: incorporating geometry from C:\Users\chahj\Documents\ldraw\p\4-4edge.dat into C:\Users\chahj\Documents/ldraw\parts\s\6014s01.dat
[ Info: incorporating geometry from C:\Users\chahj\Documents\ldraw\p\4-4con4.dat into C:\Users\chahj\Documents/ldraw\parts\s\6014s01.dat
[ Info: incorporating geometry from C:\Users\chahj\Documents\ldraw\p\4-4con10.dat into C:\Users\chahj\Documents/ldraw\parts\s\6014s01.dat
[ Info: incorporating geometry from C:\Users\chahj\Documents\ldraw\p\4-4edge.dat into C:\Users\chahj\Documents/ldraw\parts\s\6014s01.dat
[ Info: incorporating geometry from C:\Users\chahj\Documents\ldraw\p\1-4ring3.dat into C:\Users\chahj\Documents/ldraw\parts\s\6014s01.dat
[ Info: incorporating geometry from C:\Users\chahj\Documents\ldraw\p\1-4ring3.dat into C:\Users\chahj\Documents/ldraw\parts\s\6014s01.dat
[ Info: incorporating geometry from C:\Users\chahj\Documents\ldraw\p\4-4disc.dat into C:\Users\chahj\Documents/ldraw\parts\s\6014s01.dat
[ Info: incorporating geometry from C:\Users\chahj\Documents\ldraw\p\1-8cylo.dat into C:\Users\chahj\Documents/ldraw\parts\s\6014s01.dat
[ Info: incorporating geometry from C:\Users\chahj\Documents\ldraw\p\1-8cylo.dat into C:\Users\chahj\Documents/ldraw\parts\s\6014s01.dat
[ Info: incorporating geometry from C:\Users\chahj\Documents\ldraw\p\1-8cylo.dat into C:\Users\chahj\Documents/ldraw\parts\s\6014s01.dat
[ Info: incorporating geometry from C:\Users\chahj\Documents\ldraw\p\1-8cylo.dat into C:\Users\chahj\Documents/ldraw\parts\s\6014s01.dat
[ Info: incorporating geometry from C:\Users\chahj\Documents\ldraw\p\1-8chrd.dat into C:\Users\chahj\Documents/ldraw\parts\s\6014s01.dat
[ Info: incorporating geometry from C:\Users\chahj\Documents\ldraw\p\1-8chrd.dat into C:\Users\chahj\Documents/ldraw\parts\s\6014s01.dat
[ Info: incorporating geometry from C:\Users\chahj\Documents\ldraw\p\1-4ring4.dat into C:\Users\chahj\Documents/ldraw\parts\s\6014s01.dat
[ Info: incorporating geometry from C:\Users\chahj\Documents\ldraw\p\1-4ring4.dat into C:\Users\chahj\Documents/ldraw\parts\s\6014s01.dat
[ Info: incorporating geometry from C:\Users\chahj\Documents\ldraw\p\1-4cyli.dat into C:\Users\chahj\Documents/ldraw\parts\s\6014s01.dat
[ Info: incorporating geometry from C:\Users\chahj\Documents\ldraw\p\1-4cyli.dat into C:\Users\chahj\Documents/ldraw\parts\s\6014s01.dat
[ Info: incorporating geometry from C:\Users\chahj\Documents\ldraw\p\4-4edge.dat into C:\Users\chahj\Documents/ldraw\parts\s\6014s01.dat
[ Info: incorporating geometry from C:\Users\chahj\Documents\ldraw\p\4-4cylo.dat into C:\Users\chahj\Documents/ldraw\parts\s\6014s01.dat
[ Info: incorporating geometry from C:\Users\chahj\Documents\ldraw\p\4-4cylo.dat into C:\Users\chahj\Documents/ldraw\parts\s\6014s01.dat
[ Info: incorporating geometry from C:\Users\chahj\Documents\ldraw\p\4-4cyli.dat into C:\Users\chahj\Documents/ldraw\parts\s\6014s01.dat
[ Info: incorporating geometry from C:\Users\chahj\Documents\ldraw\p\3-8cyli.dat into C:\Users\chahj\Documents/ldraw\parts\s\6014s01.dat
[ Info: incorporating geometry from C:\Users\chahj\Documents\ldraw\p\3-8cyli.dat into C:\Users\chahj\Documents/ldraw\parts\s\6014s01.dat
[ Info: incorporating geometry from C:\Users\chahj\Documents\ldraw\p\4-4con5.dat into C:\Users\chahj\Documents/ldraw\parts\s\6014s01.dat
[ Info: incorporating geometry from C:\Users\chahj\Documents\ldraw\p\4-4con12.dat into C:\Users\chahj\Documents/ldraw\parts\s\6014s01.dat
[ Info: incorporating geometry from C:\Users\chahj\Documents\ldraw\p\1-4con5.dat into C:\Users\chahj\Documents/ldraw\parts\s\6014s01.dat
[ Info: incorporating geometry from C:\Users\chahj\Documents\ldraw\p\1-4con5.dat into C:\Users\chahj\Documents/ldraw\parts\s\6014s01.dat
[ Info: incorporating geometry from C:\Users\chahj\Documents\ldraw\p\3-8con12.dat into C:\Users\chahj\Documents/ldraw\parts\s\6014s01.dat
[ Info: incorporating geometry from C:\Users\chahj\Documents\ldraw\p\3-8con12.dat into C:\Users\chahj\Documents/ldraw\parts\s\6014s01.dat
[ Info: incorporating geometry from C:\Users\chahj\Documents\ldraw\p\1-4cyli.dat into C:\Users\chahj\Documents/ldraw\parts\s\6014s01.dat
[ Info: incorporating geometry from C:\Users\chahj\Documents\ldraw\p\1-4cyli.dat into C:\Users\chahj\Documents/ldraw\parts\s\6014s01.dat
[ Info: incorporating geometry from C:\Users\chahj\Documents\ldraw\p\4-4cylo.dat into C:\Users\chahj\Documents/ldraw\parts\s\6014s01.dat
[ Info: incorporating geometry from C:\Users\chahj\Documents\ldraw\p\4-4cylo.dat into C:\Users\chahj\Documents/ldraw\parts\s\6014s01.dat
[ Info: incorporating geometry from C:\Users\chahj\Documents\ldraw\p\4-4ring11.dat into C:\Users\chahj\Documents/ldraw\parts\s\6014s01.dat
[ Info: incorporating geometry from C:\Users\chahj\Documents\ldraw\p\4-4ring12.dat into C:\Users\chahj\Documents/ldraw\parts\s\6014s01.dat
[ Info: incorporating geometry from C:\Users\chahj\Documents\ldraw\p\4-4ring11.dat into C:\Users\chahj\Documents/ldraw\parts\s\6014s01.dat
[ Info: incorporating geometry from C:\Users\chahj\Documents\ldraw\p\4-4ring12.dat into C:\Users\chahj\Documents/ldraw\parts\s\6014s01.dat
[ Info: incorporating geometry from C:\Users\chahj\Documents\ldraw\p\4-4ring9.dat into C:\Users\chahj\Documents/ldraw\parts\s\6014s01.dat
[ Info: incorporating geometry from C:\Users\chahj\Documents\ldraw\p\4-4ring10.dat into C:\Users\chahj\Documents/ldraw\parts\s\6014s01.dat
[ Info: incorporating geometry from C:\Users\chahj\Documents\ldraw\p\4-4ring2.dat into C:\Users\chahj\Documents/ldraw\parts\s\6014s01.dat
[ Info: incorporating geometry from C:\Users\chahj\Documents\ldraw\p\4-4ndis.dat into C:\Users\chahj\Documents/ldraw\parts\s\6014s01.dat
[ Info: incorporating geometry from C:\Users\chahj\Documents\ldraw\p\rect3.dat into C:\Users\chahj\Documents/ldraw\parts\s\6014s01.dat
[ Info: incorporating geometry from C:\Users\chahj\Documents\ldraw\p\rect3.dat into C:\Users\chahj\Documents/ldraw\parts\s\6014s01.dat
[ Info: incorporating geometry from C:\Users\chahj\Documents\ldraw\p\rect3.dat into C:\Users\chahj\Documents/ldraw\parts\s\6014s01.dat
[ Info: incorporating geometry from C:\Users\chahj\Documents\ldraw\p\rect3.dat into C:\Users\chahj\Documents/ldraw\parts\s\6014s01.dat
[ Info: incorporating geometry from C:\Users\chahj\Documents\ldraw\p\st4jfil4.dat into C:\Users\chahj\Documents\ldraw\p\stud4f2w.dat
[ Info: incorporating geometry from C:\Users\chahj\Documents\ldraw\p\st4jfil4.dat into C:\Users\chahj\Documents\ldraw\p\stud4f2w.dat
[ Info: incorporating geometry from C:\Users\chahj\Documents\ldraw\p\4-4edge.dat into C:\Users\chahj\Documents\ldraw\p\stud4f2w.dat
[ Info: incorporating geometry from C:\Users\chahj\Documents\ldraw\p\4-4cyli.dat into C:\Users\chahj\Documents\ldraw\p\stud4f2w.dat
[ Info: incorporating geometry from C:\Users\chahj\Documents\ldraw\p\3-8ring3.dat into C:\Users\chahj\Documents\ldraw\p\stud4f2w.dat
[ Info: incorporating geometry from C:\Users\chahj\Documents\ldraw\p\3-8ring3.dat into C:\Users\chahj\Documents\ldraw\p\stud4f2w.dat
[ Info: incorporating geometry from C:\Users\chahj\Documents\ldraw\p\3-8cylo.dat into C:\Users\chahj\Documents\ldraw\p\stud4f2w.dat
[ Info: incorporating geometry from C:\Users\chahj\Documents\ldraw\p\3-8cylo.dat into C:\Users\chahj\Documents\ldraw\p\stud4f2w.dat
[ Info: incorporating geometry from C:\Users\chahj\Documents/ldraw\parts\s\6014s01.dat into C:\Users\chahj\Documents\ldraw\parts\6014a.dat
[ Info: incorporating geometry from C:\Users\chahj\Documents\ldraw\p\4-4cyli.dat into C:\Users\chahj\Documents\ldraw\parts\6014a.dat
[ Info: incorporating geometry from C:\Users\chahj\Documents\ldraw\p\4-4edge.dat into C:\Users\chahj\Documents\ldraw\parts\6014a.dat
[ Info: incorporating geometry from C:\Users\chahj\Documents\ldraw\p\4-4ring2.dat into C:\Users\chahj\Documents\ldraw\parts\6014a.dat
[ Info: incorporating geometry from C:\Users\chahj\Documents\ldraw\p\4-4cylo.dat into C:\Users\chahj\Documents\ldraw\parts\87697.dat
[ Info: incorporating geometry from C:\Users\chahj\Documents\ldraw\p\4-4cylo.dat into C:\Users\chahj\Documents\ldraw\parts\87697.dat
[ Info: incorporating geometry from C:\Users\chahj\Documents\ldraw\p\4-4cylo.dat into C:\Users\chahj\Documents\ldraw\parts\87697.dat
[ Info: incorporating geometry from C:\Users\chahj\Documents\ldraw\p\4-4con12.dat into C:\Users\chahj\Documents\ldraw\parts\87697.dat
[ Info: incorporating geometry from C:\Users\chahj\Documents\ldraw\p\4-4con12.dat into C:\Users\chahj\Documents\ldraw\parts\87697.dat
[ Info: incorporating geometry from C:\Users\chahj\Documents\ldraw\p\1-4ndis.dat into C:\Users\chahj\Documents/ldraw\parts\s\6015s02.dat
[ Info: incorporating geometry from C:\Users\chahj\Documents/ldraw\parts\s\6015s02.dat into C:\Users\chahj\Documents\ldraw\parts\87697.dat
[ Info: incorporating geometry from C:\Users\chahj\Documents/ldraw\parts\s\6015s02.dat into C:\Users\chahj\Documents\ldraw\parts\87697.dat
[ Info: incorporating geometry from C:\Users\chahj\Documents/ldraw\parts\s\6015s02.dat into C:\Users\chahj\Documents\ldraw\parts\87697.dat
[ Info: incorporating geometry from C:\Users\chahj\Documents/ldraw\parts\s\6015s02.dat into C:\Users\chahj\Documents\ldraw\parts\87697.dat
[ Info: incorporating geometry from C:\Users\chahj\Documents/ldraw\parts\s\6015s02.dat into C:\Users\chahj\Documents\ldraw\parts\87697.dat
[ Info: incorporating geometry from C:\Users\chahj\Documents/ldraw\parts\s\6015s02.dat into C:\Users\chahj\Documents\ldraw\parts\87697.dat
[ Info: incorporating geometry from C:\Users\chahj\Documents/ldraw\parts\s\6015s02.dat into C:\Users\chahj\Documents\ldraw\parts\87697.dat
[ Info: incorporating geometry from C:\Users\chahj\Documents/ldraw\parts\s\6015s02.dat into C:\Users\chahj\Documents\ldraw\parts\87697.dat
[ Info: incorporating geometry from C:\Users\chahj\Documents/ldraw\parts\s\87697s01.dat into C:\Users\chahj\Documents\ldraw\parts\87697.dat
[ Info: incorporating geometry from C:\Users\chahj\Documents/ldraw\parts\s\87697s01.dat into C:\Users\chahj\Documents\ldraw\parts\87697.dat
[ Info: incorporating geometry from C:\Users\chahj\Documents/ldraw\parts\s\87697s01.dat into C:\Users\chahj\Documents\ldraw\parts\87697.dat
[ Info: incorporating geometry from C:\Users\chahj\Documents/ldraw\parts\s\87697s01.dat into C:\Users\chahj\Documents\ldraw\parts\87697.dat
[ Info: incorporating geometry from C:\Users\chahj\Documents/ldraw\parts\s\87697s01.dat into C:\Users\chahj\Documents\ldraw\parts\87697.dat
[ Info: incorporating geometry from C:\Users\chahj\Documents/ldraw\parts\s\87697s01.dat into C:\Users\chahj\Documents\ldraw\parts\87697.dat
[ Info: incorporating geometry from C:\Users\chahj\Documents/ldraw\parts\s\87697s01.dat into C:\Users\chahj\Documents\ldraw\parts\87697.dat
[ Info: incorporating geometry from C:\Users\chahj\Documents/ldraw\parts\s\87697s01.dat into C:\Users\chahj\Documents\ldraw\parts\87697.dat
[ Info: incorporating geometry from C:\Users\chahj\Documents/ldraw\parts\s\87697s01.dat into C:\Users\chahj\Documents\ldraw\parts\87697.dat
[ Info: incorporating geometry from C:\Users\chahj\Documents/ldraw\parts\s\87697s01.dat into C:\Users\chahj\Documents\ldraw\parts\87697.dat
[ Info: incorporating geometry from C:\Users\chahj\Documents/ldraw\parts\s\87697s01.dat into C:\Users\chahj\Documents\ldraw\parts\87697.dat
[ Info: incorporating geometry from C:\Users\chahj\Documents/ldraw\parts\s\87697s01.dat into C:\Users\chahj\Documents\ldraw\parts\87697.dat
[ Info: incorporating geometry from C:\Users\chahj\Documents/ldraw\parts\s\87697s01.dat into C:\Users\chahj\Documents\ldraw\parts\87697.dat
[ Info: incorporating geometry from C:\Users\chahj\Documents/ldraw\parts\s\87697s01.dat into C:\Users\chahj\Documents\ldraw\parts\87697.dat
[ Info: incorporating geometry from C:\Users\chahj\Documents/ldraw\parts\s\87697s01.dat into C:\Users\chahj\Documents\ldraw\parts\87697.dat
[ Info: incorporating geometry from C:\Users\chahj\Documents/ldraw\parts\s\87697s01.dat into C:\Users\chahj\Documents\ldraw\parts\87697.dat
[ Info: incorporating geometry from C:\Users\chahj\Documents/ldraw\parts\s\87697s01.dat into C:\Users\chahj\Documents\ldraw\parts\87697.dat
[ Info: incorporating geometry from C:\Users\chahj\Documents/ldraw\parts\s\87697s01.dat into C:\Users\chahj\Documents\ldraw\parts\87697.dat
[ Info: incorporating geometry from C:\Users\chahj\Documents/ldraw\parts\s\87697s01.dat into C:\Users\chahj\Documents\ldraw\parts\87697.dat
[ Info: incorporating geometry from C:\Users\chahj\Documents/ldraw\parts\s\87697s01.dat into C:\Users\chahj\Documents\ldraw\parts\87697.dat
[ Info: incorporating geometry from C:\Users\chahj\Documents/ldraw\parts\s\87697s01.dat into C:\Users\chahj\Documents\ldraw\parts\87697.dat
[ Info: incorporating geometry from C:\Users\chahj\Documents/ldraw\parts\s\87697s01.dat into C:\Users\chahj\Documents\ldraw\parts\87697.dat
[ Info: incorporating geometry from C:\Users\chahj\Documents/ldraw\parts\s\87697s01.dat into C:\Users\chahj\Documents\ldraw\parts\87697.dat
[ Info: incorporating geometry from C:\Users\chahj\Documents/ldraw\parts\s\87697s01.dat into C:\Users\chahj\Documents\ldraw\parts\87697.dat
[ Info: incorporating geometry from C:\Users\chahj\Documents/ldraw\parts\s\87697s01.dat into C:\Users\chahj\Documents\ldraw\parts\87697.dat
[ Info: incorporating geometry from C:\Users\chahj\Documents/ldraw\parts\s\87697s01.dat into C:\Users\chahj\Documents\ldraw\parts\87697.dat
[ Info: incorporating geometry from C:\Users\chahj\Documents/ldraw\parts\s\87697s01.dat into C:\Users\chahj\Documents\ldraw\parts\87697.dat
[ Info: incorporating geometry from C:\Users\chahj\Documents/ldraw\parts\s\87697s01.dat into C:\Users\chahj\Documents\ldraw\parts\87697.dat
[ Info: incorporating geometry from C:\Users\chahj\Documents/ldraw\parts\s\87697s01.dat into C:\Users\chahj\Documents\ldraw\parts\87697.dat
[ Info: incorporating geometry from C:\Users\chahj\Documents/ldraw\parts\s\87697s01.dat into C:\Users\chahj\Documents\ldraw\parts\87697.dat
[ Info: incorporating geometry from C:\Users\chahj\Documents/ldraw\parts\s\87697s01.dat into C:\Users\chahj\Documents\ldraw\parts\87697.dat
[ Info: incorporating geometry from C:\Users\chahj\Documents/ldraw\parts\s\87697s01.dat into C:\Users\chahj\Documents\ldraw\parts\87697.dat
[ Info: incorporating geometry from C:\Users\chahj\Documents/ldraw\parts\s\87697s01.dat into C:\Users\chahj\Documents\ldraw\parts\87697.dat
[ Info: incorporating geometry from C:\Users\chahj\Documents/ldraw\parts\s\87697s01.dat into C:\Users\chahj\Documents\ldraw\parts\87697.dat
[ Info: incorporating geometry from C:\Users\chahj\Documents/ldraw\parts\s\87697s01.dat into C:\Users\chahj\Documents\ldraw\parts\87697.dat
[ Info: incorporating geometry from C:\Users\chahj\Documents/ldraw\parts\s\87697s01.dat into C:\Users\chahj\Documents\ldraw\parts\87697.dat
[ Info: incorporating geometry from C:\Users\chahj\Documents\ldraw\p\rect3.dat into C:\Users\chahj\Documents/ldraw\parts\s\87414s01.dat
[ Info: incorporating geometry from C:\Users\chahj\Documents\ldraw\p\rect.dat into C:\Users\chahj\Documents/ldraw\parts\s\87414s01.dat
[ Info: incorporating geometry from C:\Users\chahj\Documents\ldraw\p\rect3.dat into C:\Users\chahj\Documents/ldraw\parts\s\87414s01.dat
[ Info: incorporating geometry from C:\Users\chahj\Documents\ldraw\p\rect2a.dat into C:\Users\chahj\Documents/ldraw\parts\s\87414s01.dat
[ Info: incorporating geometry from C:\Users\chahj\Documents/ldraw\parts\s\87414s01.dat into C:\Users\chahj\Documents\ldraw\parts\87414.dat
[ Info: incorporating geometry from C:\Users\chahj\Documents/ldraw\parts\s\87414s01.dat into C:\Users\chahj\Documents\ldraw\parts\87414.dat
[ Info: incorporating geometry from C:\Users\chahj\Documents/ldraw\parts\s\87414s01.dat into C:\Users\chahj\Documents\ldraw\parts\87414.dat
[ Info: incorporating geometry from C:\Users\chahj\Documents/ldraw\parts\s\87414s01.dat into C:\Users\chahj\Documents\ldraw\parts\87414.dat
[ Info: incorporating geometry from C:\Users\chahj\Documents/ldraw\parts\s\87414s01.dat into C:\Users\chahj\Documents\ldraw\parts\87414.dat
[ Info: incorporating geometry from C:\Users\chahj\Documents/ldraw\parts\s\87414s01.dat into C:\Users\chahj\Documents\ldraw\parts\87414.dat
[ Info: incorporating geometry from C:\Users\chahj\Documents/ldraw\parts\s\87414s01.dat into C:\Users\chahj\Documents\ldraw\parts\87414.dat
[ Info: incorporating geometry from C:\Users\chahj\Documents/ldraw\parts\s\87414s01.dat into C:\Users\chahj\Documents\ldraw\parts\87414.dat
[ Info: incorporating geometry from C:\Users\chahj\Documents/ldraw\parts\s\87414s01.dat into C:\Users\chahj\Documents\ldraw\parts\87414.dat
[ Info: incorporating geometry from C:\Users\chahj\Documents/ldraw\parts\s\87414s01.dat into C:\Users\chahj\Documents\ldraw\parts\87414.dat
[ Info: incorporating geometry from C:\Users\chahj\Documents/ldraw\parts\s\87414s01.dat into C:\Users\chahj\Documents\ldraw\parts\87414.dat
[ Info: incorporating geometry from C:\Users\chahj\Documents/ldraw\parts\s\87414s01.dat into C:\Users\chahj\Documents\ldraw\parts\87414.dat
[ Info: incorporating geometry from C:\Users\chahj\Documents/ldraw\parts\s\87414s01.dat into C:\Users\chahj\Documents\ldraw\parts\87414.dat
[ Info: incorporating geometry from C:\Users\chahj\Documents/ldraw\parts\s\87414s01.dat into C:\Users\chahj\Documents\ldraw\parts\87414.dat
[ Info: incorporating geometry from C:\Users\chahj\Documents/ldraw\parts\s\87414s01.dat into C:\Users\chahj\Documents\ldraw\parts\87414.dat
[ Info: incorporating geometry from C:\Users\chahj\Documents/ldraw\parts\s\87414s01.dat into C:\Users\chahj\Documents\ldraw\parts\87414.dat
[ Info: incorporating geometry from C:\Users\chahj\Documents\ldraw\p\4-4cylo.dat into C:\Users\chahj\Documents\ldraw\parts\87414.dat
[ Info: incorporating geometry from C:\Users\chahj\Documents\ldraw\p\4-4cylo.dat into C:\Users\chahj\Documents\ldraw\parts\87414.dat
[ Info: incorporating geometry from C:\Users\chahj\Documents\ldraw\p\4-4cylo.dat into C:\Users\chahj\Documents\ldraw\parts\87414.dat
[ Info: incorporating geometry from C:\Users\chahj\Documents\ldraw\p\4-4con7.dat into C:\Users\chahj\Documents\ldraw\parts\87414.dat
[ Info: incorporating geometry from C:\Users\chahj\Documents\ldraw\p\4-4cylo.dat into C:\Users\chahj\Documents\ldraw\parts\87414.dat
[ Info: incorporating geometry from C:\Users\chahj\Documents\ldraw\p\4-4con7.dat into C:\Users\chahj\Documents\ldraw\parts\87414.dat
[ Info: incorporating geometry from C:\Users\chahj\Documents\ldraw\p\4-4cylo.dat into C:\Users\chahj\Documents\ldraw\parts\87414.dat
[ Info: incorporating geometry from C:\Users\chahj\Documents\ldraw\p\4-4ring16.dat into C:\Users\chahj\Documents\ldraw\parts\87414.dat
[ Info: incorporating geometry from C:\Users\chahj\Documents\ldraw\p\4-4ring16.dat into C:\Users\chahj\Documents\ldraw\parts\87414.dat
[ Info: incorporating geometry from C:\Users\chahj\Documents/ldraw\parts\s\3023bs01.dat into C:\Users\chahj\Documents\ldraw\parts\3023b.dat
[ Info: incorporating geometry from C:\Users\chahj\Documents\ldraw\parts\3023b.dat into C:\Users\chahj\Documents\ldraw\parts\3023.dat
[ Info: incorporating geometry from C:\Users\chahj\Documents\ldraw\p\stud4.dat into C:\Users\chahj\Documents\ldraw\parts\3021.dat
[ Info: incorporating geometry from C:\Users\chahj\Documents\ldraw\p\stud4.dat into C:\Users\chahj\Documents\ldraw\parts\3021.dat
[ Info: incorporating geometry from C:\Users\chahj\Documents\ldraw\p\box5.dat into C:\Users\chahj\Documents\ldraw\parts\3021.dat
[ Info: incorporating geometry from C:\Users\chahj\Documents\ldraw\p\box5.dat into C:\Users\chahj\Documents\ldraw\parts\3021.dat
[ Info: incorporating geometry from C:\Users\chahj\Documents\ldraw\p\stud.dat into C:\Users\chahj\Documents\ldraw\parts\3021.dat
[ Info: incorporating geometry from C:\Users\chahj\Documents\ldraw\p\stud.dat into C:\Users\chahj\Documents\ldraw\parts\3021.dat
[ Info: incorporating geometry from C:\Users\chahj\Documents\ldraw\p\stud.dat into C:\Users\chahj\Documents\ldraw\parts\3021.dat
[ Info: incorporating geometry from C:\Users\chahj\Documents\ldraw\p\stud.dat into C:\Users\chahj\Documents\ldraw\parts\3021.dat
[ Info: incorporating geometry from C:\Users\chahj\Documents\ldraw\p\stud.dat into C:\Users\chahj\Documents\ldraw\parts\3021.dat
[ Info: incorporating geometry from C:\Users\chahj\Documents\ldraw\p\stud.dat into C:\Users\chahj\Documents\ldraw\parts\3021.dat
[ Info: incorporating geometry from C:\Users\chahj\Documents\ldraw\p\stud4f2w.dat into C:\Users\chahj\Documents\ldraw\parts\4600.dat
[ Info: incorporating geometry from C:\Users\chahj\Documents\ldraw\p\4-4edge.dat into C:\Users\chahj\Documents\ldraw\parts\4600.dat
[ Info: incorporating geometry from C:\Users\chahj\Documents\ldraw\p\box3u8p.dat into C:\Users\chahj\Documents\ldraw\parts\4600.dat
[ Info: incorporating geometry from C:\Users\chahj\Documents\ldraw\p\box3u8p.dat into C:\Users\chahj\Documents\ldraw\parts\4600.dat
[ Info: incorporating geometry from C:\Users\chahj\Documents\ldraw\p\box3u2p.dat into C:\Users\chahj\Documents\ldraw\parts\4600.dat
[ Info: incorporating geometry from C:\Users\chahj\Documents\ldraw\p\rect2a.dat into C:\Users\chahj\Documents\ldraw\parts\4600.dat
[ Info: incorporating geometry from C:\Users\chahj\Documents\ldraw\p\rect2a.dat into C:\Users\chahj\Documents\ldraw\parts\4600.dat
[ Info: incorporating geometry from C:\Users\chahj\Documents\ldraw\p\rect2a.dat into C:\Users\chahj\Documents\ldraw\parts\4600.dat
[ Info: incorporating geometry from C:\Users\chahj\Documents\ldraw\p\rect2a.dat into C:\Users\chahj\Documents\ldraw\parts\4600.dat
[ Info: incorporating geometry from C:\Users\chahj\Documents\ldraw\p\box5-4a.dat into C:\Users\chahj\Documents\ldraw\parts\4600.dat
[ Info: incorporating geometry from C:\Users\chahj\Documents\ldraw\p\wpin2.dat into C:\Users\chahj\Documents\ldraw\parts\4600.dat
[ Info: incorporating geometry from C:\Users\chahj\Documents\ldraw\p\wpin2.dat into C:\Users\chahj\Documents\ldraw\parts\4600.dat
[ Info: incorporating geometry from C:\Users\chahj\Documents\ldraw\p\stud.dat into C:\Users\chahj\Documents\ldraw\p\stug-2x2.dat
[ Info: incorporating geometry from C:\Users\chahj\Documents\ldraw\p\stud.dat into C:\Users\chahj\Documents\ldraw\p\stug-2x2.dat
[ Info: incorporating geometry from C:\Users\chahj\Documents\ldraw\p\stud.dat into C:\Users\chahj\Documents\ldraw\p\stug-2x2.dat
[ Info: incorporating geometry from C:\Users\chahj\Documents\ldraw\p\stud.dat into C:\Users\chahj\Documents\ldraw\p\stug-2x2.dat
[ Info: incorporating geometry from C:\Users\chahj\Documents\ldraw\p\stug-2x2.dat into C:\Users\chahj\Documents\ldraw\parts\4600.dat
[ Info: incorporating geometry from C:\Users\chahj\Documents\ldraw\parts\6014a.dat into C:\Users\chahj\Documents\ldraw\parts\6014.dat
[ Info: incorporating geometry from C:\Users\chahj\Documents\ldraw\parts\3039.dat into C:\Users\chahj\Documents\ldraw\parts\6227.dat
[ Info: incorporating geometry from C:\Users\chahj\Documents\ldraw\parts\3021.dat into C:\Users\chahj\Documents\ldraw\parts\3021.dat
[ Info: incorporating geometry from C:\Users\chahj\Documents\ldraw\parts\3001.dat into C:\Users\chahj\Documents\ldraw\parts\3001.dat
[ Info: incorporating geometry from rear_axle.ldr into rear_axle.ldr
[ Info: incorporating geometry from rear_wheel_and_tire.ldr into rear_wheel_and_tire.ldr
[ Info: incorporating geometry from front_wheel_and_tire.ldr into front_wheel_and_tire.ldr
[ Info: incorporating geometry from C:\Users\chahj\Documents\ldraw\parts\4600.dat into C:\Users\chahj\Documents\ldraw\parts\4600.dat
[ Info: incorporating geometry from C:\Users\chahj\Documents\ldraw\parts\3004.dat into C:\Users\chahj\Documents\ldraw\parts\3004.dat
[ Info: incorporating geometry from C:\Users\chahj\Documents\ldraw\parts\87697.dat into C:\Users\chahj\Documents\ldraw\parts\87697.dat
[ Info: incorporating geometry from C:\Users\chahj\Documents\ldraw\parts\3062b.dat into C:\Users\chahj\Documents\ldraw\parts\3062b.dat
[ Info: incorporating geometry from C:\Users\chahj\Documents\ldraw\parts\4624.dat into C:\Users\chahj\Documents\ldraw\parts\4624.dat
[ Info: incorporating geometry from C:\Users\chahj\Documents\ldraw\parts\87414.dat into C:\Users\chahj\Documents\ldraw\parts\87414.dat
[ Info: incorporating geometry from chassis.ldr into chassis.ldr
[ Info: incorporating geometry from C:\Users\chahj\Documents\ldraw\parts\3022.dat into C:\Users\chahj\Documents\ldraw\parts\3022.dat
[ Info: incorporating geometry from C:\Users\chahj\Documents\ldraw\parts\6014.dat into C:\Users\chahj\Documents\ldraw\parts\6014.dat
[ Info: incorporating geometry from front_axle.ldr into front_axle.ldr
[ Info: incorporating geometry from C:\Users\chahj\Documents\ldraw\parts\6227.dat into C:\Users\chahj\Documents\ldraw\parts\6227.dat
[ Info: incorporating geometry from C:\Users\chahj\Documents\ldraw\parts\3023.dat into C:\Users\chahj\Documents\ldraw\parts\3023.dat
[ Info: incorporating geometry from C:\Users\chahj\Documents\ldraw\p\4-4con4.dat into C:\Users\chahj\Documents\ldraw\p\4-4con4.dat
[ Info: incorporating geometry from C:\Users\chahj\Documents/ldraw\p\8\1-4cyls.dat into C:\Users\chahj\Documents/ldraw\p\8\1-4cyls.dat
[ Info: incorporating geometry from C:\Users\chahj\Documents\ldraw\p\1-16con16.dat into C:\Users\chahj\Documents\ldraw\p\1-16con16.dat
[ Info: incorporating geometry from C:\Users\chahj\Documents\ldraw\p\1-8cyli.dat into C:\Users\chahj\Documents\ldraw\p\1-8cyli.dat
[ Info: incorporating geometry from C:\Users\chahj\Documents\ldraw\p\1-8chrd.dat into C:\Users\chahj\Documents\ldraw\p\1-8chrd.dat
[ Info: incorporating geometry from C:\Users\chahj\Documents/ldraw\parts\s\3004s01.dat into C:\Users\chahj\Documents/ldraw\parts\s\3004s01.dat
[ Info: incorporating geometry from C:\Users\chahj\Documents\ldraw\p\1-8disc.dat into C:\Users\chahj\Documents\ldraw\p\1-8disc.dat
[ Info: incorporating geometry from C:\Users\chahj\Documents\ldraw\p\4-4ring11.dat into C:\Users\chahj\Documents\ldraw\p\4-4ring11.dat
[ Info: incorporating geometry from C:\Users\chahj\Documents\ldraw\p\1-16con3.dat into C:\Users\chahj\Documents\ldraw\p\1-16con3.dat
[ Info: incorporating geometry from C:\Users\chahj\Documents\ldraw\p\4-4ring10.dat into C:\Users\chahj\Documents\ldraw\p\4-4ring10.dat
[ Info: incorporating geometry from C:\Users\chahj\Documents/ldraw\parts\s\3001s01.dat into C:\Users\chahj\Documents/ldraw\parts\s\3001s01.dat
[ Info: incorporating geometry from C:\Users\chahj\Documents\ldraw\p\1-4ring3.dat into C:\Users\chahj\Documents\ldraw\p\1-4ring3.dat
[ Info: incorporating geometry from C:\Users\chahj\Documents\ldraw\p\box3u8p.dat into C:\Users\chahj\Documents\ldraw\p\box3u8p.dat
[ Info: incorporating geometry from C:\Users\chahj\Documents\ldraw\p\stud.dat into C:\Users\chahj\Documents\ldraw\p\stud.dat
[ Info: incorporating geometry from C:\Users\chahj\Documents\ldraw\p\box3u4a.dat into C:\Users\chahj\Documents\ldraw\p\box3u4a.dat
[ Info: incorporating geometry from C:\Users\chahj\Documents/ldraw\parts\s\3062bs01.dat into C:\Users\chahj\Documents/ldraw\parts\s\3062bs01.dat
[ Info: incorporating geometry from C:\Users\chahj\Documents\ldraw\p\1-4ndis.dat into C:\Users\chahj\Documents\ldraw\p\1-4ndis.dat
[ Info: incorporating geometry from C:\Users\chahj\Documents\ldraw\p\1-16cylo.dat into C:\Users\chahj\Documents\ldraw\p\1-16cylo.dat
[ Info: incorporating geometry from C:\Users\chahj\Documents\ldraw\p\st4jfil4.dat into C:\Users\chahj\Documents\ldraw\p\st4jfil4.dat
[ Info: incorporating geometry from C:\Users\chahj\Documents\ldraw\p\1-4chrd.dat into C:\Users\chahj\Documents\ldraw\p\1-4chrd.dat
[ Info: incorporating geometry from C:\Users\chahj\Documents\ldraw\p\empty.dat into C:\Users\chahj\Documents\ldraw\p\empty.dat
[ Info: incorporating geometry from C:\Users\chahj\Documents\ldraw\p\wpin2.dat into C:\Users\chahj\Documents\ldraw\p\wpin2.dat
[ Info: incorporating geometry from C:\Users\chahj\Documents/ldraw\parts\s\3023bs01.dat into C:\Users\chahj\Documents/ldraw\parts\s\3023bs01.dat
[ Info: incorporating geometry from C:\Users\chahj\Documents\ldraw\p\3-8ring3.dat into C:\Users\chahj\Documents\ldraw\p\3-8ring3.dat
[ Info: incorporating geometry from C:\Users\chahj\Documents\ldraw\p\1-8ring4.dat into C:\Users\chahj\Documents\ldraw\p\1-8ring4.dat
[ Info: incorporating geometry from C:\Users\chahj\Documents\ldraw\p\4-4ndis.dat into C:\Users\chahj\Documents\ldraw\p\4-4ndis.dat
[ Info: incorporating geometry from C:\Users\chahj\Documents\ldraw\p\2-4ndis.dat into C:\Users\chahj\Documents\ldraw\p\2-4ndis.dat
[ Info: incorporating geometry from C:\Users\chahj\Documents\ldraw\p\1-8cylo.dat into C:\Users\chahj\Documents\ldraw\p\1-8cylo.dat
[ Info: incorporating geometry from C:\Users\chahj\Documents\ldraw\p\1-8con4.dat into C:\Users\chahj\Documents\ldraw\p\1-8con4.dat
[ Info: incorporating geometry from C:\Users\chahj\Documents\ldraw\p\4-4ring4.dat into C:\Users\chahj\Documents\ldraw\p\4-4ring4.dat
[ Info: incorporating geometry from C:\Users\chahj\Documents\ldraw\p\3-8chrd.dat into C:\Users\chahj\Documents\ldraw\p\3-8chrd.dat
[ Info: incorporating geometry from C:\Users\chahj\Documents\ldraw\p\4-4edge.dat into C:\Users\chahj\Documents\ldraw\p\4-4edge.dat
[ Info: incorporating geometry from C:\Users\chahj\Documents\ldraw\p\wpin.dat into C:\Users\chahj\Documents\ldraw\p\wpin.dat
[ Info: incorporating geometry from C:\Users\chahj\Documents\ldraw\parts\3039.dat into C:\Users\chahj\Documents\ldraw\parts\3039.dat
[ Info: incorporating geometry from C:\Users\chahj\Documents\ldraw\p\4-4ring16.dat into C:\Users\chahj\Documents\ldraw\p\4-4ring16.dat
[ Info: incorporating geometry from C:\Users\chahj\Documents/ldraw\p\8\1-4edge.dat into C:\Users\chahj\Documents/ldraw\p\8\1-4edge.dat
[ Info: incorporating geometry from C:\Users\chahj\Documents\ldraw\p\4-4cylo.dat into C:\Users\chahj\Documents\ldraw\p\4-4cylo.dat
[ Info: incorporating geometry from C:\Users\chahj\Documents/ldraw\parts\s\87697s01.dat into C:\Users\chahj\Documents/ldraw\parts\s\87697s01.dat
[ Info: incorporating geometry from C:\Users\chahj\Documents\ldraw\p\rect1.dat into C:\Users\chahj\Documents\ldraw\p\rect1.dat
[ Info: incorporating geometry from C:\Users\chahj\Documents\ldraw\p\4-4ring12.dat into C:\Users\chahj\Documents\ldraw\p\4-4ring12.dat
[ Info: incorporating geometry from C:\Users\chahj\Documents/ldraw\parts\s\6014s01.dat into C:\Users\chahj\Documents/ldraw\parts\s\6014s01.dat
[ Info: incorporating geometry from C:\Users\chahj\Documents\ldraw\p\4-4con12.dat into C:\Users\chahj\Documents\ldraw\p\4-4con12.dat
[ Info: incorporating geometry from C:\Users\chahj\Documents\ldraw\p\stud4f2w.dat into C:\Users\chahj\Documents\ldraw\p\stud4f2w.dat
[ Info: incorporating geometry from C:\Users\chahj\Documents\ldraw\p\4-4ring3.dat into C:\Users\chahj\Documents\ldraw\p\4-4ring3.dat
[ Info: incorporating geometry from C:\Users\chahj\Documents\ldraw\p\1-4cyli.dat into C:\Users\chahj\Documents\ldraw\p\1-4cyli.dat
[ Info: incorporating geometry from C:\Users\chahj\Documents\ldraw\p\2-4chrd.dat into C:\Users\chahj\Documents\ldraw\p\2-4chrd.dat
[ Info: incorporating geometry from C:\Users\chahj\Documents\ldraw\p\4-4disc.dat into C:\Users\chahj\Documents\ldraw\p\4-4disc.dat
[ Info: incorporating geometry from C:\Users\chahj\Documents\ldraw\p\4-4ring2.dat into C:\Users\chahj\Documents\ldraw\p\4-4ring2.dat
[ Info: incorporating geometry from C:\Users\chahj\Documents\ldraw\parts\6014a.dat into C:\Users\chahj\Documents\ldraw\parts\6014a.dat
[ Info: incorporating geometry from C:\Users\chahj\Documents\ldraw\p\1-16ring2.dat into C:\Users\chahj\Documents\ldraw\p\1-16ring2.dat
[ Info: incorporating geometry from C:\Users\chahj\Documents\ldraw\p\1-4con5.dat into C:\Users\chahj\Documents\ldraw\p\1-4con5.dat
[ Info: incorporating geometry from C:\Users\chahj\Documents\ldraw\p\3-8con12.dat into C:\Users\chahj\Documents\ldraw\p\3-8con12.dat
[ Info: incorporating geometry from C:\Users\chahj\Documents\ldraw\p\4-4con7.dat into C:\Users\chahj\Documents\ldraw\p\4-4con7.dat
[ Info: incorporating geometry from C:\Users\chahj\Documents\ldraw\p\1-16tndis.dat into C:\Users\chahj\Documents\ldraw\p\1-16tndis.dat
[ Info: incorporating geometry from C:\Users\chahj\Documents\ldraw\p\3-8cylo.dat into C:\Users\chahj\Documents\ldraw\p\3-8cylo.dat
[ Info: incorporating geometry from C:\Users\chahj\Documents\ldraw\p\box5-4a.dat into C:\Users\chahj\Documents\ldraw\p\box5-4a.dat
[ Info: incorporating geometry from C:\Users\chahj\Documents\ldraw\p\1-4edge.dat into C:\Users\chahj\Documents\ldraw\p\1-4edge.dat
[ Info: incorporating geometry from C:\Users\chahj\Documents/ldraw\parts\s\4624s01.dat into C:\Users\chahj\Documents/ldraw\parts\s\4624s01.dat
[ Info: incorporating geometry from C:\Users\chahj\Documents\ldraw\p\3-8edge.dat into C:\Users\chahj\Documents\ldraw\p\3-8edge.dat
[ Info: incorporating geometry from C:\Users\chahj\Documents\ldraw\p\3-8cyli.dat into C:\Users\chahj\Documents\ldraw\p\3-8cyli.dat
[ Info: incorporating geometry from C:\Users\chahj\Documents/ldraw\parts\s\6015s02.dat into C:\Users\chahj\Documents/ldraw\parts\s\6015s02.dat
[ Info: incorporating geometry from C:\Users\chahj\Documents\ldraw\p\3-8ring12.dat into C:\Users\chahj\Documents\ldraw\p\3-8ring12.dat
[ Info: incorporating geometry from C:\Users\chahj\Documents\ldraw\p\1-16cyli.dat into C:\Users\chahj\Documents\ldraw\p\1-16cyli.dat
[ Info: incorporating geometry from C:\Users\chahj\Documents\ldraw\p\stug-1x2.dat into C:\Users\chahj\Documents\ldraw\p\stug-1x2.dat
[ Info: incorporating geometry from C:\Users\chahj\Documents\ldraw\p\2-4edge.dat into C:\Users\chahj\Documents\ldraw\p\2-4edge.dat
[ Info: incorporating geometry from C:\Users\chahj\Documents\ldraw\p\box4-4a.dat into C:\Users\chahj\Documents\ldraw\p\box4-4a.dat
[ Info: incorporating geometry from C:\Users\chahj\Documents\ldraw\p\1-4cylo.dat into C:\Users\chahj\Documents\ldraw\p\1-4cylo.dat
[ Info: incorporating geometry from C:\Users\chahj\Documents/ldraw\p\8\1-4ndis.dat into C:\Users\chahj\Documents/ldraw\p\8\1-4ndis.dat
[ Info: incorporating geometry from C:\Users\chahj\Documents\ldraw\p\box5.dat into C:\Users\chahj\Documents\ldraw\p\box5.dat
[ Info: incorporating geometry from C:\Users\chahj\Documents\ldraw\p\1-16chrd.dat into C:\Users\chahj\Documents\ldraw\p\1-16chrd.dat
[ Info: incorporating geometry from C:\Users\chahj\Documents\ldraw\p\rect2a.dat into C:\Users\chahj\Documents\ldraw\p\rect2a.dat
[ Info: incorporating geometry from C:\Users\chahj\Documents\ldraw\p\4-4con5.dat into C:\Users\chahj\Documents\ldraw\p\4-4con5.dat
[ Info: incorporating geometry from C:\Users\chahj\Documents\ldraw\p\1-16edge.dat into C:\Users\chahj\Documents\ldraw\p\1-16edge.dat
[ Info: incorporating geometry from C:\Users\chahj\Documents\ldraw\p\4-4cyli.dat into C:\Users\chahj\Documents\ldraw\p\4-4cyli.dat
[ Info: incorporating geometry from C:\Users\chahj\Documents/ldraw\parts\s\87414s01.dat into C:\Users\chahj\Documents/ldraw\parts\s\87414s01.dat
[ Info: incorporating geometry from C:\Users\chahj\Documents\ldraw\p\stud2a.dat into C:\Users\chahj\Documents\ldraw\p\stud2a.dat
[ Info: incorporating geometry from C:\Users\chahj\Documents\ldraw\p\1-4ring4.dat into C:\Users\chahj\Documents\ldraw\p\1-4ring4.dat
[ Info: incorporating geometry from C:\Users\chahj\Documents\ldraw\p\1-8ring17.dat into C:\Users\chahj\Documents\ldraw\p\1-8ring17.dat
[ Info: incorporating geometry from C:\Users\chahj\Documents\ldraw\p\wpin2a.dat into C:\Users\chahj\Documents\ldraw\p\wpin2a.dat
[ Info: incorporating geometry from C:\Users\chahj\Documents\ldraw\p\stud4a.dat into C:\Users\chahj\Documents\ldraw\p\stud4a.dat
[ Info: incorporating geometry from C:\Users\chahj\Documents\ldraw\p\2-4cyli.dat into C:\Users\chahj\Documents\ldraw\p\2-4cyli.dat
[ Info: incorporating geometry from C:\Users\chahj\Documents\ldraw\p\4-4ring9.dat into C:\Users\chahj\Documents\ldraw\p\4-4ring9.dat
[ Info: incorporating geometry from C:\Users\chahj\Documents\ldraw\p\4-4con10.dat into C:\Users\chahj\Documents\ldraw\p\4-4con10.dat
[ Info: incorporating geometry from C:\Users\chahj\Documents\ldraw\p\stud3.dat into C:\Users\chahj\Documents\ldraw\p\stud3.dat
[ Info: incorporating geometry from C:\Users\chahj\Documents/ldraw\parts\s\3039s01.dat into C:\Users\chahj\Documents/ldraw\parts\s\3039s01.dat
[ Info: incorporating geometry from C:\Users\chahj\Documents\ldraw\p\1-8ring3.dat into C:\Users\chahj\Documents\ldraw\p\1-8ring3.dat
[ Info: incorporating geometry from C:\Users\chahj\Documents\ldraw\p\1-8ring9.dat into C:\Users\chahj\Documents\ldraw\p\1-8ring9.dat
[ Info: incorporating geometry from C:\Users\chahj\Documents\ldraw\p\box3u2p.dat into C:\Users\chahj\Documents\ldraw\p\box3u2p.dat
[ Info: incorporating geometry from C:\Users\chahj\Documents\ldraw\p\stug-2x2.dat into C:\Users\chahj\Documents\ldraw\p\stug-2x2.dat
[ Info: incorporating geometry from C:\Users\chahj\Documents\ldraw\p\1-8edge.dat into C:\Users\chahj\Documents\ldraw\p\1-8edge.dat
[ Info: incorporating geometry from C:\Users\chahj\Documents\ldraw\p\stud4od.dat into C:\Users\chahj\Documents\ldraw\p\stud4od.dat
[ Info: incorporating geometry from C:\Users\chahj\Documents\ldraw\p\1-4cyls.dat into C:\Users\chahj\Documents\ldraw\p\1-4cyls.dat
[ Info: incorporating geometry from C:\Users\chahj\Documents\ldraw\p\stud4.dat into C:\Users\chahj\Documents\ldraw\p\stud4.dat
[ Info: incorporating geometry from C:\Users\chahj\Documents/ldraw\p\8\1-4cyli.dat into C:\Users\chahj\Documents/ldraw\p\8\1-4cyli.dat
[ Info: incorporating geometry from C:\Users\chahj\Documents\ldraw\parts\3023b.dat into C:\Users\chahj\Documents\ldraw\parts\3023b.dat
[ Info: incorporating geometry from C:\Users\chahj\Documents\ldraw\p\rect2p.dat into C:\Users\chahj\Documents\ldraw\p\rect2p.dat
[ Info: incorporating geometry from C:\Users\chahj\Documents\ldraw\p\rect3.dat into C:\Users\chahj\Documents\ldraw\p\rect3.dat
[ Info: incorporating geometry from C:\Users\chahj\Documents\ldraw\p\box4t.dat into C:\Users\chahj\Documents\ldraw\p\box4t.dat
[ Info: incorporating geometry from C:\Users\chahj\Documents\ldraw\p\rect.dat into C:\Users\chahj\Documents\ldraw\p\rect.dat
[ Info: SUB FILE PART: C:\Users\chahj\Documents\ldraw\parts\3023.dat-1
[ Info: Attaching full_assembly.ldr => C:\Users\chahj\Documents\ldraw\parts\3023.dat-1
[ Info: full_assembly.ldr => C:\Users\chahj\Documents\ldraw\parts\3023.dat-1 is true
[ Info: SUB FILE PART: C:\Users\chahj\Documents\ldraw\parts\3023.dat-2
[ Info: Attaching full_assembly.ldr => C:\Users\chahj\Documents\ldraw\parts\3023.dat-2
[ Info: full_assembly.ldr => C:\Users\chahj\Documents\ldraw\parts\3023.dat-2 is true
[ Info: SUB FILE PART: C:\Users\chahj\Documents\ldraw\parts\3062b.dat-1
[ Info: Attaching full_assembly.ldr => C:\Users\chahj\Documents\ldraw\parts\3062b.dat-1
[ Info: full_assembly.ldr => C:\Users\chahj\Documents\ldraw\parts\3062b.dat-1 is true
[ Info: SUB FILE PART: C:\Users\chahj\Documents\ldraw\parts\6227.dat-1
[ Info: Attaching full_assembly.ldr => C:\Users\chahj\Documents\ldraw\parts\6227.dat-1
[ Info: full_assembly.ldr => C:\Users\chahj\Documents\ldraw\parts\6227.dat-1 is true
[ Info: SUB FILE PART: C:\Users\chahj\Documents\ldraw\parts\3004.dat-1
[ Info: Attaching full_assembly.ldr => C:\Users\chahj\Documents\ldraw\parts\3004.dat-1
[ Info: full_assembly.ldr => C:\Users\chahj\Documents\ldraw\parts\3004.dat-1 is true
[ Info: Attaching full_assembly.ldr => front_axle.ldr-2
[ Info: full_assembly.ldr => front_axle.ldr-2 is true
[ Info: Attaching full_assembly.ldr => rear_axle.ldr-2
[ Info: full_assembly.ldr => rear_axle.ldr-2 is true
[ Info: Attaching full_assembly.ldr => chassis.ldr-2
[ Info: full_assembly.ldr => chassis.ldr-2 is true
[ Info: SUB FILE PART: C:\Users\chahj\Documents\ldraw\parts\3001.dat-2
[ Info: Attaching chassis.ldr-2 => C:\Users\chahj\Documents\ldraw\parts\3001.dat-2
[ Info: chassis.ldr-2 => C:\Users\chahj\Documents\ldraw\parts\3001.dat-2 is true
[ Info: SUB FILE PART: C:\Users\chahj\Documents\ldraw\parts\3004.dat-3
[ Info: Attaching chassis.ldr-2 => C:\Users\chahj\Documents\ldraw\parts\3004.dat-3
[ Info: chassis.ldr-2 => C:\Users\chahj\Documents\ldraw\parts\3004.dat-3 is true
[ Info: SUB FILE PART: C:\Users\chahj\Documents\ldraw\parts\3021.dat-4
[ Info: Attaching chassis.ldr-2 => C:\Users\chahj\Documents\ldraw\parts\3021.dat-4
[ Info: chassis.ldr-2 => C:\Users\chahj\Documents\ldraw\parts\3021.dat-4 is true
[ Info: SUB FILE PART: C:\Users\chahj\Documents\ldraw\parts\3022.dat-2
[ Info: Attaching chassis.ldr-2 => C:\Users\chahj\Documents\ldraw\parts\3022.dat-2
[ Info: chassis.ldr-2 => C:\Users\chahj\Documents\ldraw\parts\3022.dat-2 is true
[ Info: SUB FILE PART: C:\Users\chahj\Documents\ldraw\parts\3021.dat-3
[ Info: Attaching chassis.ldr-2 => C:\Users\chahj\Documents\ldraw\parts\3021.dat-3
[ Info: chassis.ldr-2 => C:\Users\chahj\Documents\ldraw\parts\3021.dat-3 is true
[ Info: Attaching rear_axle.ldr-2 => rear_wheel_and_tire.ldr-8
[ Info: rear_axle.ldr-2 => rear_wheel_and_tire.ldr-8 is true
[ Info: Attaching rear_axle.ldr-2 => rear_wheel_and_tire.ldr-7
[ Info: rear_axle.ldr-2 => rear_wheel_and_tire.ldr-7 is true
[ Info: SUB FILE PART: C:\Users\chahj\Documents\ldraw\parts\4600.dat-3
[ Info: Attaching rear_axle.ldr-2 => C:\Users\chahj\Documents\ldraw\parts\4600.dat-3
[ Info: rear_axle.ldr-2 => C:\Users\chahj\Documents\ldraw\parts\4600.dat-3 is true
[ Info: SUB FILE PART: C:\Users\chahj\Documents\ldraw\parts\87697.dat-4
[ Info: Attaching rear_wheel_and_tire.ldr-7 => C:\Users\chahj\Documents\ldraw\parts\87697.dat-4
[ Info: rear_wheel_and_tire.ldr-7 => C:\Users\chahj\Documents\ldraw\parts\87697.dat-4 is true
[ Info: SUB FILE PART: C:\Users\chahj\Documents\ldraw\parts\6014.dat-4
[ Info: Attaching rear_wheel_and_tire.ldr-7 => C:\Users\chahj\Documents\ldraw\parts\6014.dat-4
[ Info: rear_wheel_and_tire.ldr-7 => C:\Users\chahj\Documents\ldraw\parts\6014.dat-4 is true
[ Info: SUB FILE PART: C:\Users\chahj\Documents\ldraw\parts\87697.dat-5
[ Info: Attaching rear_wheel_and_tire.ldr-8 => C:\Users\chahj\Documents\ldraw\parts\87697.dat-5
[ Info: rear_wheel_and_tire.ldr-8 => C:\Users\chahj\Documents\ldraw\parts\87697.dat-5 is true
[ Info: SUB FILE PART: C:\Users\chahj\Documents\ldraw\parts\6014.dat-5
[ Info: Attaching rear_wheel_and_tire.ldr-8 => C:\Users\chahj\Documents\ldraw\parts\6014.dat-5
[ Info: rear_wheel_and_tire.ldr-8 => C:\Users\chahj\Documents\ldraw\parts\6014.dat-5 is true
[ Info: Attaching front_axle.ldr-2 => front_wheel_and_tire.ldr-8
[ Info: front_axle.ldr-2 => front_wheel_and_tire.ldr-8 is true
[ Info: Attaching front_axle.ldr-2 => front_wheel_and_tire.ldr-7
[ Info: front_axle.ldr-2 => front_wheel_and_tire.ldr-7 is true
[ Info: SUB FILE PART: C:\Users\chahj\Documents\ldraw\parts\4600.dat-4
[ Info: Attaching front_axle.ldr-2 => C:\Users\chahj\Documents\ldraw\parts\4600.dat-4
[ Info: front_axle.ldr-2 => C:\Users\chahj\Documents\ldraw\parts\4600.dat-4 is true
[ Info: SUB FILE PART: C:\Users\chahj\Documents\ldraw\parts\87414.dat-4
[ Info: Attaching front_wheel_and_tire.ldr-7 => C:\Users\chahj\Documents\ldraw\parts\87414.dat-4
[ Info: front_wheel_and_tire.ldr-7 => C:\Users\chahj\Documents\ldraw\parts\87414.dat-4 is true
[ Info: SUB FILE PART: C:\Users\chahj\Documents\ldraw\parts\4624.dat-4
[ Info: Attaching front_wheel_and_tire.ldr-7 => C:\Users\chahj\Documents\ldraw\parts\4624.dat-4
[ Info: front_wheel_and_tire.ldr-7 => C:\Users\chahj\Documents\ldraw\parts\4624.dat-4 is true
[ Info: SUB FILE PART: C:\Users\chahj\Documents\ldraw\parts\87414.dat-5
[ Info: Attaching front_wheel_and_tire.ldr-8 => C:\Users\chahj\Documents\ldraw\parts\87414.dat-5
[ Info: front_wheel_and_tire.ldr-8 => C:\Users\chahj\Documents\ldraw\parts\87414.dat-5 is true
[ Info: SUB FILE PART: C:\Users\chahj\Documents\ldraw\parts\4624.dat-5
[ Info: Attaching front_wheel_and_tire.ldr-8 => C:\Users\chahj\Documents\ldraw\parts\4624.dat-5
[ Info: front_wheel_and_tire.ldr-8 => C:\Users\chahj\Documents\ldraw\parts\4624.dat-5 is true
[ Info: number of robots in transport unit: 2
[ Info: number of robots in transport unit: 4
[ Info: number of robots in transport unit: 1
[ Info: number of robots in transport unit: 1
[ Info: number of robots in transport unit: 2
[ Info: number of robots in transport unit: 2
[ Info: number of robots in transport unit: 3
[ Info: number of robots in transport unit: 4
[ Info: number of robots in transport unit: 1
[ Info: number of robots in transport unit: 1
[ Info: number of robots in transport unit: 2
[ Info: number of robots in transport unit: 1
[ Info: number of robots in transport unit: 1
[ Info: number of robots in transport unit: 4
[ Info: number of robots in transport unit: 3
[ Info: number of robots in transport unit: 2
[ Info: number of robots in transport unit: 2
[ Info: number of robots in transport unit: 1
[ Info: number of robots in transport unit: 2
[ Info: number of robots in transport unit: 1
[ Info: number of robots in transport unit: 2
[ Info: number of robots in transport unit: 1
[ Info: number of robots in transport unit: 1
[ Info: number of robots in transport unit: 2
[ Info: number of robots in transport unit: 2
[ Info: number of robots in transport unit: 1
[ Info: number of robots in transport unit: 1
[ Info: number of robots in transport unit: 1
[ Info: [OOD-1-1] injected 12 spare robots (3/pool x 4 dirs); pools=[:east, :south, :west, :north]
[ Info: Staging config: setting GOAL config of ConstructionBots.TemplatedID{Tuple{ConstructionBots.LiftIntoPlace, ConstructionBots.ObjectID}}(17) to TransformNode(133) - ConstructionBots.CachedElement{CoordinateTransformations.Transformation}(AffineMap([1.0 0.0 0.0; 0.0 1.0 0.0; 0.0 0.0 1.0], [0.0, 0.0, 0.064]), true, 905.0)
[ Info: Staging config: setting GOAL config of ConstructionBots.TemplatedID{Tuple{ConstructionBots.LiftIntoPlace, ConstructionBots.ObjectID}}(18) to TransformNode(147) - ConstructionBots.CachedElement{CoordinateTransformations.Transformation}(AffineMap([1.0 0.0 0.0; 0.0 1.0 0.0; 0.0 0.0 1.0], [0.0, 0.0, 0.064]), true, 960.0)
[ Info: Staging config: setting GOAL config of ConstructionBots.TemplatedID{Tuple{ConstructionBots.LiftIntoPlace, ConstructionBots.ObjectID}}(19) to TransformNode(164) - ConstructionBots.CachedElement{CoordinateTransformations.Transformation}(AffineMap([1.0 0.0 0.0; 0.0 1.0 0.0; 0.0 0.0 1.0], [0.0, 0.0, 0.064]), true, 1032.0)
[ Info: Staging config: setting GOAL config of ConstructionBots.TemplatedID{Tuple{ConstructionBots.LiftIntoPlace, ConstructionBots.ObjectID}}(20) to TransformNode(178) - ConstructionBots.CachedElement{CoordinateTransformations.Transformation}(AffineMap([1.0 0.0 0.0; 0.0 1.0 0.0; 0.0 0.0 1.0], [0.0, 0.0, 0.064]), true, 1087.0)
[ Info: Staging config: setting GOAL config of ConstructionBots.TemplatedID{Tuple{ConstructionBots.LiftIntoPlace, ConstructionBots.ObjectID}}(12) to TransformNode(195) - ConstructionBots.CachedElement{CoordinateTransformations.Transformation}(AffineMap([1.0 0.0 0.0; 0.0 1.0 0.0; 0.0 0.0 1.0], [0.0, 0.032, 0.10400000000000001]), true, 1159.0)
[ Info: Staging config: setting GOAL config of ConstructionBots.TemplatedID{Tuple{ConstructionBots.LiftIntoPlace, ConstructionBots.ObjectID}}(13) to TransformNode(209) - ConstructionBots.CachedElement{CoordinateTransformations.Transformation}(AffineMap([1.0 0.0 0.0; 0.0 1.0 0.0; 0.0 0.0 1.0], [0.0, 0.08, 0.10400000000000001]), true, 1214.0)
[ Info: Staging config: setting GOAL config of ConstructionBots.TemplatedID{Tuple{ConstructionBots.LiftIntoPlace, ConstructionBots.ObjectID}}(14) to TransformNode(226) - ConstructionBots.CachedElement{CoordinateTransformations.Transformation}(AffineMap([1.0 0.0 0.0; 0.0 1.0 0.0; 0.0 0.0 1.0], [0.0, 0.032, 0.10400000000000001]), true, 1286.0)
[ Info: Staging config: setting GOAL config of ConstructionBots.TemplatedID{Tuple{ConstructionBots.LiftIntoPlace, ConstructionBots.ObjectID}}(15) to TransformNode(240) - ConstructionBots.CachedElement{CoordinateTransformations.Transformation}(AffineMap([1.0 0.0 0.0; 0.0 1.0 0.0; 0.0 0.0 1.0], [0.0, 0.08, 0.10400000000000001]), true, 1341.0)
[ Info: Staging config: setting GOAL config of ConstructionBots.TemplatedID{Tuple{ConstructionBots.LiftIntoPlace, ConstructionBots.ObjectID}}(7) to TransformNode(257) - ConstructionBots.CachedElement{CoordinateTransformations.Transformation}(AffineMap([0.0 -1.0 0.0; 1.0 0.0 0.0; 0.0 0.0 1.0], [0.4, 0.0, 0.32]), true, 1413.0)
[ Info: Staging config: setting GOAL config of ConstructionBots.TemplatedID{Tuple{ConstructionBots.LiftIntoPlace, ConstructionBots.ObjectID}}(6) to TransformNode(269) - ConstructionBots.CachedElement{CoordinateTransformations.Transformation}(AffineMap([1.0 0.0 0.0; 0.0 1.0 0.0; 0.0 0.0 1.0], [0.0, 0.0, 0.32]), true, 1460.0)
[ Info: Staging config: setting GOAL config of ConstructionBots.TemplatedID{Tuple{ConstructionBots.LiftIntoPlace, ConstructionBots.ObjectID}}(8) to TransformNode(283) - ConstructionBots.CachedElement{CoordinateTransformations.Transformation}(AffineMap([1.0 0.0 0.0; 0.0 1.0 0.0; 0.0 0.0 1.0], [0.24, 0.0, 0.128]), true, 1515.0)
[ Info: Staging config: setting GOAL config of ConstructionBots.TemplatedID{Tuple{ConstructionBots.LiftIntoPlace, ConstructionBots.ObjectID}}(9) to TransformNode(295) - ConstructionBots.CachedElement{CoordinateTransformations.Transformation}(AffineMap([1.0 0.0 0.0; 0.0 1.0 0.0; 0.0 0.0 1.0], [-0.16, 0.0, 0.128]), true, 1562.0)
[ Info: Staging config: setting GOAL config of ConstructionBots.TemplatedID{Tuple{ConstructionBots.LiftIntoPlace, ConstructionBots.ObjectID}}(10) to TransformNode(309) - ConstructionBots.CachedElement{CoordinateTransformations.Transformation}(AffineMap([1.0 0.0 0.0; 0.0 1.0 0.0; 0.0 0.0 1.0], [-0.08, 0.0, 0.064]), true, 1617.0)
[ Info: Staging config: setting GOAL config of ConstructionBots.TemplatedID{Tuple{ConstructionBots.LiftIntoPlace, ConstructionBots.AssemblyID}}(6) to TransformNode(326) - ConstructionBots.CachedElement{CoordinateTransformations.Transformation}(AffineMap([0.0 1.0 0.0; -1.0 0.0 0.0; 0.0 0.0 1.0], [-0.32, 0.0, -0.064]), true, 1689.0)
[ Info: Staging config: setting GOAL config of ConstructionBots.TemplatedID{Tuple{ConstructionBots.LiftIntoPlace, ConstructionBots.AssemblyID}}(5) to TransformNode(340) - ConstructionBots.CachedElement{CoordinateTransformations.Transformation}(AffineMap([0.0 -1.0 0.0; 1.0 0.0 0.0; 0.0 0.0 1.0], [0.32, 0.0, -0.064]), true, 1743.0)
[ Info: Staging config: setting GOAL config of ConstructionBots.TemplatedID{Tuple{ConstructionBots.LiftIntoPlace, ConstructionBots.ObjectID}}(11) to TransformNode(356) - ConstructionBots.CachedElement{CoordinateTransformations.Transformation}(AffineMap([1.0 0.0 0.0; 0.0 1.0 0.0; 0.0 0.0 1.0], [0.0, 0.0, 0.08]), true, 1805.0)
[ Info: Staging config: setting GOAL config of ConstructionBots.TemplatedID{Tuple{ConstructionBots.LiftIntoPlace, ConstructionBots.AssemblyID}}(8) to TransformNode(373) - ConstructionBots.CachedElement{CoordinateTransformations.Transformation}(AffineMap([0.0 1.0 0.0; -1.0 0.0 0.0; 0.0 0.0 1.0], [-0.24, 0.0, -0.04]), true, 1877.0)
[ Info: Staging config: setting GOAL config of ConstructionBots.TemplatedID{Tuple{ConstructionBots.LiftIntoPlace, ConstructionBots.AssemblyID}}(7) to TransformNode(387) - ConstructionBots.CachedElement{CoordinateTransformations.Transformation}(AffineMap([0.0 -1.0 0.0; 1.0 0.0 0.0; 0.0 0.0 1.0], [0.24, 0.0, -0.04]), true, 1931.0)
[ Info: Staging config: setting GOAL config of ConstructionBots.TemplatedID{Tuple{ConstructionBots.LiftIntoPlace, ConstructionBots.ObjectID}}(16) to TransformNode(403) - ConstructionBots.CachedElement{CoordinateTransformations.Transformation}(AffineMap([1.0 0.0 0.0; 0.0 1.0 0.0; 0.0 0.0 1.0], [0.0, 0.0, 0.064]), true, 1993.0)
[ Info: Staging config: setting GOAL config of ConstructionBots.TemplatedID{Tuple{ConstructionBots.LiftIntoPlace, ConstructionBots.ObjectID}}(1) to TransformNode(421) - ConstructionBots.CachedElement{CoordinateTransformations.Transformation}(AffineMap([1.0 0.0 0.0; 0.0 1.0 0.0; 0.0 0.0 1.0], [0.32, -0.08, 0.5760000000000001]), true, 2067.0)
[ Info: Staging config: setting GOAL config of ConstructionBots.TemplatedID{Tuple{ConstructionBots.LiftIntoPlace, ConstructionBots.ObjectID}}(3) to TransformNode(433) - ConstructionBots.CachedElement{CoordinateTransformations.Transformation}(AffineMap([1.0 0.0 0.0; 0.0 1.0 0.0; 0.0 0.0 1.0], [-0.16, 0.0, 0.504]), true, 2114.0)
[ Info: Staging config: setting GOAL config of ConstructionBots.TemplatedID{Tuple{ConstructionBots.LiftIntoPlace, ConstructionBots.ObjectID}}(2) to TransformNode(445) - ConstructionBots.CachedElement{CoordinateTransformations.Transformation}(AffineMap([-1.0 0.0 0.0; 0.0 -1.0 0.0; 0.0 0.0 1.0], [0.32, 0.08, 0.5760000000000001]), true, 2161.0)
[ Info: Staging config: setting GOAL config of ConstructionBots.TemplatedID{Tuple{ConstructionBots.LiftIntoPlace, ConstructionBots.ObjectID}}(4) to TransformNode(459) - ConstructionBots.CachedElement{CoordinateTransformations.Transformation}(AffineMap([0.0 1.0 0.0; -1.0 0.0 0.0; 0.0 0.0 1.0], [0.24, 0.0, 0.512]), true, 2216.0)
[ Info: Staging config: setting GOAL config of ConstructionBots.TemplatedID{Tuple{ConstructionBots.LiftIntoPlace, ConstructionBots.ObjectID}}(5) to TransformNode(471) - ConstructionBots.CachedElement{CoordinateTransformations.Transformation}(AffineMap([0.0 -1.0 0.0; 1.0 0.0 0.0; 0.0 0.0 1.0], [0.4, 0.0, 0.512]), true, 2263.0)
[ Info: Staging config: setting GOAL config of ConstructionBots.TemplatedID{Tuple{ConstructionBots.LiftIntoPlace, ConstructionBots.AssemblyID}}(2) to TransformNode(485) - ConstructionBots.CachedElement{CoordinateTransformations.Transformation}(AffineMap([0.0 1.0 0.0; -1.0 0.0 0.0; 0.0 0.0 1.0], [-0.16, 0.0, -0.064]), true, 2318.0)
[ Info: Staging config: setting GOAL config of ConstructionBots.TemplatedID{Tuple{ConstructionBots.LiftIntoPlace, ConstructionBots.AssemblyID}}(3) to TransformNode(499) - ConstructionBots.CachedElement{CoordinateTransformations.Transformation}(AffineMap([0.0 -1.0 0.0; 1.0 0.0 0.0; 0.0 0.0 1.0], [0.32, 0.0, -0.016]), true, 2372.0)
[ Info: Staging config: setting GOAL config of ConstructionBots.TemplatedID{Tuple{ConstructionBots.LiftIntoPlace, ConstructionBots.AssemblyID}}(4) to TransformNode(515) - ConstructionBots.CachedElement{CoordinateTransformations.Transformation}(AffineMap([1.0 0.0 0.0; 0.0 1.0 0.0; 0.0 0.0 1.0], [0.0, 0.0, 0.0]), true, 2434.0)
[ Info: Only 1 component to place at first build step--no need for ring optimization - ConstructionBots.AssemblyID(4)
[ Info: Only 1 component to place at first build step--R = 0
[ Info: Updating staging_circle for ConstructionBots.AssemblyID(1) to LazySets.Ball2Module.Ball2{Float64, StaticArraysCore.SVector{2, Float64}}([0.08218207165779438, 0.00545517964224686], 0.5841171287777026) based on ConstructionBots.TemplatedID{ConstructionBots.OpenBuildStep}(19)
[ Info: Only 1 component to place at first build step--no need for ring optimization - ConstructionBots.ObjectID(16)
[ Info: Only 1 component to place at first build step--R = 0
[ Info: Updating staging_circle for ConstructionBots.AssemblyID(2) to LazySets.Ball2Module.Ball2{Float64, StaticArraysCore.SVector{2, Float64}}([-6.598422160140219e-15, 4.899002509750264e-14], 0.41697289891955347) based on ConstructionBots.TemplatedID{ConstructionBots.OpenBuildStep}(15)
[ Info: Updating staging_circle for ConstructionBots.AssemblyID(2) to LazySets.Ball2Module.Ball2{Float64, StaticArraysCore.SVector{2, Float64}}([3.740823691086665e-12, 1.4286576412708769e-6], 0.9569905384268537) based on ConstructionBots.TemplatedID{ConstructionBots.OpenBuildStep}(14)
[ Info: Only 1 component to place at first build step--no need for ring optimization - ConstructionBots.ObjectID(11)
[ Info: Only 1 component to place at first build step--R = 0
[ Info: Updating staging_circle for ConstructionBots.AssemblyID(3) to LazySets.Ball2Module.Ball2{Float64, StaticArraysCore.SVector{2, Float64}}([-6.382629356209068e-15, 4.900453791486866e-14], 0.41697289891955347) based on ConstructionBots.TemplatedID{ConstructionBots.OpenBuildStep}(13)
[ Info: Updating staging_circle for ConstructionBots.AssemblyID(3) to LazySets.Ball2Module.Ball2{Float64, StaticArraysCore.SVector{2, Float64}}([4.46309796609416e-12, 0.031985276082193155], 1.2398662996240026) based on ConstructionBots.TemplatedID{ConstructionBots.OpenBuildStep}(12)
[ Info: Only 1 component to place at first build step--no need for ring optimization - ConstructionBots.ObjectID(10)
[ Info: Only 1 component to place at first build step--R = 0
[ Info: Updating staging_circle for ConstructionBots.AssemblyID(4) to LazySets.Ball2Module.Ball2{Float64, StaticArraysCore.SVector{2, Float64}}([-0.03999999987313704, -1.2913755321917329e-17], 0.4712166309488202) based on ConstructionBots.TemplatedID{ConstructionBots.OpenBuildStep}(11)
[ Info: Updating staging_circle for ConstructionBots.AssemblyID(4) to LazySets.Ball2Module.Ball2{Float64, StaticArraysCore.SVector{2, Float64}}([-0.017830070135163217, 3.357181358736533e-7], 1.3014799914227937) based on ConstructionBots.TemplatedID{ConstructionBots.OpenBuildStep}(10)
[ Info: Updating staging_circle for ConstructionBots.AssemblyID(4) to LazySets.Ball2Module.Ball2{Float64, StaticArraysCore.SVector{2, Float64}}([-0.1582418140244194, 2.452285094492142e-7], 1.441891732260215) based on ConstructionBots.TemplatedID{ConstructionBots.OpenBuildStep}(9)
[ Info: Updating staging_circle for ConstructionBots.AssemblyID(1) to LazySets.Ball2Module.Ball2{Float64, StaticArraysCore.SVector{2, Float64}}([0.19317033534316322, -0.021837463155978638], 1.7397231281106043) based on ConstructionBots.TemplatedID{ConstructionBots.OpenBuildStep}(18)
[ Info: Only 1 component to place at first build step--no need for ring optimization - ConstructionBots.ObjectID(15)
[ Info: Only 1 component to place at first build step--R = 0
[ Info: Updating staging_circle for ConstructionBots.AssemblyID(5) to LazySets.Ball2Module.Ball2{Float64, StaticArraysCore.SVector{2, Float64}}([1.8082837015929097e-12, -0.008000006165778378], 0.2538083323383307) based on ConstructionBots.TemplatedID{ConstructionBots.OpenBuildStep}(8)
[ Info: Updating staging_circle for ConstructionBots.AssemblyID(5) to LazySets.Ball2Module.Ball2{Float64, StaticArraysCore.SVector{2, Float64}}([-0.001272357542839318, -0.29812507422207457], 0.7065742160406852) based on ConstructionBots.TemplatedID{ConstructionBots.OpenBuildStep}(7)
[ Info: Only 1 component to place at first build step--no need for ring optimization - ConstructionBots.ObjectID(13)
[ Info: Only 1 component to place at first build step--R = 0
[ Info: Updating staging_circle for ConstructionBots.AssemblyID(6) to LazySets.Ball2Module.Ball2{Float64, StaticArraysCore.SVector{2, Float64}}([1.8082837015929101e-12, -0.008000006165778378], 0.25380833233833067) based on ConstructionBots.TemplatedID{ConstructionBots.OpenBuildStep}(6)
[ Info: Updating staging_circle for ConstructionBots.AssemblyID(6) to LazySets.Ball2Module.Ball2{Float64, StaticArraysCore.SVector{2, Float64}}([-0.0012714885458574878, -0.29812507757019036], 0.7065742160406853) based on ConstructionBots.TemplatedID{ConstructionBots.OpenBuildStep}(5)
[ Info: Only 1 component to place at first build step--no need for ring optimization - ConstructionBots.ObjectID(20)
[ Info: Only 1 component to place at first build step--R = 0
[ Info: Updating staging_circle for ConstructionBots.AssemblyID(7) to LazySets.Ball2Module.Ball2{Float64, StaticArraysCore.SVector{2, Float64}}([-1.0094387069708868e-13, 2.1806923168419704e-14], 0.1766120493055417) based on ConstructionBots.TemplatedID{ConstructionBots.OpenBuildStep}(4)
[ Info: Updating staging_circle for ConstructionBots.AssemblyID(7) to LazySets.Ball2Module.Ball2{Float64, StaticArraysCore.SVector{2, Float64}}([-4.5348226474614004e-8, 0.24081178121871308], 0.475819255034983) based on ConstructionBots.TemplatedID{ConstructionBots.OpenBuildStep}(3)
[ Info: Only 1 component to place at first build step--no need for ring optimization - ConstructionBots.ObjectID(18)
[ Info: Only 1 component to place at first build step--R = 0
[ Info: Updating staging_circle for ConstructionBots.AssemblyID(8) to LazySets.Ball2Module.Ball2{Float64, StaticArraysCore.SVector{2, Float64}}([-1.0094387069708496e-13, 2.1806923168419897e-14], 0.17661204930558239) based on ConstructionBots.TemplatedID{ConstructionBots.OpenBuildStep}(2)
[ Info: Updating staging_circle for ConstructionBots.AssemblyID(8) to LazySets.Ball2Module.Ball2{Float64, StaticArraysCore.SVector{2, Float64}}([-4.5348226474613964e-8, 0.24081178121871302], 0.4758192550349831) based on ConstructionBots.TemplatedID{ConstructionBots.OpenBuildStep}(1)
┌ Info: ring placement solution ConstructionBots.TemplatedID{ConstructionBots.OpenBuildStep}(17)
│   assembly_radius = 0.7829572453142153
│   radii = 2-element Vector{Float64}: …
│   θ_des = 2-element Vector{Float64}: …
│   θ_star = 2-element Vector{Float64}: …
└   Δθ = 2-element Vector{Float64}: …
[ Info: Updating staging_circle for ConstructionBots.AssemblyID(1) to LazySets.Ball2Module.Ball2{Float64, StaticArraysCore.SVector{2, Float64}}([0.19317033654743998, -0.021837463508941918], 1.739723119422754) based on ConstructionBots.TemplatedID{ConstructionBots.OpenBuildStep}(17)
[ Info: Updating staging_circle for ConstructionBots.AssemblyID(1) to LazySets.Ball2Module.Ball2{Float64, StaticArraysCore.SVector{2, Float64}}([0.19317033657342095, -0.021837463494866306], 1.7397231187891113) based on ConstructionBots.TemplatedID{ConstructionBots.OpenBuildStep}(16)
[ Info: Selecting staging location for ConstructionBots.AssemblyID(3)
[ Info: Updating staging_circle for ConstructionBots.AssemblyID(3) to LazySets.Ball2Module.Ball2{Float64, StaticArraysCore.SVector{2, Float64}}([-8.126075207944536e-5, -0.5827645138408979], 3.793704106618533)
[ Info: Selecting staging location for ConstructionBots.AssemblyID(2)
[ Info: Updating staging_circle for ConstructionBots.AssemblyID(2) to LazySets.Ball2Module.Ball2{Float64, StaticArraysCore.SVector{2, Float64}}([4.820674587724254e-8, 0.40245756360489865], 3.079008014910239)
[ Info: Selecting staging location for ConstructionBots.AssemblyID(1)
[ Info: Updating staging_circle for ConstructionBots.AssemblyID(1) to LazySets.Ball2Module.Ball2{Float64, StaticArraysCore.SVector{2, Float64}}([1.496018205358188, 0.9619410521282962], 9.643081689271405)
[ Info: Beginning task assignment
[ Info: Assignment: closing build step ConstructionBots.TemplatedID{ConstructionBots.OpenBuildStep}(8). 1/19 complete. 
[ Info: Assignment: closing build step ConstructionBots.TemplatedID{ConstructionBots.OpenBuildStep}(2). 2/19 complete. 
[ Info: Assignment: closing build step ConstructionBots.TemplatedID{ConstructionBots.OpenBuildStep}(1). 3/19 complete. 
[ Info: Closing Assembly ConstructionBots.AssemblyID(8)
[ Info: Assignment: closing build step ConstructionBots.TemplatedID{ConstructionBots.OpenBuildStep}(13). 4/19 complete. 
[ Info: Assignment: closing build step ConstructionBots.TemplatedID{ConstructionBots.OpenBuildStep}(6). 5/19 complete. 
[ Info: Assignment: closing build step ConstructionBots.TemplatedID{ConstructionBots.OpenBuildStep}(5). 6/19 complete. 
[ Info: Closing Assembly ConstructionBots.AssemblyID(6)
[ Info: Assignment: closing build step ConstructionBots.TemplatedID{ConstructionBots.OpenBuildStep}(11). 7/19 complete. 
[ Info: Assignment: closing build step ConstructionBots.TemplatedID{ConstructionBots.OpenBuildStep}(4). 8/19 complete. 
[ Info: Assignment: closing build step ConstructionBots.TemplatedID{ConstructionBots.OpenBuildStep}(3). 9/19 complete. 
[ Info: Closing Assembly ConstructionBots.AssemblyID(7)
[ Info: Assignment: closing build step ConstructionBots.TemplatedID{ConstructionBots.OpenBuildStep}(7). 10/19 complete. 
[ Info: Closing Assembly ConstructionBots.AssemblyID(5)
[ Info: Assignment: closing build step ConstructionBots.TemplatedID{ConstructionBots.OpenBuildStep}(12). 11/19 complete. 
[ Info: Closing Assembly ConstructionBots.AssemblyID(3)
[ Info: Assignment: closing build step ConstructionBots.TemplatedID{ConstructionBots.OpenBuildStep}(10). 12/19 complete. 
[ Info: Assignment: closing build step ConstructionBots.TemplatedID{ConstructionBots.OpenBuildStep}(9). 13/19 complete. 
[ Info: Closing Assembly ConstructionBots.AssemblyID(4)
[ Info: Assignment: closing build step ConstructionBots.TemplatedID{ConstructionBots.OpenBuildStep}(19). 14/19 complete. 
[ Info: Assignment: closing build step ConstructionBots.TemplatedID{ConstructionBots.OpenBuildStep}(15). 15/19 complete. 
[ Info: Assignment: closing build step ConstructionBots.TemplatedID{ConstructionBots.OpenBuildStep}(14). 16/19 complete. 
[ Info: Closing Assembly ConstructionBots.AssemblyID(2)
[ Info: Assignment: closing build step ConstructionBots.TemplatedID{ConstructionBots.OpenBuildStep}(18). 17/19 complete. 
[ Info: Assignment: closing build step ConstructionBots.TemplatedID{ConstructionBots.OpenBuildStep}(17). 18/19 complete. 
[ Info: Assignment: closing build step ConstructionBots.TemplatedID{ConstructionBots.OpenBuildStep}(16). 19/19 complete. 
[ Info: Closing Assembly ConstructionBots.AssemblyID(1)
[ Info: Assignment Complete!
[ Info: node ConstructionBots.TemplatedID{Tuple{ConstructionBots.RobotStart, ConstructionBots.BotID{ConstructionBots.DeliveryBot}}}(19) finished.
[ Info: node ConstructionBots.TemplatedID{Tuple{ConstructionBots.ObjectStart, ConstructionBots.ObjectID}}(20) finished.
[ Info: node ConstructionBots.TemplatedID{Tuple{ConstructionBots.ObjectStart, ConstructionBots.ObjectID}}(1) finished.
[ Info: node ConstructionBots.TemplatedID{Tuple{ConstructionBots.ObjectStart, ConstructionBots.ObjectID}}(7) finished.
[ Info: node ConstructionBots.TemplatedID{Tuple{ConstructionBots.RobotStart, ConstructionBots.BotID{ConstructionBots.DeliveryBot}}}(7) finished.
[ Info: node ConstructionBots.TemplatedID{Tuple{ConstructionBots.RobotStart, ConstructionBots.BotID{ConstructionBots.DeliveryBot}}}(2) finished.
[ Info: node ConstructionBots.TemplatedID{Tuple{ConstructionBots.ObjectStart, ConstructionBots.ObjectID}}(15) finished.
[ Info: node ConstructionBots.TemplatedID{Tuple{ConstructionBots.RobotStart, ConstructionBots.BotID{ConstructionBots.DeliveryBot}}}(14) finished.
[ Info: node ConstructionBots.TemplatedID{Tuple{ConstructionBots.ObjectStart, ConstructionBots.ObjectID}}(9) finished.
[ Info: node ConstructionBots.TemplatedID{Tuple{ConstructionBots.ObjectStart, ConstructionBots.ObjectID}}(3) finished.
[ Info: node ConstructionBots.TemplatedID{Tuple{ConstructionBots.RobotStart, ConstructionBots.BotID{ConstructionBots.DeliveryBot}}}(18) finished.
[ Info: node ConstructionBots.TemplatedID{Tuple{ConstructionBots.RobotStart, ConstructionBots.BotID{ConstructionBots.DeliveryBot}}}(21) finished.
[ Info: node ConstructionBots.TemplatedID{Tuple{ConstructionBots.RobotStart, ConstructionBots.BotID{ConstructionBots.DeliveryBot}}}(3) finished.
[ Info: node ConstructionBots.TemplatedID{Tuple{ConstructionBots.ObjectStart, ConstructionBots.ObjectID}}(12) finished.
[ Info: node ConstructionBots.TemplatedID{Tuple{ConstructionBots.ObjectStart, ConstructionBots.ObjectID}}(8) finished.
[ Info: node ConstructionBots.TemplatedID{Tuple{ConstructionBots.RobotStart, ConstructionBots.BotID{ConstructionBots.DeliveryBot}}}(11) finished.
[ Info: node ConstructionBots.TemplatedID{Tuple{ConstructionBots.AssemblyStart, ConstructionBots.AssemblyID}}(2) finished.
[ Info: node ConstructionBots.TemplatedID{Tuple{ConstructionBots.ObjectStart, ConstructionBots.ObjectID}}(4) finished.
[ Info: node ConstructionBots.TemplatedID{Tuple{ConstructionBots.RobotStart, ConstructionBots.BotID{ConstructionBots.DeliveryBot}}}(17) finished.
[ Info: node ConstructionBots.TemplatedID{Tuple{ConstructionBots.ObjectStart, ConstructionBots.ObjectID}}(19) finished.
[ Info: node ConstructionBots.TemplatedID{Tuple{ConstructionBots.AssemblyStart, ConstructionBots.AssemblyID}}(4) finished.
[ Info: node ConstructionBots.TemplatedID{Tuple{ConstructionBots.AssemblyStart, ConstructionBots.AssemblyID}}(6) finished.
[ Info: node ConstructionBots.TemplatedID{Tuple{ConstructionBots.AssemblyStart, ConstructionBots.AssemblyID}}(5) finished.
[ Info: node ConstructionBots.TemplatedID{Tuple{ConstructionBots.RobotStart, ConstructionBots.BotID{ConstructionBots.DeliveryBot}}}(13) finished.
[ Info: node ConstructionBots.TemplatedID{Tuple{ConstructionBots.AssemblyStart, ConstructionBots.AssemblyID}}(8) finished.
[ Info: node ConstructionBots.TemplatedID{Tuple{ConstructionBots.AssemblyStart, ConstructionBots.AssemblyID}}(7) finished.
[ Info: node ConstructionBots.TemplatedID{Tuple{ConstructionBots.RobotStart, ConstructionBots.BotID{ConstructionBots.DeliveryBot}}}(6) finished.
[ Info: node ConstructionBots.TemplatedID{Tuple{ConstructionBots.ObjectStart, ConstructionBots.ObjectID}}(5) finished.
[ Info: node ConstructionBots.TemplatedID{Tuple{ConstructionBots.ObjectStart, ConstructionBots.ObjectID}}(11) finished.
[ Info: node ConstructionBots.TemplatedID{Tuple{ConstructionBots.RobotStart, ConstructionBots.BotID{ConstructionBots.DeliveryBot}}}(10) finished.
[ Info: node ConstructionBots.TemplatedID{Tuple{ConstructionBots.RobotStart, ConstructionBots.BotID{ConstructionBots.DeliveryBot}}}(9) finished.
[ Info: node ConstructionBots.TemplatedID{Tuple{ConstructionBots.ObjectStart, ConstructionBots.ObjectID}}(18) finished.
[ Info: node ConstructionBots.TemplatedID{Tuple{ConstructionBots.ObjectStart, ConstructionBots.ObjectID}}(16) finished.
[ Info: node ConstructionBots.TemplatedID{Tuple{ConstructionBots.ObjectStart, ConstructionBots.ObjectID}}(17) finished.
[ Info: node ConstructionBots.TemplatedID{Tuple{ConstructionBots.AssemblyStart, ConstructionBots.AssemblyID}}(1) finished.
[ Info: node ConstructionBots.TemplatedID{Tuple{ConstructionBots.RobotStart, ConstructionBots.BotID{ConstructionBots.DeliveryBot}}}(20) finished.
[ Info: node ConstructionBots.TemplatedID{Tuple{ConstructionBots.RobotStart, ConstructionBots.BotID{ConstructionBots.DeliveryBot}}}(15) finished.
[ Info: node ConstructionBots.TemplatedID{Tuple{ConstructionBots.ObjectStart, ConstructionBots.ObjectID}}(14) finished.
[ Info: node ConstructionBots.TemplatedID{Tuple{ConstructionBots.RobotStart, ConstructionBots.BotID{ConstructionBots.DeliveryBot}}}(22) finished.
[ Info: node ConstructionBots.TemplatedID{Tuple{ConstructionBots.RobotStart, ConstructionBots.BotID{ConstructionBots.DeliveryBot}}}(5) finished.
[ Info: node ConstructionBots.TemplatedID{Tuple{ConstructionBots.ObjectStart, ConstructionBots.ObjectID}}(6) finished.
[ Info: node ConstructionBots.TemplatedID{Tuple{ConstructionBots.RobotStart, ConstructionBots.BotID{ConstructionBots.DeliveryBot}}}(1) finished.
[ Info: node ConstructionBots.TemplatedID{Tuple{ConstructionBots.RobotStart, ConstructionBots.BotID{ConstructionBots.DeliveryBot}}}(4) finished.
[ Info: node ConstructionBots.TemplatedID{Tuple{ConstructionBots.AssemblyStart, ConstructionBots.AssemblyID}}(3) finished.
[ Info: node ConstructionBots.TemplatedID{Tuple{ConstructionBots.RobotStart, ConstructionBots.BotID{ConstructionBots.DeliveryBot}}}(12) finished.
[ Info: node ConstructionBots.TemplatedID{Tuple{ConstructionBots.RobotStart, ConstructionBots.BotID{ConstructionBots.DeliveryBot}}}(8) finished.
[ Info: node ConstructionBots.TemplatedID{Tuple{ConstructionBots.RobotStart, ConstructionBots.BotID{ConstructionBots.DeliveryBot}}}(16) finished.
[ Info: node ConstructionBots.TemplatedID{Tuple{ConstructionBots.ObjectStart, ConstructionBots.ObjectID}}(2) finished.
[ Info: node ConstructionBots.TemplatedID{Tuple{ConstructionBots.ObjectStart, ConstructionBots.ObjectID}}(13) finished.
[ Info: node ConstructionBots.TemplatedID{Tuple{ConstructionBots.ObjectStart, ConstructionBots.ObjectID}}(10) finished.
[ Info: node ConstructionBots.TemplatedID{ConstructionBots.OpenBuildStep}(19) finished.
[ Info: node ConstructionBots.TemplatedID{ConstructionBots.OpenBuildStep}(13) finished.
[ Info: node ConstructionBots.TemplatedID{ConstructionBots.OpenBuildStep}(11) finished.
[ Info: node ConstructionBots.TemplatedID{ConstructionBots.OpenBuildStep}(6) finished.
[ Info: node ConstructionBots.TemplatedID{ConstructionBots.OpenBuildStep}(2) finished.
[ Info: node ConstructionBots.TemplatedID{ConstructionBots.OpenBuildStep}(15) finished.
[ Info: node ConstructionBots.TemplatedID{ConstructionBots.OpenBuildStep}(8) finished.
[ Info: node ConstructionBots.TemplatedID{ConstructionBots.OpenBuildStep}(4) finished.
Simulating...   0%|█                                                 |  ETA: N/A (  N/A  s/it)[K
   step_num: 2[K
   n_closed: 58[K
    n_total: 313[K[A[A[A[ Info: node ConstructionBots.ActionID(2) finished.
[ Info: node ConstructionBots.ActionID(46) finished.
[ Info: New RVO simulation
[ Info: [RESPEC] OOD event: A no-go exclusion zone has appeared at (0.16, 0.0) over the central build area, covering 8 of the 8 final-assembly delivery points; the work region must be moved clear of the restricted region.



[K[A[K[A[K[ASimulating...   1%|█                                                 |  ETA: 1:38:24 (23.34  s/it)[K
   step_num: 10[K
   n_closed: 60[K
    n_total: 313[K[A[A[A[ Info: node ConstructionBots.TemplatedID{Tuple{ConstructionBots.FormTransportUnit, ConstructionBots.TemplatedID{Tuple{ConstructionBots.TransportUnitNode, ConstructionBots.ObjectID}}}}(17) finished.



[K[A[K[A[K[ASimulating...   1%|█                                                 |  ETA: 1:07:05 (15.97  s/it)[K
   step_num: 12[K
   n_closed: 61[K
    n_total: 313[K[A[A[A[ Info: node ConstructionBots.ActionID(16) finished.
[ Info: node ConstructionBots.ActionID(18) finished.
[ Info: node ConstructionBots.ActionID(64) finished.
[ Info: New RVO simulation
[ Info: node ConstructionBots.TemplatedID{Tuple{ConstructionBots.FormTransportUnit, ConstructionBots.TemplatedID{Tuple{ConstructionBots.TransportUnitNode, ConstructionBots.ObjectID}}}}(15) finished.
[ Info: node ConstructionBots.ActionID(4) finished.
[ Info: node ConstructionBots.ActionID(48) finished.
[ Info: New RVO simulation
[ Info: node ConstructionBots.TemplatedID{Tuple{ConstructionBots.FormTransportUnit, ConstructionBots.TemplatedID{Tuple{ConstructionBots.TransportUnitNode, ConstructionBots.ObjectID}}}}(18) finished.
[ Info: node ConstructionBots.ActionID(8) finished.
[ Info: node ConstructionBots.ActionID(6) finished.
[ Info: node ConstructionBots.ActionID(58) finished.
[ Info: New RVO simulation
[ Info: node ConstructionBots.ActionID(14) finished.
[ Info: node ConstructionBots.ActionID(55) finished.
[ Info: node ConstructionBots.ActionID(56) finished.
[ Info: New RVO simulation
[ Info: node ConstructionBots.TemplatedID{Tuple{ConstructionBots.FormTransportUnit, ConstructionBots.TemplatedID{Tuple{ConstructionBots.TransportUnitNode, ConstructionBots.ObjectID}}}}(13) finished.
[ Info: node ConstructionBots.TemplatedID{Tuple{ConstructionBots.FormTransportUnit, ConstructionBots.TemplatedID{Tuple{ConstructionBots.TransportUnitNode, ConstructionBots.ObjectID}}}}(12) finished.
[ Info: node ConstructionBots.ActionID(20) finished.
[ Info: node ConstructionBots.ActionID(94) finished.
[ Info: node ConstructionBots.ActionID(93) finished.
[ Info: New RVO simulation
[ Info: node ConstructionBots.TemplatedID{Tuple{ConstructionBots.FormTransportUnit, ConstructionBots.TemplatedID{Tuple{ConstructionBots.TransportUnitNode, ConstructionBots.ObjectID}}}}(11) finished.



[K[A[K[A[K[ASimulating...   9%|█████                                             |  ETA: 0:08:38 ( 2.22  s/it)[K
   step_num: 43[K
   n_closed: 80[K
    n_total: 313[K[A[A[A[ Info: node ConstructionBots.TemplatedID{Tuple{ConstructionBots.TransportUnitGo, ConstructionBots.TemplatedID{Tuple{ConstructionBots.TransportUnitNode, ConstructionBots.ObjectID}}}}(18) finished.



[K[A[K[A[K[ASimulating...   9%|█████                                             |  ETA: 0:08:24 ( 2.17  s/it)[K
   step_num: 90[K
   n_closed: 81[K
    n_total: 313[K[A[A[A[ Info: node ConstructionBots.TemplatedID{Tuple{ConstructionBots.DepositCargo, ConstructionBots.TemplatedID{Tuple{ConstructionBots.TransportUnitNode, ConstructionBots.ObjectID}}}}(18) finished.
[ Info: node ConstructionBots.TemplatedID{Tuple{ConstructionBots.LiftIntoPlace, ConstructionBots.ObjectID}}(18) finished.
[ Info: Closing BuildingStep ConstructionBots.TemplatedID{ConstructionBots.CloseBuildStep}(2)
[ Info: node ConstructionBots.TemplatedID{ConstructionBots.CloseBuildStep}(2) finished.
[ Info: node ConstructionBots.TemplatedID{ConstructionBots.OpenBuildStep}(1) finished.
[ Info: New RVO simulation



[K[A[K[A[K[ASimulating...  11%|██████                                            |  ETA: 0:07:12 ( 1.89  s/it)[K
   step_num: 93[K
   n_closed: 85[K
    n_total: 313[K[A[A[A[ Info: node ConstructionBots.TemplatedID{Tuple{ConstructionBots.TransportUnitGo, ConstructionBots.TemplatedID{Tuple{ConstructionBots.TransportUnitNode, ConstructionBots.ObjectID}}}}(11) finished.
[ Info: node ConstructionBots.TemplatedID{Tuple{ConstructionBots.TransportUnitGo, ConstructionBots.TemplatedID{Tuple{ConstructionBots.TransportUnitNode, ConstructionBots.ObjectID}}}}(13) finished.
[ Info: node ConstructionBots.TemplatedID{Tuple{ConstructionBots.DepositCargo, ConstructionBots.TemplatedID{Tuple{ConstructionBots.TransportUnitNode, ConstructionBots.ObjectID}}}}(11) finished.
[ Info: node ConstructionBots.TemplatedID{Tuple{ConstructionBots.LiftIntoPlace, ConstructionBots.ObjectID}}(11) finished.
[ Info: Closing BuildingStep ConstructionBots.TemplatedID{ConstructionBots.CloseBuildStep}(13)
[ Info: node ConstructionBots.TemplatedID{ConstructionBots.CloseBuildStep}(13) finished.
[ Info: node ConstructionBots.TemplatedID{ConstructionBots.OpenBuildStep}(12) finished.
[ Info: New RVO simulation
[ Info: node ConstructionBots.TemplatedID{Tuple{ConstructionBots.DepositCargo, ConstructionBots.TemplatedID{Tuple{ConstructionBots.TransportUnitNode, ConstructionBots.ObjectID}}}}(13) finished.
[ Info: node ConstructionBots.TemplatedID{Tuple{ConstructionBots.LiftIntoPlace, ConstructionBots.ObjectID}}(13) finished.
[ Info: Closing BuildingStep ConstructionBots.TemplatedID{ConstructionBots.CloseBuildStep}(6)
[ Info: node ConstructionBots.TemplatedID{ConstructionBots.CloseBuildStep}(6) finished.
[ Info: node ConstructionBots.TemplatedID{ConstructionBots.OpenBuildStep}(5) finished.
[ Info: New RVO simulation
[ Info: node ConstructionBots.TemplatedID{Tuple{ConstructionBots.TransportUnitGo, ConstructionBots.TemplatedID{Tuple{ConstructionBots.TransportUnitNode, ConstructionBots.ObjectID}}}}(17) finished.
[ Info: node ConstructionBots.TemplatedID{Tuple{ConstructionBots.DepositCargo, ConstructionBots.TemplatedID{Tuple{ConstructionBots.TransportUnitNode, ConstructionBots.ObjectID}}}}(17) finished.
[ Info: New RVO simulation



[K[A[K[A[K[ASimulating...  15%|████████                                          |  ETA: 0:04:50 ( 1.34  s/it)[K
   step_num: 132[K
   n_closed: 97[K
    n_total: 313[K[A[A[A[ Info: node ConstructionBots.TemplatedID{Tuple{ConstructionBots.LiftIntoPlace, ConstructionBots.ObjectID}}(17) finished.
[ Info: Closing BuildingStep ConstructionBots.TemplatedID{ConstructionBots.CloseBuildStep}(1)
[ Info: node ConstructionBots.TemplatedID{ConstructionBots.CloseBuildStep}(1) finished.
[ Info: node ConstructionBots.TemplatedID{Tuple{ConstructionBots.AssemblyComplete, ConstructionBots.AssemblyID}}(8) finished.
[ Info: node ConstructionBots.ActionID(47) finished.
[ Info: node ConstructionBots.ActionID(52) finished.
[ Info: New RVO simulation
[ Info: node ConstructionBots.TemplatedID{Tuple{ConstructionBots.FormTransportUnit, ConstructionBots.TemplatedID{Tuple{ConstructionBots.TransportUnitNode, ConstructionBots.ObjectID}}}}(20) finished.
[ Info: node ConstructionBots.TemplatedID{Tuple{ConstructionBots.TransportUnitGo, ConstructionBots.TemplatedID{Tuple{ConstructionBots.TransportUnitNode, ConstructionBots.ObjectID}}}}(12) finished.
[ Info: node ConstructionBots.TemplatedID{Tuple{ConstructionBots.DepositCargo, ConstructionBots.TemplatedID{Tuple{ConstructionBots.TransportUnitNode, ConstructionBots.ObjectID}}}}(12) finished.
[ Info: New RVO simulation
[ Info: node ConstructionBots.TemplatedID{Tuple{ConstructionBots.LiftIntoPlace, ConstructionBots.ObjectID}}(12) finished.
[ Info: Closing BuildingStep ConstructionBots.TemplatedID{ConstructionBots.CloseBuildStep}(5)
[ Info: node ConstructionBots.TemplatedID{ConstructionBots.CloseBuildStep}(5) finished.
[ Info: node ConstructionBots.TemplatedID{Tuple{ConstructionBots.AssemblyComplete, ConstructionBots.AssemblyID}}(6) finished.
[ Info: node ConstructionBots.ActionID(57) finished.
[ Info: node ConstructionBots.TemplatedID{Tuple{ConstructionBots.TransportUnitGo, ConstructionBots.TemplatedID{Tuple{ConstructionBots.TransportUnitNode, ConstructionBots.ObjectID}}}}(20) finished.
[ Info: node ConstructionBots.TemplatedID{Tuple{ConstructionBots.TransportUnitGo, ConstructionBots.TemplatedID{Tuple{ConstructionBots.TransportUnitNode, ConstructionBots.ObjectID}}}}(15) finished.
[ Info: node ConstructionBots.TemplatedID{Tuple{ConstructionBots.DepositCargo, ConstructionBots.TemplatedID{Tuple{ConstructionBots.TransportUnitNode, ConstructionBots.ObjectID}}}}(20) finished.
[ Info: node ConstructionBots.ActionID(10) finished.
[ Info: node ConstructionBots.TemplatedID{Tuple{ConstructionBots.LiftIntoPlace, ConstructionBots.ObjectID}}(20) finished.
[ Info: Closing BuildingStep ConstructionBots.TemplatedID{ConstructionBots.CloseBuildStep}(4)
[ Info: node ConstructionBots.TemplatedID{ConstructionBots.CloseBuildStep}(4) finished.
[ Info: node ConstructionBots.TemplatedID{ConstructionBots.OpenBuildStep}(3) finished.
[ Info: New RVO simulation
[ Info: node ConstructionBots.TemplatedID{Tuple{ConstructionBots.DepositCargo, ConstructionBots.TemplatedID{Tuple{ConstructionBots.TransportUnitNode, ConstructionBots.ObjectID}}}}(15) finished.
[ Info: node ConstructionBots.TemplatedID{Tuple{ConstructionBots.LiftIntoPlace, ConstructionBots.ObjectID}}(15) finished.
[ Info: Closing BuildingStep ConstructionBots.TemplatedID{ConstructionBots.CloseBuildStep}(8)
[ Info: node ConstructionBots.TemplatedID{ConstructionBots.CloseBuildStep}(8) finished.
[ Info: node ConstructionBots.TemplatedID{ConstructionBots.OpenBuildStep}(7) finished.
[ Info: New RVO simulation
[ Info: node ConstructionBots.ActionID(54) finished.
[ Info: node ConstructionBots.ActionID(51) finished.
[ Info: node ConstructionBots.ActionID(45) finished.
[ Info: node ConstructionBots.ActionID(50) finished.
[ Info: New RVO simulation
[ Info: node ConstructionBots.ActionID(12) finished.
[ Info: node ConstructionBots.ActionID(85) finished.
[ Info: node ConstructionBots.ActionID(86) finished.
[ Info: New RVO simulation
[ Info: node ConstructionBots.TemplatedID{Tuple{ConstructionBots.FormTransportUnit, ConstructionBots.TemplatedID{Tuple{ConstructionBots.TransportUnitNode, ConstructionBots.ObjectID}}}}(19) finished.
[ Info: node ConstructionBots.ActionID(53) finished.
[ Info: node ConstructionBots.ActionID(82) finished.
[ Info: node ConstructionBots.ActionID(81) finished.
[ Info: New RVO simulation
[ Info: node ConstructionBots.TemplatedID{Tuple{ConstructionBots.FormTransportUnit, ConstructionBots.TemplatedID{Tuple{ConstructionBots.TransportUnitNode, ConstructionBots.AssemblyID}}}}(6) finished.
[ Info: node ConstructionBots.TemplatedID{Tuple{ConstructionBots.FormTransportUnit, ConstructionBots.TemplatedID{Tuple{ConstructionBots.TransportUnitNode, ConstructionBots.ObjectID}}}}(10) finished.



[K[A[K[A[K[ASimulating...  29%|███████████████                                   |  ETA: 0:02:11 ( 0.73  s/it)[K
   step_num: 187[K
   n_closed: 133[K
    n_total: 313[K[A[A[A[ Info: node ConstructionBots.TemplatedID{Tuple{ConstructionBots.TransportUnitGo, ConstructionBots.TemplatedID{Tuple{ConstructionBots.TransportUnitNode, ConstructionBots.ObjectID}}}}(19) finished.
[ Info: node ConstructionBots.TemplatedID{Tuple{ConstructionBots.DepositCargo, ConstructionBots.TemplatedID{Tuple{ConstructionBots.TransportUnitNode, ConstructionBots.ObjectID}}}}(19) finished.
[ Info: New RVO simulation
[ Info: node ConstructionBots.TemplatedID{Tuple{ConstructionBots.TransportUnitGo, ConstructionBots.TemplatedID{Tuple{ConstructionBots.TransportUnitNode, ConstructionBots.AssemblyID}}}}(6) finished.
[ Info: node ConstructionBots.TemplatedID{Tuple{ConstructionBots.LiftIntoPlace, ConstructionBots.ObjectID}}(19) finished.
[ Info: Closing BuildingStep ConstructionBots.TemplatedID{ConstructionBots.CloseBuildStep}(3)
[ Info: node ConstructionBots.TemplatedID{ConstructionBots.CloseBuildStep}(3) finished.
[ Info: node ConstructionBots.TemplatedID{Tuple{ConstructionBots.AssemblyComplete, ConstructionBots.AssemblyID}}(7) finished.
[ Info: node ConstructionBots.TemplatedID{Tuple{ConstructionBots.DepositCargo, ConstructionBots.TemplatedID{Tuple{ConstructionBots.TransportUnitNode, ConstructionBots.AssemblyID}}}}(6) finished.
[ Info: New RVO simulation



[K[A[K[A[K[ASimulating...  32%|█████████████████                                 |  ETA: 0:01:58 ( 0.68  s/it)[K
   step_num: 212[K
   n_closed: 140[K
    n_total: 313[K[A[A[A[ Info: node ConstructionBots.ActionID(92) finished.
[ Info: node ConstructionBots.ActionID(74) finished.
[ Info: node ConstructionBots.ActionID(73) finished.
[ Info: New RVO simulation
[ Info: node ConstructionBots.TemplatedID{Tuple{ConstructionBots.FormTransportUnit, ConstructionBots.TemplatedID{Tuple{ConstructionBots.TransportUnitNode, ConstructionBots.ObjectID}}}}(8) finished.
[ Info: node ConstructionBots.TemplatedID{Tuple{ConstructionBots.LiftIntoPlace, ConstructionBots.AssemblyID}}(6) finished.
[ Info: node ConstructionBots.TemplatedID{Tuple{ConstructionBots.TransportUnitGo, ConstructionBots.TemplatedID{Tuple{ConstructionBots.TransportUnitNode, ConstructionBots.ObjectID}}}}(10) finished.
[ Info: node ConstructionBots.TemplatedID{Tuple{ConstructionBots.DepositCargo, ConstructionBots.TemplatedID{Tuple{ConstructionBots.TransportUnitNode, ConstructionBots.ObjectID}}}}(10) finished.
[ Info: node ConstructionBots.TemplatedID{Tuple{ConstructionBots.LiftIntoPlace, ConstructionBots.ObjectID}}(10) finished.
[ Info: Closing BuildingStep ConstructionBots.TemplatedID{ConstructionBots.CloseBuildStep}(11)
[ Info: node ConstructionBots.TemplatedID{ConstructionBots.CloseBuildStep}(11) finished.
[ Info: node ConstructionBots.TemplatedID{ConstructionBots.OpenBuildStep}(10) finished.
[ Info: New RVO simulation



[K[A[K[A[K[ASimulating...  36%|███████████████████                               |  ETA: 0:01:41 ( 0.62  s/it)[K
   step_num: 263[K
   n_closed: 150[K
    n_total: 313[K[A[A[A[ Info: node ConstructionBots.ActionID(80) finished.
[ Info: node ConstructionBots.ActionID(49) finished.
[ Info: node ConstructionBots.ActionID(62) finished.
[ Info: node ConstructionBots.ActionID(61) finished.
[ Info: New RVO simulation
[ Info: node ConstructionBots.TemplatedID{Tuple{ConstructionBots.FormTransportUnit, ConstructionBots.TemplatedID{Tuple{ConstructionBots.TransportUnitNode, ConstructionBots.ObjectID}}}}(14) finished.
[ Info: node ConstructionBots.ActionID(84) finished.
[ Info: node ConstructionBots.ActionID(66) finished.
[ Info: New RVO simulation
[ Info: node ConstructionBots.TemplatedID{Tuple{ConstructionBots.FormTransportUnit, ConstructionBots.TemplatedID{Tuple{ConstructionBots.TransportUnitNode, ConstructionBots.ObjectID}}}}(7) finished.
[ Info: node ConstructionBots.ActionID(83) finished.
[ Info: node ConstructionBots.TemplatedID{Tuple{ConstructionBots.TransportUnitGo, ConstructionBots.TemplatedID{Tuple{ConstructionBots.TransportUnitNode, ConstructionBots.ObjectID}}}}(8) finished.
[ Info: node ConstructionBots.TemplatedID{Tuple{ConstructionBots.DepositCargo, ConstructionBots.TemplatedID{Tuple{ConstructionBots.TransportUnitNode, ConstructionBots.ObjectID}}}}(8) finished.
[ Info: New RVO simulation
[ Info: node ConstructionBots.TemplatedID{Tuple{ConstructionBots.LiftIntoPlace, ConstructionBots.ObjectID}}(8) finished.



[K[A[K[A[K[ASimulating...  41%|█████████████████████                             |  ETA: 0:01:24 ( 0.56  s/it)[K
   step_num: 306[K
   n_closed: 162[K
    n_total: 313[K[A[A[A[ Info: node ConstructionBots.ActionID(72) finished.
[ Info: node ConstructionBots.ActionID(77) finished.
[ Info: node ConstructionBots.ActionID(78) finished.
[ Info: New RVO simulation
[ Info: node ConstructionBots.TemplatedID{Tuple{ConstructionBots.FormTransportUnit, ConstructionBots.TemplatedID{Tuple{ConstructionBots.TransportUnitNode, ConstructionBots.ObjectID}}}}(9) finished.
[ Info: node ConstructionBots.TemplatedID{Tuple{ConstructionBots.TransportUnitGo, ConstructionBots.TemplatedID{Tuple{ConstructionBots.TransportUnitNode, ConstructionBots.ObjectID}}}}(9) finished.
[ Info: node ConstructionBots.TemplatedID{Tuple{ConstructionBots.DepositCargo, ConstructionBots.TemplatedID{Tuple{ConstructionBots.TransportUnitNode, ConstructionBots.ObjectID}}}}(9) finished.
[ Info: New RVO simulation
[ Info: node ConstructionBots.TemplatedID{Tuple{ConstructionBots.LiftIntoPlace, ConstructionBots.ObjectID}}(9) finished.
[ Info: Closing BuildingStep ConstructionBots.TemplatedID{ConstructionBots.CloseBuildStep}(10)
[ Info: node ConstructionBots.TemplatedID{ConstructionBots.CloseBuildStep}(10) finished.
[ Info: node ConstructionBots.TemplatedID{ConstructionBots.OpenBuildStep}(9) finished.



[K[A[K[A[K[ASimulating...  44%|███████████████████████                           |  ETA: 0:01:14 ( 0.52  s/it)[K
   step_num: 371[K
   n_closed: 171[K
    n_total: 313[K[A[A[A[ Info: node ConstructionBots.ActionID(79) finished.
[ Info: node ConstructionBots.ActionID(71) finished.
[ Info: node ConstructionBots.ActionID(70) finished.
[ Info: node ConstructionBots.ActionID(69) finished.
[ Info: New RVO simulation
[ Info: node ConstructionBots.TemplatedID{Tuple{ConstructionBots.FormTransportUnit, ConstructionBots.TemplatedID{Tuple{ConstructionBots.TransportUnitNode, ConstructionBots.ObjectID}}}}(6) finished.
[ Info: node ConstructionBots.TemplatedID{Tuple{ConstructionBots.TransportUnitGo, ConstructionBots.TemplatedID{Tuple{ConstructionBots.TransportUnitNode, ConstructionBots.ObjectID}}}}(7) finished.
[ Info: node ConstructionBots.TemplatedID{Tuple{ConstructionBots.DepositCargo, ConstructionBots.TemplatedID{Tuple{ConstructionBots.TransportUnitNode, ConstructionBots.ObjectID}}}}(7) finished.
[ Info: New RVO simulation
[ Info: node ConstructionBots.TemplatedID{Tuple{ConstructionBots.LiftIntoPlace, ConstructionBots.ObjectID}}(7) finished.
[ Info: node ConstructionBots.ActionID(76) finished.
[ Info: node ConstructionBots.TemplatedID{Tuple{ConstructionBots.TransportUnitGo, ConstructionBots.TemplatedID{Tuple{ConstructionBots.TransportUnitNode, ConstructionBots.ObjectID}}}}(6) finished.
[ Info: node ConstructionBots.TemplatedID{Tuple{ConstructionBots.TransportUnitGo, ConstructionBots.TemplatedID{Tuple{ConstructionBots.TransportUnitNode, ConstructionBots.ObjectID}}}}(14) finished.
[ Info: node ConstructionBots.TemplatedID{Tuple{ConstructionBots.DepositCargo, ConstructionBots.TemplatedID{Tuple{ConstructionBots.TransportUnitNode, ConstructionBots.ObjectID}}}}(6) finished.
[ Info: node ConstructionBots.ActionID(102) finished.
[ Info: node ConstructionBots.ActionID(101) finished.
[ Info: New RVO simulation
[ Info: node ConstructionBots.TemplatedID{Tuple{ConstructionBots.DepositCargo, ConstructionBots.TemplatedID{Tuple{ConstructionBots.TransportUnitNode, ConstructionBots.ObjectID}}}}(14) finished.
[ Info: New RVO simulation
[ Info: node ConstructionBots.TemplatedID{Tuple{ConstructionBots.FormTransportUnit, ConstructionBots.TemplatedID{Tuple{ConstructionBots.TransportUnitNode, ConstructionBots.ObjectID}}}}(16) finished.



[K[A[K[A[K[ASimulating...  51%|██████████████████████████                        |  ETA: 0:00:59 ( 0.46  s/it)[K
   step_num: 429[K
   n_closed: 187[K
    n_total: 313[K[A[A[A[ Info: node ConstructionBots.TemplatedID{Tuple{ConstructionBots.LiftIntoPlace, ConstructionBots.ObjectID}}(14) finished.
[ Info: Closing BuildingStep ConstructionBots.TemplatedID{ConstructionBots.CloseBuildStep}(7)
[ Info: node ConstructionBots.TemplatedID{ConstructionBots.CloseBuildStep}(7) finished.
[ Info: node ConstructionBots.TemplatedID{Tuple{ConstructionBots.AssemblyComplete, ConstructionBots.AssemblyID}}(5) finished.
[ Info: node ConstructionBots.TemplatedID{Tuple{ConstructionBots.LiftIntoPlace, ConstructionBots.ObjectID}}(6) finished.
[ Info: Closing BuildingStep ConstructionBots.TemplatedID{ConstructionBots.CloseBuildStep}(9)
[ Info: node ConstructionBots.TemplatedID{ConstructionBots.CloseBuildStep}(9) finished.
[ Info: node ConstructionBots.TemplatedID{Tuple{ConstructionBots.AssemblyComplete, ConstructionBots.AssemblyID}}(4) finished.
[ Info: node ConstructionBots.ActionID(63) finished.
[ Info: node ConstructionBots.ActionID(65) finished.
[ Info: node ConstructionBots.ActionID(75) finished.
[ Info: node ConstructionBots.ActionID(130) finished.
[ Info: node ConstructionBots.ActionID(129) finished.
[ Info: New RVO simulation
[ Info: node ConstructionBots.TemplatedID{Tuple{ConstructionBots.FormTransportUnit, ConstructionBots.TemplatedID{Tuple{ConstructionBots.TransportUnitNode, ConstructionBots.AssemblyID}}}}(4) finished.



[K[A[K[A[K[ASimulating...  55%|████████████████████████████                      |  ETA: 0:00:49 ( 0.43  s/it)[K
   step_num: 463[K
   n_closed: 199[K
    n_total: 313[K[A[A[A[ Info: node ConstructionBots.ActionID(68) finished.
[ Info: node ConstructionBots.ActionID(96) finished.
[ Info: New RVO simulation



[K[A[K[A[K[ASimulating...  56%|█████████████████████████████                     |  ETA: 0:00:49 ( 0.43  s/it)[K
   step_num: 489[K
   n_closed: 201[K
    n_total: 313[K[A[A[A[ Info: node ConstructionBots.TemplatedID{Tuple{ConstructionBots.FormTransportUnit, ConstructionBots.TemplatedID{Tuple{ConstructionBots.TransportUnitNode, ConstructionBots.AssemblyID}}}}(8) finished.
[ Info: node ConstructionBots.ActionID(91) finished.
[ Info: node ConstructionBots.ActionID(89) finished.
[ Info: node ConstructionBots.ActionID(90) finished.
[ Info: New RVO simulation
[ Info: node ConstructionBots.TemplatedID{Tuple{ConstructionBots.FormTransportUnit, ConstructionBots.TemplatedID{Tuple{ConstructionBots.TransportUnitNode, ConstructionBots.AssemblyID}}}}(5) finished.



[K[A[K[A[K[ASimulating...  58%|██████████████████████████████                    |  ETA: 0:00:46 ( 0.43  s/it)[K
   step_num: 501[K
   n_closed: 206[K
    n_total: 313[K[A[A[A[ Info: node ConstructionBots.TemplatedID{Tuple{ConstructionBots.TransportUnitGo, ConstructionBots.TemplatedID{Tuple{ConstructionBots.TransportUnitNode, ConstructionBots.ObjectID}}}}(16) finished.
[ Info: node ConstructionBots.TemplatedID{Tuple{ConstructionBots.DepositCargo, ConstructionBots.TemplatedID{Tuple{ConstructionBots.TransportUnitNode, ConstructionBots.ObjectID}}}}(16) finished.
[ Info: node ConstructionBots.TemplatedID{Tuple{ConstructionBots.LiftIntoPlace, ConstructionBots.ObjectID}}(16) finished.
[ Info: Closing BuildingStep ConstructionBots.TemplatedID{ConstructionBots.CloseBuildStep}(15)
[ Info: node ConstructionBots.TemplatedID{ConstructionBots.CloseBuildStep}(15) finished.
[ Info: node ConstructionBots.TemplatedID{ConstructionBots.OpenBuildStep}(14) finished.
[ Info: New RVO simulation
[ Info: node ConstructionBots.TemplatedID{Tuple{ConstructionBots.TransportUnitGo, ConstructionBots.TemplatedID{Tuple{ConstructionBots.TransportUnitNode, ConstructionBots.AssemblyID}}}}(5) finished.
[ Info: node ConstructionBots.TemplatedID{Tuple{ConstructionBots.TransportUnitGo, ConstructionBots.TemplatedID{Tuple{ConstructionBots.TransportUnitNode, ConstructionBots.AssemblyID}}}}(8) finished.
[ Info: node ConstructionBots.TemplatedID{Tuple{ConstructionBots.DepositCargo, ConstructionBots.TemplatedID{Tuple{ConstructionBots.TransportUnitNode, ConstructionBots.AssemblyID}}}}(5) finished.
[ Info: New RVO simulation



[K[A[K[A[K[ASimulating...  61%|███████████████████████████████                   |  ETA: 0:00:41 ( 0.41  s/it)[K
   step_num: 527[K
   n_closed: 214[K
    n_total: 313[K[A[A[A[ Info: node ConstructionBots.TemplatedID{Tuple{ConstructionBots.DepositCargo, ConstructionBots.TemplatedID{Tuple{ConstructionBots.TransportUnitNode, ConstructionBots.AssemblyID}}}}(8) finished.
[ Info: New RVO simulation
[ Info: node ConstructionBots.TemplatedID{Tuple{ConstructionBots.LiftIntoPlace, ConstructionBots.AssemblyID}}(5) finished.
[ Info: Closing BuildingStep ConstructionBots.TemplatedID{ConstructionBots.CloseBuildStep}(12)
[ Info: node ConstructionBots.TemplatedID{ConstructionBots.CloseBuildStep}(12) finished.
[ Info: node ConstructionBots.TemplatedID{Tuple{ConstructionBots.AssemblyComplete, ConstructionBots.AssemblyID}}(3) finished.
[ Info: node ConstructionBots.TemplatedID{Tuple{ConstructionBots.LiftIntoPlace, ConstructionBots.AssemblyID}}(8) finished.
[ Info: node ConstructionBots.ActionID(67) finished.
[ Info: node ConstructionBots.ActionID(98) finished.
[ Info: New RVO simulation



[K[A[K[A[K[ASimulating...  64%|████████████████████████████████                  |  ETA: 0:00:37 ( 0.40  s/it)[K
   step_num: 550[K
   n_closed: 221[K
    n_total: 313[K[A[A[A[ Info: node ConstructionBots.TemplatedID{Tuple{ConstructionBots.FormTransportUnit, ConstructionBots.TemplatedID{Tuple{ConstructionBots.TransportUnitNode, ConstructionBots.AssemblyID}}}}(7) finished.
[ Info: node ConstructionBots.ActionID(59) finished.
[ Info: node ConstructionBots.ActionID(60) finished.



[K[A[K[A[K[ASimulating...  65%|█████████████████████████████████                 |  ETA: 0:00:35 ( 0.40  s/it)[K
   step_num: 569[K
   n_closed: 224[K
    n_total: 313[K[A[A[A[ Info: node ConstructionBots.TemplatedID{Tuple{ConstructionBots.TransportUnitGo, ConstructionBots.TemplatedID{Tuple{ConstructionBots.TransportUnitNode, ConstructionBots.AssemblyID}}}}(7) finished.
[ Info: node ConstructionBots.TemplatedID{Tuple{ConstructionBots.DepositCargo, ConstructionBots.TemplatedID{Tuple{ConstructionBots.TransportUnitNode, ConstructionBots.AssemblyID}}}}(7) finished.
[ Info: New RVO simulation
[ Info: node ConstructionBots.TemplatedID{Tuple{ConstructionBots.LiftIntoPlace, ConstructionBots.AssemblyID}}(7) finished.
[ Info: Closing BuildingStep ConstructionBots.TemplatedID{ConstructionBots.CloseBuildStep}(14)
[ Info: node ConstructionBots.TemplatedID{ConstructionBots.CloseBuildStep}(14) finished.
[ Info: node ConstructionBots.TemplatedID{Tuple{ConstructionBots.AssemblyComplete, ConstructionBots.AssemblyID}}(2) finished.



[K[A[K[A[K[ASimulating...  67%|██████████████████████████████████                |  ETA: 0:00:33 ( 0.39  s/it)[K
   step_num: 595[K
   n_closed: 229[K
    n_total: 313[K[A[A[A[ Info: node ConstructionBots.ActionID(99) finished.
[ Info: node ConstructionBots.ActionID(100) finished.
[ Info: node ConstructionBots.ActionID(117) finished.
[ Info: node ConstructionBots.ActionID(118) finished.
[ Info: New RVO simulation
[ Info: node ConstructionBots.TemplatedID{Tuple{ConstructionBots.FormTransportUnit, ConstructionBots.TemplatedID{Tuple{ConstructionBots.TransportUnitNode, ConstructionBots.AssemblyID}}}}(2) finished.



[K[A[K[A[K[ASimulating...  69%|███████████████████████████████████               |  ETA: 0:00:31 ( 0.39  s/it)[K
   step_num: 617[K
   n_closed: 234[K
    n_total: 313[K[A[A[A[ Info: node ConstructionBots.ActionID(88) finished.
[ Info: node ConstructionBots.ActionID(95) finished.
[ Info: node ConstructionBots.ActionID(97) finished.
[ Info: node ConstructionBots.ActionID(112) finished.
[ Info: node ConstructionBots.ActionID(111) finished.
[ Info: New RVO simulation



[K[A[K[A[K[ASimulating...  71%|████████████████████████████████████              |  ETA: 0:00:28 ( 0.38  s/it)[K
   step_num: 640[K
   n_closed: 239[K
    n_total: 313[K[A[A[A[ Info: node ConstructionBots.TemplatedID{Tuple{ConstructionBots.FormTransportUnit, ConstructionBots.TemplatedID{Tuple{ConstructionBots.TransportUnitNode, ConstructionBots.ObjectID}}}}(4) finished.



[K[A[K[A[K[ASimulating...  71%|████████████████████████████████████              |  ETA: 0:00:28 ( 0.39  s/it)[K
   step_num: 663[K
   n_closed: 240[K
    n_total: 313[K[A[A[A


[K[A[K[A[K[ASimulating...  71%|████████████████████████████████████              |  ETA: 0:00:29 ( 0.39  s/it)[K
   step_num: 698[K
   n_closed: 240[K
    n_total: 313[K[A[A[A


[K[A[K[A[K[ASimulating...  71%|████████████████████████████████████              |  ETA: 0:00:29 ( 0.40  s/it)[K
   step_num: 732[K
   n_closed: 240[K
    n_total: 313[K[A[A[A


[K[A[K[A[K[ASimulating...  71%|████████████████████████████████████              |  ETA: 0:00:29 ( 0.40  s/it)[K
   step_num: 755[K
   n_closed: 240[K
    n_total: 313[K[A[A[A[ Info: [RESPEC] OOD event: A multi-robot transport team is deadlocked while forming: some members are waiting in their carrying positions but the team cannot complete and the build has stalled. Re-establish the stuck transport team(s).



[K[A[K[A[K[ASimulating...  71%|████████████████████████████████████              |  ETA: 0:00:30 ( 0.42  s/it)[K
   step_num: 762[K
   n_closed: 240[K
    n_total: 313[K[A[A[A


[K[A[K[A[K[ASimulating...  71%|████████████████████████████████████              |  ETA: 0:00:31 ( 0.42  s/it)[K
   step_num: 793[K
   n_closed: 240[K
    n_total: 313[K[A[A[A


[K[A[K[A[K[ASimulating...  71%|████████████████████████████████████              |  ETA: 0:00:31 ( 0.43  s/it)[K
   step_num: 823[K
   n_closed: 240[K
    n_total: 313[K[A[A[A


[K[A[K[A[K[ASimulating...  71%|████████████████████████████████████              |  ETA: 0:00:32 ( 0.43  s/it)[K
   step_num: 845[K
   n_closed: 240[K
    n_total: 313[K[A[A[A


[K[A[K[A[K[ASimulating...  71%|████████████████████████████████████              |  ETA: 0:00:32 ( 0.44  s/it)[K
   step_num: 871[K
   n_closed: 240[K
    n_total: 313[K[A[A[A[ Info: [RESPEC] OOD event: A multi-robot transport team is deadlocked while forming: some members are waiting in their carrying positions but the team cannot complete and the build has stalled. Re-establish the stuck transport team(s).



[K[A[K[A[K[ASimulating...  71%|████████████████████████████████████              |  ETA: 0:00:33 ( 0.45  s/it)[K
   step_num: 899[K
   n_closed: 240[K
    n_total: 313[K[A[A[A


[K[A[K[A[K[ASimulating...  71%|████████████████████████████████████              |  ETA: 0:00:33 ( 0.45  s/it)[K
   step_num: 914[K
   n_closed: 240[K
    n_total: 313[K[A[A[A


[K[A[K[A[K[ASimulating...  71%|████████████████████████████████████              |  ETA: 0:00:33 ( 0.46  s/it)[K
   step_num: 935[K
   n_closed: 240[K
    n_total: 313[K[A[A[A


[K[A[K[A[K[ASimulating...  71%|████████████████████████████████████              |  ETA: 0:00:34 ( 0.46  s/it)[K
   step_num: 957[K
   n_closed: 240[K
    n_total: 313[K[A[A[A


[K[A[K[A[K[ASimulating...  71%|████████████████████████████████████              |  ETA: 0:00:34 ( 0.47  s/it)[K
   step_num: 985[K
   n_closed: 240[K
    n_total: 313[K[A[A[A[ Info: [RESPEC] OOD event: A multi-robot transport team is deadlocked while forming: some members are waiting in their carrying positions but the team cannot complete and the build has stalled. Re-establish the stuck transport team(s).



[K[A[K[A[K[ASimulating...  71%|████████████████████████████████████              |  ETA: 0:00:35 ( 0.47  s/it)[K
   step_num: 1009[K
   n_closed: 240[K
    n_total: 313[K[A[A[A


[K[A[K[A[K[ASimulating...  71%|████████████████████████████████████              |  ETA: 0:00:35 ( 0.48  s/it)[K
   step_num: 1036[K
   n_closed: 240[K
    n_total: 313[K[A[A[A


[K[A[K[A[K[ASimulating...  71%|████████████████████████████████████              |  ETA: 0:00:35 ( 0.49  s/it)[K
   step_num: 1056[K
   n_closed: 240[K
    n_total: 313[K[A[A[A


[K[A[K[A[K[ASimulating...  71%|████████████████████████████████████              |  ETA: 0:00:36 ( 0.49  s/it)[K
   step_num: 1089[K
   n_closed: 240[K
    n_total: 313[K[A[A[A


[K[A[K[A[K[ASimulating...  71%|████████████████████████████████████              |  ETA: 0:00:36 ( 0.50  s/it)[K
   step_num: 1121[K
   n_closed: 240[K
    n_total: 313[K[A[A[A[ Info: [RESPEC] OOD event: A multi-robot transport team is deadlocked while forming: some members are waiting in their carrying positions but the team cannot complete and the build has stalled. Re-establish the stuck transport team(s).



[K[A[K[A[K[ASimulating...  71%|████████████████████████████████████              |  ETA: 0:00:37 ( 0.50  s/it)[K
   step_num: 1145[K
   n_closed: 240[K
    n_total: 313[K[A[A[A


[K[A[K[A[K[ASimulating...  71%|████████████████████████████████████              |  ETA: 0:00:37 ( 0.51  s/it)[K
   step_num: 1180[K
   n_closed: 240[K
    n_total: 313[K[A[A[A


[K[A[K[A[K[ASimulating...  71%|████████████████████████████████████              |  ETA: 0:00:38 ( 0.51  s/it)[K
   step_num: 1214[K
   n_closed: 240[K
    n_total: 313[K[A[A[A


[K[A[K[A[K[ASimulating...  71%|████████████████████████████████████              |  ETA: 0:00:38 ( 0.52  s/it)[K
   step_num: 1236[K
   n_closed: 240[K
    n_total: 313[K[A[A[A[ Info: [RESPEC] OOD event: A multi-robot transport team is deadlocked while forming: some members are waiting in their carrying positions but the team cannot complete and the build has stalled. Re-establish the stuck transport team(s).



[K[A[K[A[K[ASimulating...  71%|████████████████████████████████████              |  ETA: 0:00:38 ( 0.53  s/it)[K
   step_num: 1257[K
   n_closed: 240[K
    n_total: 313[K[A[A[A


[K[A[K[A[K[ASimulating...  71%|████████████████████████████████████              |  ETA: 0:00:39 ( 0.53  s/it)[K
   step_num: 1289[K
   n_closed: 240[K
    n_total: 313[K[A[A[A


[K[A[K[A[K[ASimulating...  71%|████████████████████████████████████              |  ETA: 0:00:39 ( 0.54  s/it)[K
   step_num: 1305[K
   n_closed: 240[K
    n_total: 313[K[A[A[A


[K[A[K[A[K[ASimulating...  71%|████████████████████████████████████              |  ETA: 0:00:40 ( 0.54  s/it)[K
   step_num: 1321[K
   n_closed: 240[K
    n_total: 313[K[A[A[A


[K[A[K[A[K[ASimulating...  71%|████████████████████████████████████              |  ETA: 0:00:40 ( 0.55  s/it)[K
   step_num: 1334[K
   n_closed: 240[K
    n_total: 313[K[A[A[A


[K[A[K[A[K[ASimulating...  71%|████████████████████████████████████              |  ETA: 0:00:41 ( 0.56  s/it)[K
   step_num: 1351[K
   n_closed: 240[K
    n_total: 313[K[A[A[A[ Info: [RESPEC] OOD event: A multi-robot transport team is deadlocked while forming: some members are waiting in their carrying positions but the team cannot complete and the build has stalled. Re-establish the stuck transport team(s).



[K[A[K[A[K[ASimulating...  71%|████████████████████████████████████              |  ETA: 0:00:41 ( 0.56  s/it)[K
   step_num: 1383[K
   n_closed: 240[K
    n_total: 313[K[A[A[A


[K[A[K[A[K[ASimulating...  71%|████████████████████████████████████              |  ETA: 0:00:41 ( 0.57  s/it)[K
   step_num: 1411[K
   n_closed: 240[K
    n_total: 313[K[A[A[A


[K[A[K[A[K[ASimulating...  71%|████████████████████████████████████              |  ETA: 0:00:42 ( 0.57  s/it)[K
   step_num: 1441[K
   n_closed: 240[K
    n_total: 313[K[A[A[A


[K[A[K[A[K[ASimulating...  71%|████████████████████████████████████              |  ETA: 0:00:42 ( 0.58  s/it)[K
   step_num: 1459[K
   n_closed: 240[K
    n_total: 313[K[A[A[A[ Info: [RESPEC] OOD event: A multi-robot transport team is deadlocked while forming: some members are waiting in their carrying positions but the team cannot complete and the build has stalled. Re-establish the stuck transport team(s).



[K[A[K[A[K[ASimulating...  71%|████████████████████████████████████              |  ETA: 0:00:43 ( 0.58  s/it)[K
   step_num: 1489[K
   n_closed: 240[K
    n_total: 313[K[A[A[A


[K[A[K[A[K[ASimulating...  71%|████████████████████████████████████              |  ETA: 0:00:43 ( 0.59  s/it)[K
   step_num: 1519[K
   n_closed: 240[K
    n_total: 313[K[A[A[A


[K[A[K[A[K[ASimulating...  71%|████████████████████████████████████              |  ETA: 0:00:44 ( 0.60  s/it)[K
   step_num: 1543[K
   n_closed: 240[K
    n_total: 313[K[A[A[A


[K[A[K[A[K[ASimulating...  71%|████████████████████████████████████              |  ETA: 0:00:44 ( 0.60  s/it)[K
   step_num: 1559[K
   n_closed: 240[K
    n_total: 313[K[A[A[A


[K[A[K[A[K[ASimulating...  71%|████████████████████████████████████              |  ETA: 0:00:44 ( 0.61  s/it)[K
   step_num: 1592[K
   n_closed: 240[K
    n_total: 313[K[A[A[A[ Info: [RESPEC] OOD event: A multi-robot transport team is deadlocked while forming: some members are waiting in their carrying positions but the team cannot complete and the build has stalled. Re-establish the stuck transport team(s).



[K[A[K[A[K[ASimulating...  71%|████████████████████████████████████              |  ETA: 0:00:45 ( 0.61  s/it)[K
   step_num: 1623[K
   n_closed: 240[K
    n_total: 313[K[A[A[A


[K[A[K[A[K[ASimulating...  71%|████████████████████████████████████              |  ETA: 0:00:45 ( 0.62  s/it)[K
   step_num: 1655[K
   n_closed: 240[K
    n_total: 313[K[A[A[A


[K[A[K[A[K[ASimulating...  71%|████████████████████████████████████              |  ETA: 0:00:46 ( 0.62  s/it)[K
   step_num: 1678[K
   n_closed: 240[K
    n_total: 313[K[A[A[A


[K[A[K[A[K[ASimulating...  71%|████████████████████████████████████              |  ETA: 0:00:46 ( 0.63  s/it)[K
   step_num: 1706[K
   n_closed: 240[K
    n_total: 313[K[A[A[A[ Info: [RESPEC] OOD event: A multi-robot transport team is deadlocked while forming: some members are waiting in their carrying positions but the team cannot complete and the build has stalled. Re-establish the stuck transport team(s).



[K[A[K[A[K[ASimulating...  71%|████████████████████████████████████              |  ETA: 0:00:46 ( 0.64  s/it)[K
   step_num: 1733[K
   n_closed: 240[K
    n_total: 313[K[A[A[A


[K[A[K[A[K[ASimulating...  71%|████████████████████████████████████              |  ETA: 0:00:47 ( 0.64  s/it)[K
   step_num: 1762[K
   n_closed: 240[K
    n_total: 313[K[A[A[A


[K[A[K[A[K[ASimulating...  71%|████████████████████████████████████              |  ETA: 0:00:47 ( 0.65  s/it)[K
   step_num: 1781[K
   n_closed: 240[K
    n_total: 313[K[A[A[A


[K[A[K[A[K[ASimulating...  71%|████████████████████████████████████              |  ETA: 0:00:48 ( 0.65  s/it)[K
   step_num: 1810[K
   n_closed: 240[K
    n_total: 313[K[A[A[A


[K[A[K[A[K[ASimulating...  71%|████████████████████████████████████              |  ETA: 0:00:48 ( 0.66  s/it)[K
   step_num: 1838[K
   n_closed: 240[K
    n_total: 313[K[A[A[A[ Info: [RESPEC] OOD event: A multi-robot transport team is deadlocked while forming: some members are waiting in their carrying positions but the team cannot complete and the build has stalled. Re-establish the stuck transport team(s).



[K[A[K[A[K[ASimulating...  71%|████████████████████████████████████              |  ETA: 0:00:48 ( 0.66  s/it)[K
   step_num: 1858[K
   n_closed: 240[K
    n_total: 313[K[A[A[A


[K[A[K[A[K[ASimulating...  71%|████████████████████████████████████              |  ETA: 0:00:49 ( 0.67  s/it)[K
   step_num: 1874[K
   n_closed: 240[K
    n_total: 313[K[A[A[A


[K[A[K[A[K[ASimulating...  71%|████████████████████████████████████              |  ETA: 0:00:49 ( 0.68  s/it)[K
   step_num: 1892[K
   n_closed: 240[K
    n_total: 313[K[A[A[A


[K[A[K[A[K[ASimulating...  71%|████████████████████████████████████              |  ETA: 0:00:50 ( 0.68  s/it)[K
   step_num: 1912[K
   n_closed: 240[K
    n_total: 313[K[A[A[A


[K[A[K[A[K[ASimulating...  71%|████████████████████████████████████              |  ETA: 0:00:50 ( 0.69  s/it)[K
   step_num: 1938[K
   n_closed: 240[K
    n_total: 313[K[A[A[A


[K[A[K[A[K[ASimulating...  71%|████████████████████████████████████              |  ETA: 0:00:51 ( 0.69  s/it)[K
   step_num: 1961[K
   n_closed: 240[K
    n_total: 313[K[A[A[A[ Info: [RESPEC] OOD event: A multi-robot transport team is deadlocked while forming: some members are waiting in their carrying positions but the team cannot complete and the build has stalled. Re-establish the stuck transport team(s).



[K[A[K[A[K[ASimulating...  71%|████████████████████████████████████              |  ETA: 0:00:51 ( 0.70  s/it)[K
   step_num: 1981[K
   n_closed: 240[K
    n_total: 313[K[A[A[A


[K[A[K[A[K[ASimulating...  71%|████████████████████████████████████              |  ETA: 0:00:51 ( 0.70  s/it)[K
   step_num: 2014[K
   n_closed: 240[K
    n_total: 313[K[A[A[A


[K[A[K[A[K[ASimulating...  71%|████████████████████████████████████              |  ETA: 0:00:52 ( 0.71  s/it)[K
   step_num: 2043[K
   n_closed: 240[K
    n_total: 313[K[A[A[A


[K[A[K[A[K[ASimulating...  71%|████████████████████████████████████              |  ETA: 0:00:52 ( 0.72  s/it)[K
   step_num: 2066[K
   n_closed: 240[K
    n_total: 313[K[A[A[A[ Info: [RESPEC] OOD event: A multi-robot transport team is deadlocked while forming: some members are waiting in their carrying positions but the team cannot complete and the build has stalled. Re-establish the stuck transport team(s).



[K[A[K[A[K[ASimulating...  71%|████████████████████████████████████              |  ETA: 0:00:53 ( 0.72  s/it)[K
   step_num: 2084[K
   n_closed: 240[K
    n_total: 313[K[A[A[A


[K[A[K[A[K[ASimulating...  71%|████████████████████████████████████              |  ETA: 0:00:53 ( 0.73  s/it)[K
   step_num: 2110[K
   n_closed: 240[K
    n_total: 313[K[A[A[A


[K[A[K[A[K[ASimulating...  71%|████████████████████████████████████              |  ETA: 0:00:53 ( 0.73  s/it)[K
   step_num: 2141[K
   n_closed: 240[K
    n_total: 313[K[A[A[A


[K[A[K[A[K[ASimulating...  71%|████████████████████████████████████              |  ETA: 0:00:54 ( 0.74  s/it)[K
   step_num: 2172[K
   n_closed: 240[K
    n_total: 313[K[A[A[A


[K[A[K[A[K[ASimulating...  71%|████████████████████████████████████              |  ETA: 0:00:54 ( 0.74  s/it)[K
   step_num: 2192[K
   n_closed: 240[K
    n_total: 313[K[A[A[A[ Info: [RESPEC] OOD event: A multi-robot transport team is deadlocked while forming: some members are waiting in their carrying positions but the team cannot complete and the build has stalled. Re-establish the stuck transport team(s).



[K[A[K[A[K[ASimulating...  71%|████████████████████████████████████              |  ETA: 0:00:55 ( 0.75  s/it)[K
   step_num: 2225[K
   n_closed: 240[K
    n_total: 313[K[A[A[A


[K[A[K[A[K[ASimulating...  71%|████████████████████████████████████              |  ETA: 0:00:55 ( 0.75  s/it)[K
   step_num: 2257[K
   n_closed: 240[K
    n_total: 313[K[A[A[A


[K[A[K[A[K[ASimulating...  71%|████████████████████████████████████              |  ETA: 0:00:55 ( 0.76  s/it)[K
   step_num: 2280[K
   n_closed: 240[K
    n_total: 313[K[A[A[A


[K[A[K[A[K[ASimulating...  71%|████████████████████████████████████              |  ETA: 0:00:56 ( 0.77  s/it)[K
   step_num: 2313[K
   n_closed: 240[K
    n_total: 313[K[A[A[A[ Info: [RESPEC] OOD event: A multi-robot transport team is deadlocked while forming: some members are waiting in their carrying positions but the team cannot complete and the build has stalled. Re-establish the stuck transport team(s).



[K[A[K[A[K[ASimulating...  71%|████████████████████████████████████              |  ETA: 0:00:56 ( 0.77  s/it)[K
   step_num: 2341[K
   n_closed: 240[K
    n_total: 313[K[A[A[A


[K[A[K[A[K[ASimulating...  71%|████████████████████████████████████              |  ETA: 0:00:57 ( 0.78  s/it)[K
   step_num: 2372[K
   n_closed: 240[K
    n_total: 313[K[A[A[A


[K[A[K[A[K[ASimulating...  71%|████████████████████████████████████              |  ETA: 0:00:57 ( 0.78  s/it)[K
   step_num: 2393[K
   n_closed: 240[K
    n_total: 313[K[A[A[A


[K[A[K[A[K[ASimulating...  71%|████████████████████████████████████              |  ETA: 0:00:58 ( 0.79  s/it)[K
   step_num: 2426[K
   n_closed: 240[K
    n_total: 313[K[A[A[A[ Info: [RESPEC] OOD event: A multi-robot transport team is deadlocked while forming: some members are waiting in their carrying positions but the team cannot complete and the build has stalled. Re-establish the stuck transport team(s).



[K[A[K[A[K[ASimulating...  71%|████████████████████████████████████              |  ETA: 0:00:58 ( 0.79  s/it)[K
   step_num: 2460[K
   n_closed: 240[K
    n_total: 313[K[A[A[A


[K[A[K[A[K[ASimulating...  71%|████████████████████████████████████              |  ETA: 0:00:58 ( 0.80  s/it)[K
   step_num: 2486[K
   n_closed: 240[K
    n_total: 313[K[A[A[A


[K[A[K[A[K[ASimulating...  71%|████████████████████████████████████              |  ETA: 0:00:59 ( 0.81  s/it)[K
   step_num: 2510[K
   n_closed: 240[K
    n_total: 313[K[A[A[A


[K[A[K[A[K[ASimulating...  71%|████████████████████████████████████              |  ETA: 0:00:59 ( 0.81  s/it)[K
   step_num: 2545[K
   n_closed: 240[K
    n_total: 313[K[A[A[A[ Info: [RESPEC] OOD event: A multi-robot transport team is deadlocked while forming: some members are waiting in their carrying positions but the team cannot complete and the build has stalled. Re-establish the stuck transport team(s).



[K[A[K[A[K[ASimulating...  71%|████████████████████████████████████              |  ETA: 0:01:00 ( 0.82  s/it)[K
   step_num: 2577[K
   n_closed: 240[K
    n_total: 313[K[A[A[A


[K[A[K[A[K[ASimulating...  71%|████████████████████████████████████              |  ETA: 0:01:00 ( 0.82  s/it)[K
   step_num: 2597[K
   n_closed: 240[K
    n_total: 313[K[A[A[A


[K[A[K[A[K[ASimulating...  71%|████████████████████████████████████              |  ETA: 0:01:00 ( 0.83  s/it)[K
   step_num: 2628[K
   n_closed: 240[K
    n_total: 313[K[A[A[A


[K[A[K[A[K[ASimulating...  71%|████████████████████████████████████              |  ETA: 0:01:01 ( 0.83  s/it)[K
   step_num: 2662[K
   n_closed: 240[K
    n_total: 313[K[A[A[A[ Info: [RESPEC] OOD event: A multi-robot transport team is deadlocked while forming: some members are waiting in their carrying positions but the team cannot complete and the build has stalled. Re-establish the stuck transport team(s).



[K[A[K[A[K[ASimulating...  71%|████████████████████████████████████              |  ETA: 0:01:01 ( 0.84  s/it)[K
   step_num: 2693[K
   n_closed: 240[K
    n_total: 313[K[A[A[A


[K[A[K[A[K[ASimulating...  71%|████████████████████████████████████              |  ETA: 0:01:02 ( 0.85  s/it)[K
   step_num: 2726[K
   n_closed: 240[K
    n_total: 313[K[A[A[A


[K[A[K[A[K[ASimulating...  71%|████████████████████████████████████              |  ETA: 0:01:02 ( 0.85  s/it)[K
   step_num: 2762[K
   n_closed: 240[K
    n_total: 313[K[A[A[A


[K[A[K[A[K[ASimulating...  71%|████████████████████████████████████              |  ETA: 0:01:03 ( 0.86  s/it)[K
   step_num: 2796[K
   n_closed: 240[K
    n_total: 313[K[A[A[A[ Info: [RESPEC] OOD event: A multi-robot transport team is deadlocked while forming: some members are waiting in their carrying positions but the team cannot complete and the build has stalled. Re-establish the stuck transport team(s).



[K[A[K[A[K[ASimulating...  71%|████████████████████████████████████              |  ETA: 0:01:03 ( 0.86  s/it)[K
   step_num: 2831[K
   n_closed: 240[K
    n_total: 313[K[A[A[A


[K[A[K[A[K[ASimulating...  71%|████████████████████████████████████              |  ETA: 0:01:04 ( 0.87  s/it)[K
   step_num: 2866[K
   n_closed: 240[K
    n_total: 313[K[A[A[A


[K[A[K[A[K[ASimulating...  71%|████████████████████████████████████              |  ETA: 0:01:04 ( 0.88  s/it)[K
   step_num: 2900[K
   n_closed: 240[K
    n_total: 313[K[A[A[A[ Info: [RESPEC] OOD event: A multi-robot transport team is deadlocked while forming: some members are waiting in their carrying positions but the team cannot complete and the build has stalled. Re-establish the stuck transport team(s).



[K[A[K[A[K[ASimulating...  71%|████████████████████████████████████              |  ETA: 0:01:04 ( 0.88  s/it)[K
   step_num: 2934[K
   n_closed: 240[K
    n_total: 313[K[A[A[A


[K[A[K[A[K[ASimulating...  71%|████████████████████████████████████              |  ETA: 0:01:05 ( 0.89  s/it)[K
   step_num: 2969[K
   n_closed: 240[K
    n_total: 313[K[A[A[A


[K[A[K[A[K[ASimulating...  71%|████████████████████████████████████              |  ETA: 0:01:05 ( 0.89  s/it)[K
   step_num: 3000[K
   n_closed: 240[K
    n_total: 313[K[A[A[A


[K[A[K[A[K[ASimulating...  71%|████████████████████████████████████              |  ETA: 0:01:06 ( 0.90  s/it)[K
   step_num: 3025[K
   n_closed: 240[K
    n_total: 313[K[A[A[A[ Info: [RESPEC] OOD event: A multi-robot transport team is deadlocked while forming: some members are waiting in their carrying positions but the team cannot complete and the build has stalled. Re-establish the stuck transport team(s).



[K[A[K[A[K[ASimulating...  71%|████████████████████████████████████              |  ETA: 0:01:06 ( 0.91  s/it)[K
   step_num: 3061[K
   n_closed: 240[K
    n_total: 313[K[A[A[A


[K[A[K[A[K[ASimulating...  71%|████████████████████████████████████              |  ETA: 0:01:07 ( 0.91  s/it)[K
   step_num: 3095[K
   n_closed: 240[K
    n_total: 313[K[A[A[A


[K[A[K[A[K[ASimulating...  71%|████████████████████████████████████              |  ETA: 0:01:07 ( 0.92  s/it)[K
   step_num: 3118[K
   n_closed: 240[K
    n_total: 313[K[A[A[A


[K[A[K[A[K[ASimulating...  71%|████████████████████████████████████              |  ETA: 0:01:07 ( 0.92  s/it)[K
   step_num: 3152[K
   n_closed: 240[K
    n_total: 313[K[A[A[A[ Info: [RESPEC] OOD event: A multi-robot transport team is deadlocked while forming: some members are waiting in their carrying positions but the team cannot complete and the build has stalled. Re-establish the stuck transport team(s).



[K[A[K[A[K[ASimulating...  71%|████████████████████████████████████              |  ETA: 0:01:08 ( 0.93  s/it)[K
   step_num: 3188[K
   n_closed: 240[K
    n_total: 313[K[A[A[A


[K[A[K[A[K[ASimulating...  71%|████████████████████████████████████              |  ETA: 0:01:08 ( 0.93  s/it)[K
   step_num: 3213[K
   n_closed: 240[K
    n_total: 313[K[A[A[A


[K[A[K[A[K[ASimulating...  71%|████████████████████████████████████              |  ETA: 0:01:09 ( 0.94  s/it)[K
   step_num: 3247[K
   n_closed: 240[K
    n_total: 313[K[A[A[A[ Info: [RESPEC] OOD event: A multi-robot transport team is deadlocked while forming: some members are waiting in their carrying positions but the team cannot complete and the build has stalled. Re-establish the stuck transport team(s).



[K[A[K[A[K[ASimulating...  71%|████████████████████████████████████              |  ETA: 0:01:09 ( 0.95  s/it)[K
   step_num: 3282[K
   n_closed: 240[K
    n_total: 313[K[A[A[A


[K[A[K[A[K[ASimulating...  71%|████████████████████████████████████              |  ETA: 0:01:10 ( 0.95  s/it)[K
   step_num: 3312[K
   n_closed: 240[K
    n_total: 313[K[A[A[A


[K[A[K[A[K[ASimulating...  71%|████████████████████████████████████              |  ETA: 0:01:10 ( 0.96  s/it)[K
   step_num: 3347[K
   n_closed: 240[K
    n_total: 313[K[A[A[A


[K[A[K[A[K[ASimulating...  71%|████████████████████████████████████              |  ETA: 0:01:10 ( 0.96  s/it)[K
   step_num: 3383[K
   n_closed: 240[K
    n_total: 313[K[A[A[A[ Info: [RESPEC] OOD event: A multi-robot transport team is deadlocked while forming: some members are waiting in their carrying positions but the team cannot complete and the build has stalled. Re-establish the stuck transport team(s).



[K[A[K[A[K[ASimulating...  71%|████████████████████████████████████              |  ETA: 0:01:11 ( 0.97  s/it)[K
   step_num: 3415[K
   n_closed: 240[K
    n_total: 313[K[A[A[A


[K[A[K[A[K[ASimulating...  71%|████████████████████████████████████              |  ETA: 0:01:11 ( 0.98  s/it)[K
   step_num: 3439[K
   n_closed: 240[K
    n_total: 313[K[A[A[A


[K[A[K[A[K[ASimulating...  71%|████████████████████████████████████              |  ETA: 0:01:12 ( 0.98  s/it)[K
   step_num: 3471[K
   n_closed: 240[K
    n_total: 313[K[A[A[A


[K[A[K[A[K[ASimulating...  71%|████████████████████████████████████              |  ETA: 0:01:12 ( 0.99  s/it)[K
   step_num: 3504[K
   n_closed: 240[K
    n_total: 313[K[A[A[A[ Info: [RESPEC] OOD event: A multi-robot transport team is deadlocked while forming: some members are waiting in their carrying positions but the team cannot complete and the build has stalled. Re-establish the stuck transport team(s).



[K[A[K[A[K[ASimulating...  71%|████████████████████████████████████              |  ETA: 0:01:12 ( 0.99  s/it)[K
   step_num: 3525[K
   n_closed: 240[K
    n_total: 313[K[A[A[A


[K[A[K[A[K[ASimulating...  71%|████████████████████████████████████              |  ETA: 0:01:13 ( 1.00  s/it)[K
   step_num: 3558[K
   n_closed: 240[K
    n_total: 313[K[A[A[A


[K[A[K[A[K[ASimulating...  71%|████████████████████████████████████              |  ETA: 0:01:13 ( 1.00  s/it)[K
   step_num: 3590[K
   n_closed: 240[K
    n_total: 313[K[A[A[A


[K[A[K[A[K[ASimulating...  71%|████████████████████████████████████              |  ETA: 0:01:14 ( 1.01  s/it)[K
   step_num: 3620[K
   n_closed: 240[K
    n_total: 313[K[A[A[A[ Info: [RESPEC] OOD event: A multi-robot transport team is deadlocked while forming: some members are waiting in their carrying positions but the team cannot complete and the build has stalled. Re-establish the stuck transport team(s).



[K[A[K[A[K[ASimulating...  71%|████████████████████████████████████              |  ETA: 0:01:14 ( 1.01  s/it)[K
   step_num: 3644[K
   n_closed: 240[K
    n_total: 313[K[A[A[A


[K[A[K[A[K[ASimulating...  71%|████████████████████████████████████              |  ETA: 0:01:14 ( 1.02  s/it)[K
   step_num: 3679[K
   n_closed: 240[K
    n_total: 313[K[A[A[A


[K[A[K[A[K[ASimulating...  71%|████████████████████████████████████              |  ETA: 0:01:15 ( 1.03  s/it)[K
   step_num: 3714[K
   n_closed: 240[K
    n_total: 313[K[A[A[A


[K[A[K[A[K[ASimulating...  71%|████████████████████████████████████              |  ETA: 0:01:15 ( 1.03  s/it)[K
   step_num: 3738[K
   n_closed: 240[K
    n_total: 313[K[A[A[A[ Info: [RESPEC] OOD event: A multi-robot transport team is deadlocked while forming: some members are waiting in their carrying positions but the team cannot complete and the build has stalled. Re-establish the stuck transport team(s).



[K[A[K[A[K[ASimulating...  71%|████████████████████████████████████              |  ETA: 0:01:16 ( 1.04  s/it)[K
   step_num: 3772[K
   n_closed: 240[K
    n_total: 313[K[A[A[A


[K[A[K[A[K[ASimulating...  71%|████████████████████████████████████              |  ETA: 0:01:16 ( 1.04  s/it)[K
   step_num: 3805[K
   n_closed: 240[K
    n_total: 313[K[A[A[A


[K[A[K[A[K[ASimulating...  71%|████████████████████████████████████              |  ETA: 0:01:17 ( 1.05  s/it)[K
   step_num: 3829[K
   n_closed: 240[K
    n_total: 313[K[A[A[A


[K[A[K[A[K[ASimulating...  71%|████████████████████████████████████              |  ETA: 0:01:17 ( 1.05  s/it)[K
   step_num: 3861[K
   n_closed: 240[K
    n_total: 313[K[A[A[A[ Info: [RESPEC] OOD event: A multi-robot transport team is deadlocked while forming: some members are waiting in their carrying positions but the team cannot complete and the build has stalled. Re-establish the stuck transport team(s).



[K[A[K[A[K[ASimulating...  71%|████████████████████████████████████              |  ETA: 0:01:17 ( 1.06  s/it)[K
   step_num: 3896[K
   n_closed: 240[K
    n_total: 313[K[A[A[A


[K[A[K[A[K[ASimulating...  71%|████████████████████████████████████              |  ETA: 0:01:18 ( 1.07  s/it)[K
   step_num: 3927[K
   n_closed: 240[K
    n_total: 313[K[A[A[A


[K[A[K[A[K[ASimulating...  71%|████████████████████████████████████              |  ETA: 0:01:18 ( 1.07  s/it)[K
   step_num: 3955[K
   n_closed: 240[K
    n_total: 313[K[A[A[A


[K[A[K[A[K[ASimulating...  71%|████████████████████████████████████              |  ETA: 0:01:19 ( 1.08  s/it)[K
   step_num: 3991[K
   n_closed: 240[K
    n_total: 313[K[A[A[A[ Info: [RESPEC] OOD event: A multi-robot transport team is deadlocked while forming: some members are waiting in their carrying positions but the team cannot complete and the build has stalled. Re-establish the stuck transport team(s).



[K[A[K[A[K[ASimulating...  71%|████████████████████████████████████              |  ETA: 0:01:19 ( 1.08  s/it)[K
   step_num: 4025[K
   n_closed: 240[K
    n_total: 313[K[A[A[A


[K[A[K[A[K[ASimulating...  71%|████████████████████████████████████              |  ETA: 0:01:19 ( 1.09  s/it)[K
   step_num: 4046[K
   n_closed: 240[K
    n_total: 313[K[A[A[A


[K[A[K[A[K[ASimulating...  71%|████████████████████████████████████              |  ETA: 0:01:20 ( 1.09  s/it)[K
   step_num: 4078[K
   n_closed: 240[K
    n_total: 313[K[A[A[A


[K[A[K[A[K[ASimulating...  71%|████████████████████████████████████              |  ETA: 0:01:20 ( 1.10  s/it)[K
   step_num: 4114[K
   n_closed: 240[K
    n_total: 313[K[A[A[A[ Info: [RESPEC] OOD event: A multi-robot transport team is deadlocked while forming: some members are waiting in their carrying positions but the team cannot complete and the build has stalled. Re-establish the stuck transport team(s).



[K[A[K[A[K[ASimulating...  71%|████████████████████████████████████              |  ETA: 0:01:21 ( 1.11  s/it)[K
   step_num: 4138[K
   n_closed: 240[K
    n_total: 313[K[A[A[A


[K[A[K[A[K[ASimulating...  71%|████████████████████████████████████              |  ETA: 0:01:21 ( 1.11  s/it)[K
   step_num: 4172[K
   n_closed: 240[K
    n_total: 313[K[A[A[A


[K[A[K[A[K[ASimulating...  71%|████████████████████████████████████              |  ETA: 0:01:21 ( 1.12  s/it)[K
   step_num: 4208[K
   n_closed: 240[K
    n_total: 313[K[A[A[A


[K[A[K[A[K[ASimulating...  71%|████████████████████████████████████              |  ETA: 0:01:22 ( 1.12  s/it)[K
   step_num: 4241[K
   n_closed: 240[K
    n_total: 313[K[A[A[A[ Info: [RESPEC] OOD event: A multi-robot transport team is deadlocked while forming: some members are waiting in their carrying positions but the team cannot complete and the build has stalled. Re-establish the stuck transport team(s).



[K[A[K[A[K[ASimulating...  71%|████████████████████████████████████              |  ETA: 0:01:22 ( 1.13  s/it)[K
   step_num: 4267[K
   n_closed: 240[K
    n_total: 313[K[A[A[A


[K[A[K[A[K[ASimulating...  71%|████████████████████████████████████              |  ETA: 0:01:23 ( 1.13  s/it)[K
   step_num: 4302[K
   n_closed: 240[K
    n_total: 313[K[A[A[A


[K[A[K[A[K[ASimulating...  71%|████████████████████████████████████              |  ETA: 0:01:23 ( 1.14  s/it)[K
   step_num: 4336[K
   n_closed: 240[K
    n_total: 313[K[A[A[A[ Info: [RESPEC] OOD event: A multi-robot transport team is deadlocked while forming: some members are waiting in their carrying positions but the team cannot complete and the build has stalled. Re-establish the stuck transport team(s).



[K[A[K[A[K[ASimulating...  71%|████████████████████████████████████              |  ETA: 0:01:24 ( 1.14  s/it)[K
   step_num: 4362[K
   n_closed: 240[K
    n_total: 313[K[A[A[A


[K[A[K[A[K[ASimulating...  71%|████████████████████████████████████              |  ETA: 0:01:24 ( 1.15  s/it)[K
   step_num: 4397[K
   n_closed: 240[K
    n_total: 313[K[A[A[A


[K[A[K[A[K[ASimulating...  71%|████████████████████████████████████              |  ETA: 0:01:24 ( 1.16  s/it)[K
   step_num: 4428[K
   n_closed: 240[K
    n_total: 313[K[A[A[A


[K[A[K[A[K[ASimulating...  71%|████████████████████████████████████              |  ETA: 0:01:25 ( 1.16  s/it)[K
   step_num: 4448[K
   n_closed: 240[K
    n_total: 313[K[A[A[A


[K[A[K[A[K[ASimulating...  71%|████████████████████████████████████              |  ETA: 0:01:25 ( 1.17  s/it)[K
   step_num: 4477[K
   n_closed: 240[K
    n_total: 313[K[A[A[A[ Info: [RESPEC] OOD event: A multi-robot transport team is deadlocked while forming: some members are waiting in their carrying positions but the team cannot complete and the build has stalled. Re-establish the stuck transport team(s).



[K[A[K[A[K[ASimulating...  71%|████████████████████████████████████              |  ETA: 0:01:26 ( 1.17  s/it)[K
   step_num: 4506[K
   n_closed: 240[K
    n_total: 313[K[A[A[A


[K[A[K[A[K[ASimulating...  71%|████████████████████████████████████              |  ETA: 0:01:26 ( 1.18  s/it)[K
   step_num: 4538[K
   n_closed: 240[K
    n_total: 313[K[A[A[A


[K[A[K[A[K[ASimulating...  71%|████████████████████████████████████              |  ETA: 0:01:26 ( 1.18  s/it)[K
   step_num: 4562[K
   n_closed: 240[K
    n_total: 313[K[A[A[A


[K[A[K[A[K[ASimulating...  71%|████████████████████████████████████              |  ETA: 0:01:27 ( 1.19  s/it)[K
   step_num: 4596[K
   n_closed: 240[K
    n_total: 313[K[A[A[A[ Info: [RESPEC] OOD event: A multi-robot transport team is deadlocked while forming: some members are waiting in their carrying positions but the team cannot complete and the build has stalled. Re-establish the stuck transport team(s).



[K[A[K[A[K[ASimulating...  71%|████████████████████████████████████              |  ETA: 0:01:27 ( 1.20  s/it)[K
   step_num: 4623[K
   n_closed: 240[K
    n_total: 313[K[A[A[A


[K[A[K[A[K[ASimulating...  71%|████████████████████████████████████              |  ETA: 0:01:28 ( 1.20  s/it)[K
   step_num: 4647[K
   n_closed: 240[K
    n_total: 313[K[A[A[A


[K[A[K[A[K[ASimulating...  71%|████████████████████████████████████              |  ETA: 0:01:28 ( 1.21  s/it)[K
   step_num: 4661[K
   n_closed: 240[K
    n_total: 313[K[A[A[A


[K[A[K[A[K[ASimulating...  71%|████████████████████████████████████              |  ETA: 0:01:29 ( 1.21  s/it)[K
   step_num: 4693[K
   n_closed: 240[K
    n_total: 313[K[A[A[A[ Info: [RESPEC] OOD event: A multi-robot transport team is deadlocked while forming: some members are waiting in their carrying positions but the team cannot complete and the build has stalled. Re-establish the stuck transport team(s).



[K[A[K[A[K[ASimulating...  71%|████████████████████████████████████              |  ETA: 0:01:29 ( 1.22  s/it)[K
   step_num: 4724[K
   n_closed: 240[K
    n_total: 313[K[A[A[A


[K[A[K[A[K[ASimulating...  71%|████████████████████████████████████              |  ETA: 0:01:29 ( 1.22  s/it)[K
   step_num: 4747[K
   n_closed: 240[K
    n_total: 313[K[A[A[A


[K[A[K[A[K[ASimulating...  71%|████████████████████████████████████              |  ETA: 0:01:30 ( 1.23  s/it)[K
   step_num: 4767[K
   n_closed: 240[K
    n_total: 313[K[A[A[A


[K[A[K[A[K[ASimulating...  71%|████████████████████████████████████              |  ETA: 0:01:30 ( 1.24  s/it)[K
   step_num: 4795[K
   n_closed: 240[K
    n_total: 313[K[A[A[A


[K[A[K[A[K[ASimulating...  71%|████████████████████████████████████              |  ETA: 0:01:31 ( 1.24  s/it)[K
   step_num: 4824[K
   n_closed: 240[K
    n_total: 313[K[A[A[A[ Info: [RESPEC] OOD event: A multi-robot transport team is deadlocked while forming: some members are waiting in their carrying positions but the team cannot complete and the build has stalled. Re-establish the stuck transport team(s).



[K[A[K[A[K[ASimulating...  71%|████████████████████████████████████              |  ETA: 0:01:31 ( 1.25  s/it)[K
   step_num: 4847[K
   n_closed: 240[K
    n_total: 313[K[A[A[A


[K[A[K[A[K[ASimulating...  71%|████████████████████████████████████              |  ETA: 0:01:31 ( 1.25  s/it)[K
   step_num: 4868[K
   n_closed: 240[K
    n_total: 313[K[A[A[A


[K[A[K[A[K[ASimulating...  71%|████████████████████████████████████              |  ETA: 0:01:32 ( 1.26  s/it)[K
   step_num: 4903[K
   n_closed: 240[K
    n_total: 313[K[A[A[A


[K[A[K[A[K[ASimulating...  71%|████████████████████████████████████              |  ETA: 0:01:32 ( 1.26  s/it)[K
   step_num: 4935[K
   n_closed: 240[K
    n_total: 313[K[A[A[A[ Info: [RESPEC] OOD event: A multi-robot transport team is deadlocked while forming: some members are waiting in their carrying positions but the team cannot complete and the build has stalled. Re-establish the stuck transport team(s).



[K[A[K[A[K[ASimulating...  71%|████████████████████████████████████              |  ETA: 0:01:33 ( 1.27  s/it)[K
   step_num: 4964[K
   n_closed: 240[K
    n_total: 313[K[A[A[A


[K[A[K[A[K[ASimulating...  71%|████████████████████████████████████              |  ETA: 0:01:33 ( 1.28  s/it)[K
   step_num: 4994[K
   n_closed: 240[K
    n_total: 313[K[A[A[A


[K[A[K[A[K[ASimulating...  71%|████████████████████████████████████              |  ETA: 0:01:34 ( 1.28  s/it)[K
   step_num: 5026[K
   n_closed: 240[K
    n_total: 313[K[A[A[A


[K[A[K[A[K[ASimulating...  71%|████████████████████████████████████              |  ETA: 0:01:34 ( 1.29  s/it)[K
   step_num: 5056[K
   n_closed: 240[K
    n_total: 313[K[A[A[A


[K[A[K[A[K[ASimulating...  71%|████████████████████████████████████              |  ETA: 0:01:34 ( 1.29  s/it)[K
   step_num: 5075[K
   n_closed: 240[K
    n_total: 313[K[A[A[A[ Info: [RESPEC] OOD event: A multi-robot transport team is deadlocked while forming: some members are waiting in their carrying positions but the team cannot complete and the build has stalled. Re-establish the stuck transport team(s).



[K[A[K[A[K[ASimulating...  71%|████████████████████████████████████              |  ETA: 0:01:35 ( 1.30  s/it)[K
   step_num: 5108[K
   n_closed: 240[K
    n_total: 313[K[A[A[A


[K[A[K[A[K[ASimulating...  71%|████████████████████████████████████              |  ETA: 0:01:35 ( 1.30  s/it)[K
   step_num: 5140[K
   n_closed: 240[K
    n_total: 313[K[A[A[A


[K[A[K[A[K[ASimulating...  71%|████████████████████████████████████              |  ETA: 0:01:36 ( 1.31  s/it)[K
   step_num: 5167[K
   n_closed: 240[K
    n_total: 313[K[A[A[A


[K[A[K[A[K[ASimulating...  71%|████████████████████████████████████              |  ETA: 0:01:36 ( 1.32  s/it)[K
   step_num: 5193[K
   n_closed: 240[K
    n_total: 313[K[A[A[A[ Info: [RESPEC] OOD event: A multi-robot transport team is deadlocked while forming: some members are waiting in their carrying positions but the team cannot complete and the build has stalled. Re-establish the stuck transport team(s).



[K[A[K[A[K[ASimulating...  71%|████████████████████████████████████              |  ETA: 0:01:36 ( 1.32  s/it)[K
   step_num: 5228[K
   n_closed: 240[K
    n_total: 313[K[A[A[A


[K[A[K[A[K[ASimulating...  71%|████████████████████████████████████              |  ETA: 0:01:37 ( 1.33  s/it)[K
   step_num: 5260[K
   n_closed: 240[K
    n_total: 313[K[A[A[A


[K[A[K[A[K[ASimulating...  71%|████████████████████████████████████              |  ETA: 0:01:37 ( 1.33  s/it)[K
   step_num: 5282[K
   n_closed: 240[K
    n_total: 313[K[A[A[A


[K[A[K[A[K[ASimulating...  71%|████████████████████████████████████              |  ETA: 0:01:38 ( 1.34  s/it)[K
   step_num: 5306[K
   n_closed: 240[K
    n_total: 313[K[A[A[A[ Info: [RESPEC] OOD event: A multi-robot transport team is deadlocked while forming: some members are waiting in their carrying positions but the team cannot complete and the build has stalled. Re-establish the stuck transport team(s).



[K[A[K[A[K[ASimulating...  71%|████████████████████████████████████              |  ETA: 0:01:38 ( 1.34  s/it)[K
   step_num: 5339[K
   n_closed: 240[K
    n_total: 313[K[A[A[A


[K[A[K[A[K[ASimulating...  71%|████████████████████████████████████              |  ETA: 0:01:38 ( 1.35  s/it)[K
   step_num: 5370[K
   n_closed: 240[K
    n_total: 313[K[A[A[A


[K[A[K[A[K[ASimulating...  71%|████████████████████████████████████              |  ETA: 0:01:39 ( 1.35  s/it)[K
   step_num: 5393[K
   n_closed: 240[K
    n_total: 313[K[A[A[A


[K[A[K[A[K[ASimulating...  71%|████████████████████████████████████              |  ETA: 0:01:39 ( 1.36  s/it)[K
   step_num: 5429[K
   n_closed: 240[K
    n_total: 313[K[A[A[A[ Info: [RESPEC] OOD event: A multi-robot transport team is deadlocked while forming: some members are waiting in their carrying positions but the team cannot complete and the build has stalled. Re-establish the stuck transport team(s).



[K[A[K[A[K[ASimulating...  71%|████████████████████████████████████              |  ETA: 0:01:40 ( 1.37  s/it)[K
   step_num: 5458[K
   n_closed: 240[K
    n_total: 313[K[A[A[A


[K[A[K[A[K[ASimulating...  71%|████████████████████████████████████              |  ETA: 0:01:40 ( 1.37  s/it)[K
   step_num: 5480[K
   n_closed: 240[K
    n_total: 313[K[A[A[A


[K[A[K[A[K[ASimulating...  71%|████████████████████████████████████              |  ETA: 0:01:41 ( 1.38  s/it)[K
   step_num: 5507[K
   n_closed: 240[K
    n_total: 313[K[A[A[A


[K[A[K[A[K[ASimulating...  71%|████████████████████████████████████              |  ETA: 0:01:41 ( 1.38  s/it)[K
   step_num: 5537[K
   n_closed: 240[K
    n_total: 313[K[A[A[A[ Info: [RESPEC] OOD event: A multi-robot transport team is deadlocked while forming: some members are waiting in their carrying positions but the team cannot complete and the build has stalled. Re-establish the stuck transport team(s).



[K[A[K[A[K[ASimulating...  71%|████████████████████████████████████              |  ETA: 0:01:41 ( 1.39  s/it)[K
   step_num: 5571[K
   n_closed: 240[K
    n_total: 313[K[A[A[A


[K[A[K[A[K[ASimulating...  71%|████████████████████████████████████              |  ETA: 0:01:42 ( 1.39  s/it)[K
   step_num: 5593[K
   n_closed: 240[K
    n_total: 313[K[A[A[A


[K[A[K[A[K[ASimulating...  71%|████████████████████████████████████              |  ETA: 0:01:42 ( 1.40  s/it)[K
   step_num: 5626[K
   n_closed: 240[K
    n_total: 313[K[A[A[A


[K[A[K[A[K[ASimulating...  71%|████████████████████████████████████              |  ETA: 0:01:43 ( 1.41  s/it)[K
   step_num: 5660[K
   n_closed: 240[K
    n_total: 313[K[A[A[A[ Info: [RESPEC] OOD event: A multi-robot transport team is deadlocked while forming: some members are waiting in their carrying positions but the team cannot complete and the build has stalled. Re-establish the stuck transport team(s).



[K[A[K[A[K[ASimulating...  71%|████████████████████████████████████              |  ETA: 0:01:43 ( 1.41  s/it)[K
   step_num: 5687[K
   n_closed: 240[K
    n_total: 313[K[A[A[A


[K[A[K[A[K[ASimulating...  71%|████████████████████████████████████              |  ETA: 0:01:43 ( 1.42  s/it)[K
   step_num: 5720[K
   n_closed: 240[K
    n_total: 313[K[A[A[A


[K[A[K[A[K[ASimulating...  71%|████████████████████████████████████              |  ETA: 0:01:44 ( 1.42  s/it)[K
   step_num: 5754[K
   n_closed: 240[K
    n_total: 313[K[A[A[A


[K[A[K[A[K[ASimulating...  71%|████████████████████████████████████              |  ETA: 0:01:44 ( 1.43  s/it)[K
   step_num: 5788[K
   n_closed: 240[K
    n_total: 313[K[A[A[A[ Info: [RESPEC] OOD event: A multi-robot transport team is deadlocked while forming: some members are waiting in their carrying positions but the team cannot complete and the build has stalled. Re-establish the stuck transport team(s).



[K[A[K[A[K[ASimulating...  71%|████████████████████████████████████              |  ETA: 0:01:45 ( 1.43  s/it)[K
   step_num: 5813[K
   n_closed: 240[K
    n_total: 313[K[A[A[A


[K[A[K[A[K[ASimulating...  71%|████████████████████████████████████              |  ETA: 0:01:45 ( 1.44  s/it)[K
   step_num: 5850[K
   n_closed: 240[K
    n_total: 313[K[A[A[A


[K[A[K[A[K[ASimulating...  71%|████████████████████████████████████              |  ETA: 0:01:46 ( 1.45  s/it)[K
   step_num: 5882[K
   n_closed: 240[K
    n_total: 313[K[A[A[A


[K[A[K[A[K[ASimulating...  71%|████████████████████████████████████              |  ETA: 0:01:46 ( 1.45  s/it)[K
   step_num: 5904[K
   n_closed: 240[K
    n_total: 313[K[A[A[A[ Info: [RESPEC] OOD event: A multi-robot transport team is deadlocked while forming: some members are waiting in their carrying positions but the team cannot complete and the build has stalled. Re-establish the stuck transport team(s).



[K[A[K[A[K[ASimulating...  71%|████████████████████████████████████              |  ETA: 0:01:46 ( 1.46  s/it)[K
   step_num: 5940[K
   n_closed: 240[K
    n_total: 313[K[A[A[A


[K[A[K[A[K[ASimulating...  71%|████████████████████████████████████              |  ETA: 0:01:47 ( 1.46  s/it)[K
   step_num: 5975[K
   n_closed: 240[K
    n_total: 313[K[A[A[A


[K[A[K[A[K[ASimulating...  71%|████████████████████████████████████              |  ETA: 0:01:47 ( 1.47  s/it)[K
   step_num: 6000[K
   n_closed: 240[K
    n_total: 313[K[A[A[A


[K[A[K[A[K[ASimulating...  71%|████████████████████████████████████              |  ETA: 0:01:48 ( 1.47  s/it)[K
   step_num: 6036[K
   n_closed: 240[K
    n_total: 313[K[A[A[A[ Info: [RESPEC] OOD event: A multi-robot transport team is deadlocked while forming: some members are waiting in their carrying positions but the team cannot complete and the build has stalled. Re-establish the stuck transport team(s).



[K[A[K[A[K[ASimulating...  71%|████████████████████████████████████              |  ETA: 0:01:48 ( 1.48  s/it)[K
   step_num: 6067[K
   n_closed: 240[K
    n_total: 313[K[A[A[A


[K[A[K[A[K[ASimulating...  71%|████████████████████████████████████              |  ETA: 0:01:49 ( 1.49  s/it)[K
   step_num: 6100[K
   n_closed: 240[K
    n_total: 313[K[A[A[A


[K[A[K[A[K[ASimulating...  71%|████████████████████████████████████              |  ETA: 0:01:49 ( 1.49  s/it)[K
   step_num: 6133[K
   n_closed: 240[K
    n_total: 313[K[A[A[A[ Info: [RESPEC] OOD event: A multi-robot transport team is deadlocked while forming: some members are waiting in their carrying positions but the team cannot complete and the build has stalled. Re-establish the stuck transport team(s).



[K[A[K[A[K[ASimulating...  71%|████████████████████████████████████              |  ETA: 0:01:49 ( 1.50  s/it)[K
   step_num: 6167[K
   n_closed: 240[K
    n_total: 313[K[A[A[A


[K[A[K[A[K[ASimulating...  71%|████████████████████████████████████              |  ETA: 0:01:50 ( 1.50  s/it)[K
   step_num: 6200[K
   n_closed: 240[K
    n_total: 313[K[A[A[A


[K[A[K[A[K[ASimulating...  71%|████████████████████████████████████              |  ETA: 0:01:50 ( 1.51  s/it)[K
   step_num: 6226[K
   n_closed: 240[K
    n_total: 313[K[A[A[A


[K[A[K[A[K[ASimulating...  71%|████████████████████████████████████              |  ETA: 0:01:51 ( 1.51  s/it)[K
   step_num: 6263[K
   n_closed: 240[K
    n_total: 313[K[A[A[A[ Info: [RESPEC] OOD event: A multi-robot transport team is deadlocked while forming: some members are waiting in their carrying positions but the team cannot complete and the build has stalled. Re-establish the stuck transport team(s).



[K[A[K[A[K[ASimulating...  71%|████████████████████████████████████              |  ETA: 0:01:51 ( 1.52  s/it)[K
   step_num: 6297[K
   n_closed: 240[K
    n_total: 313[K[A[A[A


[K[A[K[A[K[ASimulating...  71%|████████████████████████████████████              |  ETA: 0:01:51 ( 1.53  s/it)[K
   step_num: 6321[K
   n_closed: 240[K
    n_total: 313[K[A[A[A


[K[A[K[A[K[ASimulating...  71%|████████████████████████████████████              |  ETA: 0:01:52 ( 1.53  s/it)[K
   step_num: 6356[K
   n_closed: 240[K
    n_total: 313[K[A[A[A


[K[A[K[A[K[ASimulating...  71%|████████████████████████████████████              |  ETA: 0:01:52 ( 1.54  s/it)[K
   step_num: 6393[K
   n_closed: 240[K
    n_total: 313[K[A[A[A[ Info: [RESPEC] OOD event: A multi-robot transport team is deadlocked while forming: some members are waiting in their carrying positions but the team cannot complete and the build has stalled. Re-establish the stuck transport team(s).



[K[A[K[A[K[ASimulating...  71%|████████████████████████████████████              |  ETA: 0:01:53 ( 1.54  s/it)[K
   step_num: 6419[K
   n_closed: 240[K
    n_total: 313[K[A[A[A


[K[A[K[A[K[ASimulating...  71%|████████████████████████████████████              |  ETA: 0:01:53 ( 1.55  s/it)[K
   step_num: 6454[K
   n_closed: 240[K
    n_total: 313[K[A[A[A


[K[A[K[A[K[ASimulating...  71%|████████████████████████████████████              |  ETA: 0:01:53 ( 1.55  s/it)[K
   step_num: 6487[K
   n_closed: 240[K
    n_total: 313[K[A[A[A


[K[A[K[A[K[ASimulating...  71%|████████████████████████████████████              |  ETA: 0:01:54 ( 1.56  s/it)[K
   step_num: 6513[K
   n_closed: 240[K
    n_total: 313[K[A[A[A[ Info: [RESPEC] OOD event: A multi-robot transport team is deadlocked while forming: some members are waiting in their carrying positions but the team cannot complete and the build has stalled. Re-establish the stuck transport team(s).



[K[A[K[A[K[ASimulating...  71%|████████████████████████████████████              |  ETA: 0:01:54 ( 1.57  s/it)[K
   step_num: 6546[K
   n_closed: 240[K
    n_total: 313[K[A[A[A


[K[A[K[A[K[ASimulating...  71%|████████████████████████████████████              |  ETA: 0:01:55 ( 1.57  s/it)[K
   step_num: 6581[K
   n_closed: 240[K
    n_total: 313[K[A[A[A


[K[A[K[A[K[ASimulating...  71%|████████████████████████████████████              |  ETA: 0:01:55 ( 1.58  s/it)[K
   step_num: 6614[K
   n_closed: 240[K
    n_total: 313[K[A[A[A


[K[A[K[A[K[ASimulating...  71%|████████████████████████████████████              |  ETA: 0:01:56 ( 1.58  s/it)[K
   step_num: 6637[K
   n_closed: 240[K
    n_total: 313[K[A[A[A[ Info: [RESPEC] OOD event: A multi-robot transport team is deadlocked while forming: some members are waiting in their carrying positions but the team cannot complete and the build has stalled. Re-establish the stuck transport team(s).



[K[A[K[A[K[ASimulating...  71%|████████████████████████████████████              |  ETA: 0:01:56 ( 1.59  s/it)[K
   step_num: 6668[K
   n_closed: 240[K
    n_total: 313[K[A[A[A


[K[A[K[A[K[ASimulating...  71%|████████████████████████████████████              |  ETA: 0:01:56 ( 1.59  s/it)[K
   step_num: 6702[K
   n_closed: 240[K
    n_total: 313[K[A[A[A


[K[A[K[A[K[ASimulating...  71%|████████████████████████████████████              |  ETA: 0:01:57 ( 1.60  s/it)[K
   step_num: 6724[K
   n_closed: 240[K
    n_total: 313[K[A[A[A


[K[A[K[A[K[ASimulating...  71%|████████████████████████████████████              |  ETA: 0:01:57 ( 1.61  s/it)[K
   step_num: 6760[K
   n_closed: 240[K
    n_total: 313[K[A[A[A[ Info: [RESPEC] OOD event: A multi-robot transport team is deadlocked while forming: some members are waiting in their carrying positions but the team cannot complete and the build has stalled. Re-establish the stuck transport team(s).



[K[A[K[A[K[ASimulating...  71%|████████████████████████████████████              |  ETA: 0:01:58 ( 1.61  s/it)[K
   step_num: 6794[K
   n_closed: 240[K
    n_total: 313[K[A[A[A


[K[A[K[A[K[ASimulating...  71%|████████████████████████████████████              |  ETA: 0:01:58 ( 1.62  s/it)[K
   step_num: 6822[K
   n_closed: 240[K
    n_total: 313[K[A[A[A


[K[A[K[A[K[ASimulating...  71%|████████████████████████████████████              |  ETA: 0:01:58 ( 1.62  s/it)[K
   step_num: 6850[K
   n_closed: 240[K
    n_total: 313[K[A[A[A[ Info: [RESPEC] OOD event: A multi-robot transport team is deadlocked while forming: some members are waiting in their carrying positions but the team cannot complete and the build has stalled. Re-establish the stuck transport team(s).



[K[A[K[A[K[ASimulating...  71%|████████████████████████████████████              |  ETA: 0:01:59 ( 1.63  s/it)[K
   step_num: 6884[K
   n_closed: 240[K
    n_total: 313[K[A[A[A


[K[A[K[A[K[ASimulating...  71%|████████████████████████████████████              |  ETA: 0:01:59 ( 1.63  s/it)[K
   step_num: 6919[K
   n_closed: 240[K
    n_total: 313[K[A[A[A


[K[A[K[A[K[ASimulating...  71%|████████████████████████████████████              |  ETA: 0:02:00 ( 1.64  s/it)[K
   step_num: 6942[K
   n_closed: 240[K
    n_total: 313[K[A[A[A


[K[A[K[A[K[ASimulating...  71%|████████████████████████████████████              |  ETA: 0:02:00 ( 1.65  s/it)[K
   step_num: 6975[K
   n_closed: 240[K
    n_total: 313[K[A[A[A[ Info: [RESPEC] OOD event: A multi-robot transport team is deadlocked while forming: some members are waiting in their carrying positions but the team cannot complete and the build has stalled. Re-establish the stuck transport team(s).



[K[A[K[A[K[ASimulating...  71%|████████████████████████████████████              |  ETA: 0:02:01 ( 1.65  s/it)[K
   step_num: 7005[K
   n_closed: 240[K
    n_total: 313[K[A[A[A


[K[A[K[A[K[ASimulating...  71%|████████████████████████████████████              |  ETA: 0:02:01 ( 1.66  s/it)[K
   step_num: 7029[K
   n_closed: 240[K
    n_total: 313[K[A[A[A


[K[A[K[A[K[ASimulating...  71%|████████████████████████████████████              |  ETA: 0:02:01 ( 1.66  s/it)[K
   step_num: 7065[K
   n_closed: 240[K
    n_total: 313[K[A[A[A


[K[A[K[A[K[ASimulating...  71%|████████████████████████████████████              |  ETA: 0:02:02 ( 1.67  s/it)[K
   step_num: 7101[K
   n_closed: 240[K
    n_total: 313[K[A[A[A[ Info: [RESPEC] OOD event: A multi-robot transport team is deadlocked while forming: some members are waiting in their carrying positions but the team cannot complete and the build has stalled. Re-establish the stuck transport team(s).



[K[A[K[A[K[ASimulating...  71%|████████████████████████████████████              |  ETA: 0:02:02 ( 1.68  s/it)[K
   step_num: 7133[K
   n_closed: 240[K
    n_total: 313[K[A[A[A


[K[A[K[A[K[ASimulating...  71%|████████████████████████████████████              |  ETA: 0:02:03 ( 1.68  s/it)[K
   step_num: 7168[K
   n_closed: 240[K
    n_total: 313[K[A[A[A


[K[A[K[A[K[ASimulating...  71%|████████████████████████████████████              |  ETA: 0:02:03 ( 1.69  s/it)[K
   step_num: 7199[K
   n_closed: 240[K
    n_total: 313[K[A[A[A


[K[A[K[A[K[ASimulating...  71%|████████████████████████████████████              |  ETA: 0:02:04 ( 1.69  s/it)[K
   step_num: 7229[K
   n_closed: 240[K
    n_total: 313[K[A[A[A[ Info: [RESPEC] OOD event: A multi-robot transport team is deadlocked while forming: some members are waiting in their carrying positions but the team cannot complete and the build has stalled. Re-establish the stuck transport team(s).



[K[A[K[A[K[ASimulating...  71%|████████████████████████████████████              |  ETA: 0:02:04 ( 1.70  s/it)[K
   step_num: 7253[K
   n_closed: 240[K
    n_total: 313[K[A[A[A


[K[A[K[A[K[ASimulating...  71%|████████████████████████████████████              |  ETA: 0:02:04 ( 1.70  s/it)[K
   step_num: 7285[K
   n_closed: 240[K
    n_total: 313[K[A[A[A


[K[A[K[A[K[ASimulating...  71%|████████████████████████████████████              |  ETA: 0:02:05 ( 1.71  s/it)[K
   step_num: 7321[K
   n_closed: 240[K
    n_total: 313[K[A[A[A


[K[A[K[A[K[ASimulating...  71%|████████████████████████████████████              |  ETA: 0:02:05 ( 1.72  s/it)[K
   step_num: 7342[K
   n_closed: 240[K
    n_total: 313[K[A[A[A[ Info: [RESPEC] OOD event: A multi-robot transport team is deadlocked while forming: some members are waiting in their carrying positions but the team cannot complete and the build has stalled. Re-establish the stuck transport team(s).



[K[A[K[A[K[ASimulating...  71%|████████████████████████████████████              |  ETA: 0:02:06 ( 1.72  s/it)[K
   step_num: 7373[K
   n_closed: 240[K
    n_total: 313[K[A[A[A


[K[A[K[A[K[ASimulating...  71%|████████████████████████████████████              |  ETA: 0:02:06 ( 1.73  s/it)[K
   step_num: 7398[K
   n_closed: 240[K
    n_total: 313[K[A[A[A


[K[A[K[A[K[ASimulating...  71%|████████████████████████████████████              |  ETA: 0:02:06 ( 1.73  s/it)[K
   step_num: 7428[K
   n_closed: 240[K
    n_total: 313[K[A[A[A


[K[A[K[A[K[ASimulating...  71%|████████████████████████████████████              |  ETA: 0:02:07 ( 1.74  s/it)[K
   step_num: 7450[K
   n_closed: 240[K
    n_total: 313[K[A[A[A[ Info: [RESPEC] OOD event: A multi-robot transport team is deadlocked while forming: some members are waiting in their carrying positions but the team cannot complete and the build has stalled. Re-establish the stuck transport team(s).



[K[A[K[A[K[ASimulating...  71%|████████████████████████████████████              |  ETA: 0:02:07 ( 1.74  s/it)[K
   step_num: 7485[K
   n_closed: 240[K
    n_total: 313[K[A[A[A


[K[A[K[A[K[ASimulating...  71%|████████████████████████████████████              |  ETA: 0:02:08 ( 1.75  s/it)[K
   step_num: 7518[K
   n_closed: 240[K
    n_total: 313[K[A[A[A


[K[A[K[A[K[ASimulating...  71%|████████████████████████████████████              |  ETA: 0:02:08 ( 1.76  s/it)[K
   step_num: 7546[K
   n_closed: 240[K
    n_total: 313[K[A[A[A


[K[A[K[A[K[ASimulating...  71%|████████████████████████████████████              |  ETA: 0:02:09 ( 1.76  s/it)[K
   step_num: 7580[K
   n_closed: 240[K
    n_total: 313[K[A[A[A[ Info: [RESPEC] OOD event: A multi-robot transport team is deadlocked while forming: some members are waiting in their carrying positions but the team cannot complete and the build has stalled. Re-establish the stuck transport team(s).



[K[A[K[A[K[ASimulating...  71%|████████████████████████████████████              |  ETA: 0:02:09 ( 1.77  s/it)[K
   step_num: 7613[K
   n_closed: 240[K
    n_total: 313[K[A[A[A


[K[A[K[A[K[ASimulating...  71%|████████████████████████████████████              |  ETA: 0:02:09 ( 1.77  s/it)[K
   step_num: 7642[K
   n_closed: 240[K
    n_total: 313[K[A[A[A


[K[A[K[A[K[ASimulating...  71%|████████████████████████████████████              |  ETA: 0:02:10 ( 1.78  s/it)[K
   step_num: 7662[K
   n_closed: 240[K
    n_total: 313[K[A[A[A


[K[A[K[A[K[ASimulating...  71%|████████████████████████████████████              |  ETA: 0:02:10 ( 1.78  s/it)[K
   step_num: 7696[K
   n_closed: 240[K
    n_total: 313[K[A[A[A[ Info: [RESPEC] OOD event: A multi-robot transport team is deadlocked while forming: some members are waiting in their carrying positions but the team cannot complete and the build has stalled. Re-establish the stuck transport team(s).



[K[A[K[A[K[ASimulating...  71%|████████████████████████████████████              |  ETA: 0:02:11 ( 1.79  s/it)[K
   step_num: 7732[K
   n_closed: 240[K
    n_total: 313[K[A[A[A


[K[A[K[A[K[ASimulating...  71%|████████████████████████████████████              |  ETA: 0:02:11 ( 1.80  s/it)[K
   step_num: 7756[K
   n_closed: 240[K
    n_total: 313[K[A[A[A


[K[A[K[A[K[ASimulating...  71%|████████████████████████████████████              |  ETA: 0:02:11 ( 1.80  s/it)[K
   step_num: 7787[K
   n_closed: 240[K
    n_total: 313[K[A[A[A


[K[A[K[A[K[ASimulating...  71%|████████████████████████████████████              |  ETA: 0:02:12 ( 1.81  s/it)[K
   step_num: 7819[K
   n_closed: 240[K
    n_total: 313[K[A[A[A[ Info: [RESPEC] OOD event: A multi-robot transport team is deadlocked while forming: some members are waiting in their carrying positions but the team cannot complete and the build has stalled. Re-establish the stuck transport team(s).



[K[A[K[A[K[ASimulating...  71%|████████████████████████████████████              |  ETA: 0:02:12 ( 1.81  s/it)[K
   step_num: 7849[K
   n_closed: 240[K
    n_total: 313[K[A[A[A


[K[A[K[A[K[ASimulating...  71%|████████████████████████████████████              |  ETA: 0:02:13 ( 1.82  s/it)[K
   step_num: 7875[K
   n_closed: 240[K
    n_total: 313[K[A[A[A


[K[A[K[A[K[ASimulating...  71%|████████████████████████████████████              |  ETA: 0:02:13 ( 1.82  s/it)[K
   step_num: 7910[K
   n_closed: 240[K
    n_total: 313[K[A[A[A


[K[A[K[A[K[ASimulating...  71%|████████████████████████████████████              |  ETA: 0:02:14 ( 1.83  s/it)[K
   step_num: 7943[K
   n_closed: 240[K
    n_total: 313[K[A[A[A[ Info: [RESPEC] OOD event: A multi-robot transport team is deadlocked while forming: some members are waiting in their carrying positions but the team cannot complete and the build has stalled. Re-establish the stuck transport team(s).



[K[A[K[A[K[ASimulating...  71%|████████████████████████████████████              |  ETA: 0:02:14 ( 1.83  s/it)[K
   step_num: 7965[K
   n_closed: 240[K
    n_total: 313[K[A[A[A


[K[A[K[A[K[ASimulating...  71%|████████████████████████████████████              |  ETA: 0:02:14 ( 1.84  s/it)[K
   step_num: 7998[K
   n_closed: 240[K
    n_total: 313[K[A[A[A


[K[A[K[A[K[ASimulating...  71%|████████████████████████████████████              |  ETA: 0:02:15 ( 1.85  s/it)[K
   step_num: 8034[K
   n_closed: 240[K
    n_total: 313[K[A[A[A


[K[A[K[A[K[ASimulating...  71%|████████████████████████████████████              |  ETA: 0:02:15 ( 1.85  s/it)[K
   step_num: 8062[K
   n_closed: 240[K
    n_total: 313[K[A[A[A[ Info: [RESPEC] OOD event: A multi-robot transport team is deadlocked while forming: some members are waiting in their carrying positions but the team cannot complete and the build has stalled. Re-establish the stuck transport team(s).



[K[A[K[A[K[ASimulating...  71%|████████████████████████████████████              |  ETA: 0:02:16 ( 1.86  s/it)[K
   step_num: 8094[K
   n_closed: 240[K
    n_total: 313[K[A[A[A


[K[A[K[A[K[ASimulating...  71%|████████████████████████████████████              |  ETA: 0:02:16 ( 1.86  s/it)[K
   step_num: 8127[K
   n_closed: 240[K
    n_total: 313[K[A[A[A


[K[A[K[A[K[ASimulating...  71%|████████████████████████████████████              |  ETA: 0:02:16 ( 1.87  s/it)[K
   step_num: 8158[K
   n_closed: 240[K
    n_total: 313[K[A[A[A


[K[A[K[A[K[ASimulating...  71%|████████████████████████████████████              |  ETA: 0:02:17 ( 1.87  s/it)[K
   step_num: 8181[K
   n_closed: 240[K
    n_total: 313[K[A[A[A[ Info: [RESPEC] OOD event: A multi-robot transport team is deadlocked while forming: some members are waiting in their carrying positions but the team cannot complete and the build has stalled. Re-establish the stuck transport team(s).



[K[A[K[A[K[ASimulating...  71%|████████████████████████████████████              |  ETA: 0:02:17 ( 1.88  s/it)[K
   step_num: 8215[K
   n_closed: 240[K
    n_total: 313[K[A[A[A


[K[A[K[A[K[ASimulating...  71%|████████████████████████████████████              |  ETA: 0:02:18 ( 1.89  s/it)[K
   step_num: 8248[K
   n_closed: 240[K
    n_total: 313[K[A[A[A


[K[A[K[A[K[ASimulating...  71%|████████████████████████████████████              |  ETA: 0:02:18 ( 1.89  s/it)[K
   step_num: 8272[K
   n_closed: 240[K
    n_total: 313[K[A[A[A


[K[A[K[A[K[ASimulating...  71%|████████████████████████████████████              |  ETA: 0:02:18 ( 1.90  s/it)[K
   step_num: 8307[K
   n_closed: 240[K
    n_total: 313[K[A[A[A[ Info: [RESPEC] OOD event: A multi-robot transport team is deadlocked while forming: some members are waiting in their carrying positions but the team cannot complete and the build has stalled. Re-establish the stuck transport team(s).



[K[A[K[A[K[ASimulating...  71%|████████████████████████████████████              |  ETA: 0:02:19 ( 1.90  s/it)[K
   step_num: 8339[K
   n_closed: 240[K
    n_total: 313[K[A[A[A


[K[A[K[A[K[ASimulating...  71%|████████████████████████████████████              |  ETA: 0:02:19 ( 1.91  s/it)[K
   step_num: 8366[K
   n_closed: 240[K
    n_total: 313[K[A[A[A


[K[A[K[A[K[ASimulating...  71%|████████████████████████████████████              |  ETA: 0:02:20 ( 1.91  s/it)[K
   step_num: 8386[K
   n_closed: 240[K
    n_total: 313[K[A[A[A


[K[A[K[A[K[ASimulating...  71%|████████████████████████████████████              |  ETA: 0:02:20 ( 1.92  s/it)[K
   step_num: 8419[K
   n_closed: 240[K
    n_total: 313[K[A[A[A[ Info: [RESPEC] OOD event: A multi-robot transport team is deadlocked while forming: some members are waiting in their carrying positions but the team cannot complete and the build has stalled. Re-establish the stuck transport team(s).



[K[A[K[A[K[ASimulating...  71%|████████████████████████████████████              |  ETA: 0:02:21 ( 1.93  s/it)[K
   step_num: 8451[K
   n_closed: 240[K
    n_total: 313[K[A[A[A


[K[A[K[A[K[ASimulating...  71%|████████████████████████████████████              |  ETA: 0:02:21 ( 1.93  s/it)[K
   step_num: 8475[K
   n_closed: 240[K
    n_total: 313[K[A[A[A


[K[A[K[A[K[ASimulating...  71%|████████████████████████████████████              |  ETA: 0:02:21 ( 1.94  s/it)[K
   step_num: 8508[K
   n_closed: 240[K
    n_total: 313[K[A[A[A


[K[A[K[A[K[ASimulating...  71%|████████████████████████████████████              |  ETA: 0:02:22 ( 1.94  s/it)[K
   step_num: 8540[K
   n_closed: 240[K
    n_total: 313[K[A[A[A[ Info: [RESPEC] OOD event: A multi-robot transport team is deadlocked while forming: some members are waiting in their carrying positions but the team cannot complete and the build has stalled. Re-establish the stuck transport team(s).



[K[A[K[A[K[ASimulating...  71%|████████████████████████████████████              |  ETA: 0:02:22 ( 1.95  s/it)[K
   step_num: 8571[K
   n_closed: 240[K
    n_total: 313[K[A[A[A


[K[A[K[A[K[ASimulating...  71%|████████████████████████████████████              |  ETA: 0:02:23 ( 1.95  s/it)[K
   step_num: 8591[K
   n_closed: 240[K
    n_total: 313[K[A[A[A


[K[A[K[A[K[ASimulating...  71%|████████████████████████████████████              |  ETA: 0:02:23 ( 1.96  s/it)[K
   step_num: 8623[K
   n_closed: 240[K
    n_total: 313[K[A[A[A┌ Warning: No progress for 8000 iterations. Terminating.
└ @ ConstructionBots C:\Users\chahj\PythonCodes\venv\ConstructionBots.jl\src\demo_utils.jl:213



[K[A[K[A[K[ASimulating... 100%|██████████████████████████████████████████████████| Time: 0:05:57 ( 1.40  s/it)[K
[ Info: incorporating geometry from C:\Users\chahj\Documents\ldraw\p\4-4edge.dat into C:\Users\chahj\Documents\ldraw\p\stud3.dat
[ Info: incorporating geometry from C:\Users\chahj\Documents\ldraw\p\4-4edge.dat into C:\Users\chahj\Documents\ldraw\p\stud3.dat
[ Info: incorporating geometry from C:\Users\chahj\Documents\ldraw\p\4-4disc.dat into C:\Users\chahj\Documents\ldraw\p\stud3.dat
[ Info: incorporating geometry from C:\Users\chahj\Documents\ldraw\p\4-4cyli.dat into C:\Users\chahj\Documents\ldraw\p\stud3.dat
[ Info: incorporating geometry from C:\Users\chahj\Documents\ldraw\p\stud3.dat into C:\Users\chahj\Documents/ldraw\parts\s\3004s01.dat
[ Info: incorporating geometry from C:\Users\chahj\Documents\ldraw\p\box5.dat into C:\Users\chahj\Documents/ldraw\parts\s\3004s01.dat
[ Info: incorporating geometry from C:\Users\chahj\Documents\ldraw\p\box4t.dat into C:\Users\chahj\Documents/ldraw\parts\s\3004s01.dat
[ Info: incorporating geometry from C:\Users\chahj\Documents\ldraw\p\4-4edge.dat into C:\Users\chahj\Documents\ldraw\p\stud.dat
[ Info: incorporating geometry from C:\Users\chahj\Documents\ldraw\p\4-4edge.dat into C:\Users\chahj\Documents\ldraw\p\stud.dat
[ Info: incorporating geometry from C:\Users\chahj\Documents\ldraw\p\4-4cyli.dat into C:\Users\chahj\Documents\ldraw\p\stud.dat
[ Info: incorporating geometry from C:\Users\chahj\Documents\ldraw\p\4-4disc.dat into C:\Users\chahj\Documents\ldraw\p\stud.dat
[ Info: incorporating geometry from C:\Users\chahj\Documents\ldraw\p\stud.dat into C:\Users\chahj\Documents/ldraw\parts\s\3004s01.dat
[ Info: incorporating geometry from C:\Users\chahj\Documents\ldraw\p\stud.dat into C:\Users\chahj\Documents/ldraw\parts\s\3004s01.dat
[ Info: incorporating geometry from C:\Users\chahj\Documents\ldraw\p\4-4edge.dat into C:\Users\chahj\Documents/ldraw\parts\s\3062bs01.dat
[ Info: incorporating geometry from C:\Users\chahj\Documents\ldraw\p\4-4edge.dat into C:\Users\chahj\Documents/ldraw\parts\s\3062bs01.dat
[ Info: incorporating geometry from C:\Users\chahj\Documents\ldraw\p\4-4edge.dat into C:\Users\chahj\Documents/ldraw\parts\s\3062bs01.dat
[ Info: incorporating geometry from C:\Users\chahj\Documents\ldraw\p\4-4edge.dat into C:\Users\chahj\Documents/ldraw\parts\s\3062bs01.dat
[ Info: incorporating geometry from C:\Users\chahj\Documents\ldraw\p\4-4cyli.dat into C:\Users\chahj\Documents/ldraw\parts\s\3062bs01.dat
[ Info: incorporating geometry from C:\Users\chahj\Documents\ldraw\p\4-4edge.dat into C:\Users\chahj\Documents\ldraw\p\stud2a.dat
[ Info: incorporating geometry from C:\Users\chahj\Documents\ldraw\p\4-4edge.dat into C:\Users\chahj\Documents\ldraw\p\stud2a.dat
[ Info: incorporating geometry from C:\Users\chahj\Documents\ldraw\p\4-4cyli.dat into C:\Users\chahj\Documents\ldraw\p\stud2a.dat
[ Info: incorporating geometry from C:\Users\chahj\Documents\ldraw\p\4-4cyli.dat into C:\Users\chahj\Documents\ldraw\p\stud2a.dat
[ Info: incorporating geometry from C:\Users\chahj\Documents\ldraw\p\4-4ring2.dat into C:\Users\chahj\Documents\ldraw\p\stud2a.dat
[ Info: incorporating geometry from C:\Users\chahj\Documents\ldraw\p\stud2a.dat into C:\Users\chahj\Documents/ldraw\parts\s\3062bs01.dat
[ Info: incorporating geometry from C:\Users\chahj\Documents\ldraw\p\4-4ring3.dat into C:\Users\chahj\Documents/ldraw\parts\s\3062bs01.dat
[ Info: incorporating geometry from C:\Users\chahj\Documents\ldraw\p\4-4ring2.dat into C:\Users\chahj\Documents/ldraw\parts\s\3062bs01.dat
[ Info: incorporating geometry from C:\Users\chahj\Documents\ldraw\p\4-4ring4.dat into C:\Users\chahj\Documents/ldraw\parts\s\3062bs01.dat
[ Info: incorporating geometry from C:\Users\chahj\Documents\ldraw\p\4-4ring4.dat into C:\Users\chahj\Documents/ldraw\parts\s\3062bs01.dat
[ Info: incorporating geometry from C:\Users\chahj\Documents\ldraw\p\4-4edge.dat into C:\Users\chahj\Documents\ldraw\p\4-4cylo.dat
[ Info: incorporating geometry from C:\Users\chahj\Documents\ldraw\p\4-4edge.dat into C:\Users\chahj\Documents\ldraw\p\4-4cylo.dat
[ Info: incorporating geometry from C:\Users\chahj\Documents\ldraw\p\4-4cyli.dat into C:\Users\chahj\Documents\ldraw\p\4-4cylo.dat
[ Info: incorporating geometry from C:\Users\chahj\Documents\ldraw\p\4-4cylo.dat into C:\Users\chahj\Documents/ldraw\parts\s\3062bs01.dat
[ Info: incorporating geometry from C:\Users\chahj\Documents\ldraw\p\4-4ring3.dat into C:\Users\chahj\Documents\ldraw\p\stud4od.dat
[ Info: incorporating geometry from C:\Users\chahj\Documents\ldraw\p\4-4cylo.dat into C:\Users\chahj\Documents\ldraw\p\stud4od.dat
[ Info: incorporating geometry from C:\Users\chahj\Documents\ldraw\p\stud4od.dat into C:\Users\chahj\Documents/ldraw\parts\s\3062bs01.dat
[ Info: incorporating geometry from C:\Users\chahj\Documents/ldraw\parts\s\3062bs01.dat into C:\Users\chahj\Documents\ldraw\parts\3062b.dat
[ Info: incorporating geometry from C:\Users\chahj\Documents\ldraw\p\4-4cyli.dat into C:\Users\chahj\Documents\ldraw\parts\3062b.dat
[ Info: incorporating geometry from C:\Users\chahj\Documents\ldraw\p\1-8ring17.dat into C:\Users\chahj\Documents/ldraw\parts\s\4624s01.dat
[ Info: incorporating geometry from C:\Users\chahj\Documents\ldraw\p\1-8ring9.dat into C:\Users\chahj\Documents/ldraw\parts\s\4624s01.dat
[ Info: incorporating geometry from C:\Users\chahj\Documents\ldraw\p\empty.dat into C:\Users\chahj\Documents\ldraw\p\1-16chrd.dat
[ Info: incorporating geometry from C:\Users\chahj\Documents\ldraw\p\1-16chrd.dat into C:\Users\chahj\Documents/ldraw\parts\s\4624s01.dat
[ Info: incorporating geometry from C:\Users\chahj\Documents\ldraw\p\1-8disc.dat into C:\Users\chahj\Documents/ldraw\parts\s\4624s01.dat
[ Info: incorporating geometry from C:\Users\chahj\Documents\ldraw\p\1-8ring4.dat into C:\Users\chahj\Documents/ldraw\parts\s\4624s01.dat
[ Info: incorporating geometry from C:\Users\chahj\Documents\ldraw\p\1-8ring3.dat into C:\Users\chahj\Documents/ldraw\parts\s\4624s01.dat
[ Info: incorporating geometry from C:\Users\chahj\Documents\ldraw\p\1-16chrd.dat into C:\Users\chahj\Documents/ldraw\parts\s\4624s01.dat
[ Info: incorporating geometry from C:\Users\chahj\Documents\ldraw\p\1-16ring2.dat into C:\Users\chahj\Documents/ldraw\parts\s\4624s01.dat
[ Info: incorporating geometry from C:\Users\chahj\Documents\ldraw\p\1-16con3.dat into C:\Users\chahj\Documents/ldraw\parts\s\4624s01.dat
[ Info: incorporating geometry from C:\Users\chahj\Documents\ldraw\p\1-16con16.dat into C:\Users\chahj\Documents/ldraw\parts\s\4624s01.dat
[ Info: incorporating geometry from C:\Users\chahj\Documents\ldraw\p\1-16edge.dat into C:\Users\chahj\Documents/ldraw\parts\s\4624s01.dat
[ Info: incorporating geometry from C:\Users\chahj\Documents\ldraw\p\1-16ring2.dat into C:\Users\chahj\Documents/ldraw\parts\s\4624s01.dat
[ Info: incorporating geometry from C:\Users\chahj\Documents\ldraw\p\1-8disc.dat into C:\Users\chahj\Documents/ldraw\parts\s\4624s01.dat
[ Info: incorporating geometry from C:\Users\chahj\Documents\ldraw\p\1-16cyli.dat into C:\Users\chahj\Documents\ldraw\p\1-16cylo.dat
[ Info: incorporating geometry from C:\Users\chahj\Documents\ldraw\p\1-16edge.dat into C:\Users\chahj\Documents\ldraw\p\1-16cylo.dat
[ Info: incorporating geometry from C:\Users\chahj\Documents\ldraw\p\1-16edge.dat into C:\Users\chahj\Documents\ldraw\p\1-16cylo.dat
[ Info: incorporating geometry from C:\Users\chahj\Documents\ldraw\p\1-16cylo.dat into C:\Users\chahj\Documents/ldraw\parts\s\4624s01.dat
[ Info: incorporating geometry from C:\Users\chahj\Documents\ldraw\p\rect.dat into C:\Users\chahj\Documents/ldraw\parts\s\4624s01.dat
[ Info: incorporating geometry from C:\Users\chahj\Documents\ldraw\p\1-16cylo.dat into C:\Users\chahj\Documents/ldraw\parts\s\4624s01.dat
[ Info: incorporating geometry from C:\Users\chahj\Documents\ldraw\p\1-16cyli.dat into C:\Users\chahj\Documents/ldraw\parts\s\4624s01.dat
[ Info: incorporating geometry from C:\Users\chahj\Documents\ldraw\p\1-16edge.dat into C:\Users\chahj\Documents/ldraw\parts\s\4624s01.dat
[ Info: incorporating geometry from C:\Users\chahj\Documents\ldraw\p\1-16edge.dat into C:\Users\chahj\Documents/ldraw\parts\s\4624s01.dat
[ Info: incorporating geometry from C:\Users\chahj\Documents\ldraw\p\rect2p.dat into C:\Users\chahj\Documents/ldraw\parts\s\4624s01.dat
[ Info: incorporating geometry from C:\Users\chahj\Documents\ldraw\p\1-8edge.dat into C:\Users\chahj\Documents\ldraw\p\1-8cylo.dat
[ Info: incorporating geometry from C:\Users\chahj\Documents\ldraw\p\1-8edge.dat into C:\Users\chahj\Documents\ldraw\p\1-8cylo.dat
[ Info: incorporating geometry from C:\Users\chahj\Documents\ldraw\p\1-8cyli.dat into C:\Users\chahj\Documents\ldraw\p\1-8cylo.dat
[ Info: incorporating geometry from C:\Users\chahj\Documents\ldraw\p\1-8cylo.dat into C:\Users\chahj\Documents/ldraw\parts\s\4624s01.dat
[ Info: incorporating geometry from C:\Users\chahj\Documents\ldraw\p\1-8con4.dat into C:\Users\chahj\Documents/ldraw\parts\s\4624s01.dat
[ Info: incorporating geometry from C:\Users\chahj\Documents\ldraw\p\1-8cylo.dat into C:\Users\chahj\Documents/ldraw\parts\s\4624s01.dat
[ Info: incorporating geometry from C:\Users\chahj\Documents\ldraw\p\1-8con4.dat into C:\Users\chahj\Documents/ldraw\parts\s\4624s01.dat
[ Info: incorporating geometry from C:\Users\chahj\Documents\ldraw\p\1-8cylo.dat into C:\Users\chahj\Documents/ldraw\parts\s\4624s01.dat
[ Info: incorporating geometry from C:\Users\chahj\Documents/ldraw\parts\s\4624s01.dat into C:\Users\chahj\Documents\ldraw\parts\4624.dat
[ Info: incorporating geometry from C:\Users\chahj\Documents/ldraw\parts\s\4624s01.dat into C:\Users\chahj\Documents\ldraw\parts\4624.dat
[ Info: incorporating geometry from C:\Users\chahj\Documents/ldraw\parts\s\4624s01.dat into C:\Users\chahj\Documents\ldraw\parts\4624.dat
[ Info: incorporating geometry from C:\Users\chahj\Documents/ldraw\parts\s\4624s01.dat into C:\Users\chahj\Documents\ldraw\parts\4624.dat
[ Info: incorporating geometry from C:\Users\chahj\Documents/ldraw\parts\s\4624s01.dat into C:\Users\chahj\Documents\ldraw\parts\4624.dat
[ Info: incorporating geometry from C:\Users\chahj\Documents/ldraw\parts\s\4624s01.dat into C:\Users\chahj\Documents\ldraw\parts\4624.dat
[ Info: incorporating geometry from C:\Users\chahj\Documents/ldraw\parts\s\4624s01.dat into C:\Users\chahj\Documents\ldraw\parts\4624.dat
[ Info: incorporating geometry from C:\Users\chahj\Documents/ldraw\parts\s\4624s01.dat into C:\Users\chahj\Documents\ldraw\parts\4624.dat
[ Info: incorporating geometry from C:\Users\chahj\Documents\ldraw\p\4-4edge.dat into C:\Users\chahj\Documents\ldraw\p\stud4.dat
[ Info: incorporating geometry from C:\Users\chahj\Documents\ldraw\p\4-4edge.dat into C:\Users\chahj\Documents\ldraw\p\stud4.dat
[ Info: incorporating geometry from C:\Users\chahj\Documents\ldraw\p\4-4edge.dat into C:\Users\chahj\Documents\ldraw\p\stud4.dat
[ Info: incorporating geometry from C:\Users\chahj\Documents\ldraw\p\4-4edge.dat into C:\Users\chahj\Documents\ldraw\p\stud4.dat
[ Info: incorporating geometry from C:\Users\chahj\Documents\ldraw\p\4-4cyli.dat into C:\Users\chahj\Documents\ldraw\p\stud4.dat
[ Info: incorporating geometry from C:\Users\chahj\Documents\ldraw\p\4-4cyli.dat into C:\Users\chahj\Documents\ldraw\p\stud4.dat
[ Info: incorporating geometry from C:\Users\chahj\Documents\ldraw\p\4-4ring3.dat into C:\Users\chahj\Documents\ldraw\p\stud4.dat
[ Info: incorporating geometry from C:\Users\chahj\Documents\ldraw\p\stud4.dat into C:\Users\chahj\Documents/ldraw\parts\s\3001s01.dat
[ Info: incorporating geometry from C:\Users\chahj\Documents\ldraw\p\stud4.dat into C:\Users\chahj\Documents/ldraw\parts\s\3001s01.dat
[ Info: incorporating geometry from C:\Users\chahj\Documents\ldraw\p\stud4.dat into C:\Users\chahj\Documents/ldraw\parts\s\3001s01.dat
[ Info: incorporating geometry from C:\Users\chahj\Documents\ldraw\p\box5.dat into C:\Users\chahj\Documents/ldraw\parts\s\3001s01.dat
[ Info: incorporating geometry from C:\Users\chahj\Documents\ldraw\p\box3u2p.dat into C:\Users\chahj\Documents/ldraw\parts\s\3001s01.dat
[ Info: incorporating geometry from C:\Users\chahj\Documents\ldraw\p\stud.dat into C:\Users\chahj\Documents/ldraw\parts\s\3001s01.dat
[ Info: incorporating geometry from C:\Users\chahj\Documents\ldraw\p\stud.dat into C:\Users\chahj\Documents/ldraw\parts\s\3001s01.dat
[ Info: incorporating geometry from C:\Users\chahj\Documents\ldraw\p\stud.dat into C:\Users\chahj\Documents/ldraw\parts\s\3001s01.dat
[ Info: incorporating geometry from C:\Users\chahj\Documents\ldraw\p\stud.dat into C:\Users\chahj\Documents/ldraw\parts\s\3001s01.dat
[ Info: incorporating geometry from C:\Users\chahj\Documents\ldraw\p\stud.dat into C:\Users\chahj\Documents/ldraw\parts\s\3001s01.dat
[ Info: incorporating geometry from C:\Users\chahj\Documents\ldraw\p\stud.dat into C:\Users\chahj\Documents/ldraw\parts\s\3001s01.dat
[ Info: incorporating geometry from C:\Users\chahj\Documents\ldraw\p\stud.dat into C:\Users\chahj\Documents/ldraw\parts\s\3001s01.dat
[ Info: incorporating geometry from C:\Users\chahj\Documents\ldraw\p\stud.dat into C:\Users\chahj\Documents/ldraw\parts\s\3001s01.dat
[ Info: incorporating geometry from C:\Users\chahj\Documents\ldraw\p\1-16tndis.dat into C:\Users\chahj\Documents\ldraw\p\st4jfil4.dat
[ Info: incorporating geometry from C:\Users\chahj\Documents\ldraw\p\1-16tndis.dat into C:\Users\chahj\Documents\ldraw\p\st4jfil4.dat
[ Info: incorporating geometry from C:\Users\chahj\Documents/ldraw\parts\s\3001s01.dat into C:\Users\chahj\Documents\ldraw\parts\3001.dat
[ Info: incorporating geometry from C:\Users\chahj\Documents\ldraw\p\1-4edge.dat into C:\Users\chahj\Documents\ldraw\p\wpin2.dat
[ Info: incorporating geometry from C:\Users\chahj\Documents\ldraw\p\1-4edge.dat into C:\Users\chahj\Documents\ldraw\p\wpin2.dat
[ Info: incorporating geometry from C:\Users\chahj\Documents\ldraw\p\1-4cyli.dat into C:\Users\chahj\Documents\ldraw\p\wpin2.dat
[ Info: incorporating geometry from C:\Users\chahj\Documents\ldraw\p\1-4chrd.dat into C:\Users\chahj\Documents\ldraw\p\wpin2.dat
[ Info: incorporating geometry from C:\Users\chahj\Documents\ldraw\p\1-4chrd.dat into C:\Users\chahj\Documents\ldraw\p\wpin2.dat
[ Info: incorporating geometry from C:\Users\chahj\Documents\ldraw\p\3-8chrd.dat into C:\Users\chahj\Documents\ldraw\p\wpin.dat
[ Info: incorporating geometry from C:\Users\chahj\Documents\ldraw\p\3-8chrd.dat into C:\Users\chahj\Documents\ldraw\p\wpin.dat
[ Info: incorporating geometry from C:\Users\chahj\Documents\ldraw\p\3-8cyli.dat into C:\Users\chahj\Documents\ldraw\p\wpin.dat
[ Info: incorporating geometry from C:\Users\chahj\Documents\ldraw\p\3-8edge.dat into C:\Users\chahj\Documents\ldraw\p\3-8cylo.dat
[ Info: incorporating geometry from C:\Users\chahj\Documents\ldraw\p\3-8edge.dat into C:\Users\chahj\Documents\ldraw\p\3-8cylo.dat
[ Info: incorporating geometry from C:\Users\chahj\Documents\ldraw\p\3-8cyli.dat into C:\Users\chahj\Documents\ldraw\p\3-8cylo.dat
[ Info: incorporating geometry from C:\Users\chahj\Documents\ldraw\p\3-8cylo.dat into C:\Users\chahj\Documents\ldraw\p\wpin.dat
[ Info: incorporating geometry from C:\Users\chahj\Documents\ldraw\p\3-8edge.dat into C:\Users\chahj\Documents\ldraw\p\wpin.dat
[ Info: incorporating geometry from C:\Users\chahj\Documents\ldraw\p\3-8edge.dat into C:\Users\chahj\Documents\ldraw\p\wpin.dat
[ Info: incorporating geometry from C:\Users\chahj\Documents\ldraw\p\3-8cylo.dat into C:\Users\chahj\Documents\ldraw\p\wpin.dat
[ Info: incorporating geometry from C:\Users\chahj\Documents\ldraw\p\3-8cylo.dat into C:\Users\chahj\Documents\ldraw\p\wpin.dat
[ Info: incorporating geometry from C:\Users\chahj\Documents\ldraw\p\1-16cyli.dat into C:\Users\chahj\Documents\ldraw\p\wpin.dat
[ Info: incorporating geometry from C:\Users\chahj\Documents\ldraw\p\1-16cyli.dat into C:\Users\chahj\Documents\ldraw\p\wpin.dat
[ Info: incorporating geometry from C:\Users\chahj\Documents\ldraw\p\1-16edge.dat into C:\Users\chahj\Documents\ldraw\p\wpin.dat
[ Info: incorporating geometry from C:\Users\chahj\Documents\ldraw\p\1-16edge.dat into C:\Users\chahj\Documents\ldraw\p\wpin.dat
[ Info: incorporating geometry from C:\Users\chahj\Documents\ldraw\p\1-16cyli.dat into C:\Users\chahj\Documents\ldraw\p\wpin.dat
[ Info: incorporating geometry from C:\Users\chahj\Documents\ldraw\p\1-16cyli.dat into C:\Users\chahj\Documents\ldraw\p\wpin.dat
[ Info: incorporating geometry from C:\Users\chahj\Documents\ldraw\p\1-16edge.dat into C:\Users\chahj\Documents\ldraw\p\wpin.dat
[ Info: incorporating geometry from C:\Users\chahj\Documents\ldraw\p\1-16edge.dat into C:\Users\chahj\Documents\ldraw\p\wpin.dat
[ Info: incorporating geometry from C:\Users\chahj\Documents\ldraw\p\3-8ring12.dat into C:\Users\chahj\Documents\ldraw\p\wpin.dat
[ Info: incorporating geometry from C:\Users\chahj\Documents\ldraw\p\3-8ring12.dat into C:\Users\chahj\Documents\ldraw\p\wpin.dat
[ Info: incorporating geometry from C:\Users\chahj\Documents\ldraw\p\3-8edge.dat into C:\Users\chahj\Documents\ldraw\p\wpin.dat
[ Info: incorporating geometry from C:\Users\chahj\Documents\ldraw\p\3-8edge.dat into C:\Users\chahj\Documents\ldraw\p\wpin.dat
[ Info: incorporating geometry from C:\Users\chahj\Documents/ldraw\p\8\1-4edge.dat into C:\Users\chahj\Documents\ldraw\p\wpin.dat
[ Info: incorporating geometry from C:\Users\chahj\Documents/ldraw\p\8\1-4edge.dat into C:\Users\chahj\Documents\ldraw\p\wpin.dat
[ Info: incorporating geometry from C:\Users\chahj\Documents/ldraw\p\8\1-4edge.dat into C:\Users\chahj\Documents\ldraw\p\wpin.dat
[ Info: incorporating geometry from C:\Users\chahj\Documents/ldraw\p\8\1-4edge.dat into C:\Users\chahj\Documents\ldraw\p\wpin.dat
[ Info: incorporating geometry from C:\Users\chahj\Documents/ldraw\p\8\1-4ndis.dat into C:\Users\chahj\Documents\ldraw\p\wpin.dat
[ Info: incorporating geometry from C:\Users\chahj\Documents/ldraw\p\8\1-4ndis.dat into C:\Users\chahj\Documents\ldraw\p\wpin.dat
[ Info: incorporating geometry from C:\Users\chahj\Documents/ldraw\p\8\1-4ndis.dat into C:\Users\chahj\Documents\ldraw\p\wpin.dat
[ Info: incorporating geometry from C:\Users\chahj\Documents/ldraw\p\8\1-4ndis.dat into C:\Users\chahj\Documents\ldraw\p\wpin.dat
[ Info: incorporating geometry from C:\Users\chahj\Documents/ldraw\p\8\1-4cyli.dat into C:\Users\chahj\Documents\ldraw\p\wpin.dat
[ Info: incorporating geometry from C:\Users\chahj\Documents/ldraw\p\8\1-4cyli.dat into C:\Users\chahj\Documents\ldraw\p\wpin.dat
[ Info: incorporating geometry from C:\Users\chahj\Documents/ldraw\p\8\1-4cyls.dat into C:\Users\chahj\Documents\ldraw\p\wpin.dat
[ Info: incorporating geometry from C:\Users\chahj\Documents/ldraw\p\8\1-4cyls.dat into C:\Users\chahj\Documents\ldraw\p\wpin.dat
[ Info: incorporating geometry from C:\Users\chahj\Documents\ldraw\p\wpin.dat into C:\Users\chahj\Documents\ldraw\p\wpin2a.dat
[ Info: incorporating geometry from C:\Users\chahj\Documents\ldraw\p\1-4edge.dat into C:\Users\chahj\Documents\ldraw\p\1-4cylo.dat
[ Info: incorporating geometry from C:\Users\chahj\Documents\ldraw\p\1-4edge.dat into C:\Users\chahj\Documents\ldraw\p\1-4cylo.dat
[ Info: incorporating geometry from C:\Users\chahj\Documents\ldraw\p\1-4cyli.dat into C:\Users\chahj\Documents\ldraw\p\1-4cylo.dat
[ Info: incorporating geometry from C:\Users\chahj\Documents\ldraw\p\1-4cylo.dat into C:\Users\chahj\Documents\ldraw\p\wpin2a.dat
[ Info: incorporating geometry from C:\Users\chahj\Documents\ldraw\p\1-4chrd.dat into C:\Users\chahj\Documents\ldraw\p\wpin2a.dat
[ Info: incorporating geometry from C:\Users\chahj\Documents\ldraw\p\wpin2a.dat into C:\Users\chahj\Documents\ldraw\p\wpin2.dat
[ Info: incorporating geometry from C:\Users\chahj\Documents\ldraw\p\stud3.dat into C:\Users\chahj\Documents/ldraw\parts\s\3023bs01.dat
[ Info: incorporating geometry from C:\Users\chahj\Documents\ldraw\p\box5.dat into C:\Users\chahj\Documents/ldraw\parts\s\3023bs01.dat
[ Info: incorporating geometry from C:\Users\chahj\Documents\ldraw\p\box4t.dat into C:\Users\chahj\Documents/ldraw\parts\s\3023bs01.dat
[ Info: incorporating geometry from C:\Users\chahj\Documents\ldraw\p\stud.dat into C:\Users\chahj\Documents\ldraw\p\stug-1x2.dat
[ Info: incorporating geometry from C:\Users\chahj\Documents\ldraw\p\stud.dat into C:\Users\chahj\Documents\ldraw\p\stug-1x2.dat
[ Info: incorporating geometry from C:\Users\chahj\Documents\ldraw\p\stug-1x2.dat into C:\Users\chahj\Documents/ldraw\parts\s\3023bs01.dat
[ Info: incorporating geometry from C:\Users\chahj\Documents/ldraw\parts\s\3004s01.dat into C:\Users\chahj\Documents\ldraw\parts\3004.dat
[ Info: incorporating geometry from C:\Users\chahj\Documents\ldraw\p\stug-1x2.dat into C:\Users\chahj\Documents/ldraw\parts\s\3039s01.dat
[ Info: incorporating geometry from C:\Users\chahj\Documents\ldraw\p\4-4edge.dat into C:\Users\chahj\Documents\ldraw\p\stud4a.dat
[ Info: incorporating geometry from C:\Users\chahj\Documents\ldraw\p\4-4edge.dat into C:\Users\chahj\Documents\ldraw\p\stud4a.dat
[ Info: incorporating geometry from C:\Users\chahj\Documents\ldraw\p\4-4cyli.dat into C:\Users\chahj\Documents\ldraw\p\stud4a.dat
[ Info: incorporating geometry from C:\Users\chahj\Documents\ldraw\p\4-4cyli.dat into C:\Users\chahj\Documents\ldraw\p\stud4a.dat
[ Info: incorporating geometry from C:\Users\chahj\Documents\ldraw\p\4-4ring3.dat into C:\Users\chahj\Documents\ldraw\p\stud4a.dat
[ Info: incorporating geometry from C:\Users\chahj\Documents\ldraw\p\stud4a.dat into C:\Users\chahj\Documents/ldraw\parts\s\3039s01.dat
[ Info: incorporating geometry from C:\Users\chahj\Documents\ldraw\p\2-4cyli.dat into C:\Users\chahj\Documents/ldraw\parts\s\3039s01.dat
[ Info: incorporating geometry from C:\Users\chahj\Documents\ldraw\p\2-4cyli.dat into C:\Users\chahj\Documents/ldraw\parts\s\3039s01.dat
[ Info: incorporating geometry from C:\Users\chahj\Documents\ldraw\p\1-4cyls.dat into C:\Users\chahj\Documents/ldraw\parts\s\3039s01.dat
[ Info: incorporating geometry from C:\Users\chahj\Documents\ldraw\p\1-4cyls.dat into C:\Users\chahj\Documents/ldraw\parts\s\3039s01.dat
[ Info: incorporating geometry from C:\Users\chahj\Documents\ldraw\p\2-4cyli.dat into C:\Users\chahj\Documents/ldraw\parts\s\3039s01.dat
[ Info: incorporating geometry from C:\Users\chahj\Documents\ldraw\p\1-4cyls.dat into C:\Users\chahj\Documents/ldraw\parts\s\3039s01.dat
[ Info: incorporating geometry from C:\Users\chahj\Documents\ldraw\p\1-4cyls.dat into C:\Users\chahj\Documents/ldraw\parts\s\3039s01.dat
[ Info: incorporating geometry from C:\Users\chahj\Documents\ldraw\p\2-4edge.dat into C:\Users\chahj\Documents/ldraw\parts\s\3039s01.dat
[ Info: incorporating geometry from C:\Users\chahj\Documents\ldraw\p\2-4edge.dat into C:\Users\chahj\Documents/ldraw\parts\s\3039s01.dat
[ Info: incorporating geometry from C:\Users\chahj\Documents\ldraw\p\2-4edge.dat into C:\Users\chahj\Documents/ldraw\parts\s\3039s01.dat
[ Info: incorporating geometry from C:\Users\chahj\Documents\ldraw\p\2-4edge.dat into C:\Users\chahj\Documents/ldraw\parts\s\3039s01.dat
[ Info: incorporating geometry from C:\Users\chahj\Documents\ldraw\p\2-4chrd.dat into C:\Users\chahj\Documents/ldraw\parts\s\3039s01.dat
[ Info: incorporating geometry from C:\Users\chahj\Documents\ldraw\p\2-4ndis.dat into C:\Users\chahj\Documents/ldraw\parts\s\3039s01.dat
[ Info: incorporating geometry from C:\Users\chahj\Documents\ldraw\p\2-4chrd.dat into C:\Users\chahj\Documents/ldraw\parts\s\3039s01.dat
[ Info: incorporating geometry from C:\Users\chahj\Documents\ldraw\p\2-4ndis.dat into C:\Users\chahj\Documents/ldraw\parts\s\3039s01.dat
[ Info: incorporating geometry from C:\Users\chahj\Documents\ldraw\p\box3u4a.dat into C:\Users\chahj\Documents/ldraw\parts\s\3039s01.dat
[ Info: incorporating geometry from C:\Users\chahj\Documents\ldraw\p\rect.dat into C:\Users\chahj\Documents/ldraw\parts\s\3039s01.dat
[ Info: incorporating geometry from C:\Users\chahj\Documents\ldraw\p\box4-4a.dat into C:\Users\chahj\Documents/ldraw\parts\s\3039s01.dat
[ Info: incorporating geometry from C:\Users\chahj\Documents\ldraw\p\rect.dat into C:\Users\chahj\Documents/ldraw\parts\s\3039s01.dat
[ Info: incorporating geometry from C:\Users\chahj\Documents/ldraw\parts\s\3039s01.dat into C:\Users\chahj\Documents\ldraw\parts\3039.dat
[ Info: incorporating geometry from C:\Users\chahj\Documents\ldraw\p\stud4.dat into C:\Users\chahj\Documents\ldraw\parts\3022.dat
[ Info: incorporating geometry from C:\Users\chahj\Documents\ldraw\p\box5.dat into C:\Users\chahj\Documents\ldraw\parts\3022.dat
[ Info: incorporating geometry from C:\Users\chahj\Documents\ldraw\p\box5.dat into C:\Users\chahj\Documents\ldraw\parts\3022.dat
[ Info: incorporating geometry from C:\Users\chahj\Documents\ldraw\p\stud.dat into C:\Users\chahj\Documents\ldraw\parts\3022.dat
[ Info: incorporating geometry from C:\Users\chahj\Documents\ldraw\p\stud.dat into C:\Users\chahj\Documents\ldraw\parts\3022.dat
[ Info: incorporating geometry from C:\Users\chahj\Documents\ldraw\p\stud.dat into C:\Users\chahj\Documents\ldraw\parts\3022.dat
[ Info: incorporating geometry from C:\Users\chahj\Documents\ldraw\p\stud.dat into C:\Users\chahj\Documents\ldraw\parts\3022.dat
[ Info: incorporating geometry from C:\Users\chahj\Documents\ldraw\p\rect3.dat into C:\Users\chahj\Documents/ldraw\parts\s\87697s01.dat
[ Info: incorporating geometry from C:\Users\chahj\Documents\ldraw\p\rect1.dat into C:\Users\chahj\Documents/ldraw\parts\s\87697s01.dat
[ Info: incorporating geometry from C:\Users\chahj\Documents\ldraw\p\rect.dat into C:\Users\chahj\Documents/ldraw\parts\s\87697s01.dat
[ Info: incorporating geometry from C:\Users\chahj\Documents\ldraw\p\4-4edge.dat into C:\Users\chahj\Documents/ldraw\parts\s\6014s01.dat
[ Info: incorporating geometry from C:\Users\chahj\Documents\ldraw\p\3-8edge.dat into C:\Users\chahj\Documents/ldraw\parts\s\6014s01.dat
[ Info: incorporating geometry from C:\Users\chahj\Documents\ldraw\p\3-8edge.dat into C:\Users\chahj\Documents/ldraw\parts\s\6014s01.dat
[ Info: incorporating geometry from C:\Users\chahj\Documents\ldraw\p\1-4edge.dat into C:\Users\chahj\Documents/ldraw\parts\s\6014s01.dat
[ Info: incorporating geometry from C:\Users\chahj\Documents\ldraw\p\1-4edge.dat into C:\Users\chahj\Documents/ldraw\parts\s\6014s01.dat
[ Info: incorporating geometry from C:\Users\chahj\Documents\ldraw\p\4-4edge.dat into C:\Users\chahj\Documents/ldraw\parts\s\6014s01.dat
[ Info: incorporating geometry from C:\Users\chahj\Documents\ldraw\p\4-4edge.dat into C:\Users\chahj\Documents/ldraw\parts\s\6014s01.dat
[ Info: incorporating geometry from C:\Users\chahj\Documents\ldraw\p\4-4con4.dat into C:\Users\chahj\Documents/ldraw\parts\s\6014s01.dat
[ Info: incorporating geometry from C:\Users\chahj\Documents\ldraw\p\4-4con10.dat into C:\Users\chahj\Documents/ldraw\parts\s\6014s01.dat
[ Info: incorporating geometry from C:\Users\chahj\Documents\ldraw\p\4-4edge.dat into C:\Users\chahj\Documents/ldraw\parts\s\6014s01.dat
[ Info: incorporating geometry from C:\Users\chahj\Documents\ldraw\p\1-4ring3.dat into C:\Users\chahj\Documents/ldraw\parts\s\6014s01.dat
[ Info: incorporating geometry from C:\Users\chahj\Documents\ldraw\p\1-4ring3.dat into C:\Users\chahj\Documents/ldraw\parts\s\6014s01.dat
[ Info: incorporating geometry from C:\Users\chahj\Documents\ldraw\p\4-4disc.dat into C:\Users\chahj\Documents/ldraw\parts\s\6014s01.dat
[ Info: incorporating geometry from C:\Users\chahj\Documents\ldraw\p\1-8cylo.dat into C:\Users\chahj\Documents/ldraw\parts\s\6014s01.dat
[ Info: incorporating geometry from C:\Users\chahj\Documents\ldraw\p\1-8cylo.dat into C:\Users\chahj\Documents/ldraw\parts\s\6014s01.dat
[ Info: incorporating geometry from C:\Users\chahj\Documents\ldraw\p\1-8cylo.dat into C:\Users\chahj\Documents/ldraw\parts\s\6014s01.dat
[ Info: incorporating geometry from C:\Users\chahj\Documents\ldraw\p\1-8cylo.dat into C:\Users\chahj\Documents/ldraw\parts\s\6014s01.dat
[ Info: incorporating geometry from C:\Users\chahj\Documents\ldraw\p\1-8chrd.dat into C:\Users\chahj\Documents/ldraw\parts\s\6014s01.dat
[ Info: incorporating geometry from C:\Users\chahj\Documents\ldraw\p\1-8chrd.dat into C:\Users\chahj\Documents/ldraw\parts\s\6014s01.dat
[ Info: incorporating geometry from C:\Users\chahj\Documents\ldraw\p\1-4ring4.dat into C:\Users\chahj\Documents/ldraw\parts\s\6014s01.dat
[ Info: incorporating geometry from C:\Users\chahj\Documents\ldraw\p\1-4ring4.dat into C:\Users\chahj\Documents/ldraw\parts\s\6014s01.dat
[ Info: incorporating geometry from C:\Users\chahj\Documents\ldraw\p\1-4cyli.dat into C:\Users\chahj\Documents/ldraw\parts\s\6014s01.dat
[ Info: incorporating geometry from C:\Users\chahj\Documents\ldraw\p\1-4cyli.dat into C:\Users\chahj\Documents/ldraw\parts\s\6014s01.dat
[ Info: incorporating geometry from C:\Users\chahj\Documents\ldraw\p\4-4edge.dat into C:\Users\chahj\Documents/ldraw\parts\s\6014s01.dat
[ Info: incorporating geometry from C:\Users\chahj\Documents\ldraw\p\4-4cylo.dat into C:\Users\chahj\Documents/ldraw\parts\s\6014s01.dat
[ Info: incorporating geometry from C:\Users\chahj\Documents\ldraw\p\4-4cylo.dat into C:\Users\chahj\Documents/ldraw\parts\s\6014s01.dat
[ Info: incorporating geometry from C:\Users\chahj\Documents\ldraw\p\4-4cyli.dat into C:\Users\chahj\Documents/ldraw\parts\s\6014s01.dat
[ Info: incorporating geometry from C:\Users\chahj\Documents\ldraw\p\3-8cyli.dat into C:\Users\chahj\Documents/ldraw\parts\s\6014s01.dat
[ Info: incorporating geometry from C:\Users\chahj\Documents\ldraw\p\3-8cyli.dat into C:\Users\chahj\Documents/ldraw\parts\s\6014s01.dat
[ Info: incorporating geometry from C:\Users\chahj\Documents\ldraw\p\4-4con5.dat into C:\Users\chahj\Documents/ldraw\parts\s\6014s01.dat
[ Info: incorporating geometry from C:\Users\chahj\Documents\ldraw\p\4-4con12.dat into C:\Users\chahj\Documents/ldraw\parts\s\6014s01.dat
[ Info: incorporating geometry from C:\Users\chahj\Documents\ldraw\p\1-4con5.dat into C:\Users\chahj\Documents/ldraw\parts\s\6014s01.dat
[ Info: incorporating geometry from C:\Users\chahj\Documents\ldraw\p\1-4con5.dat into C:\Users\chahj\Documents/ldraw\parts\s\6014s01.dat
[ Info: incorporating geometry from C:\Users\chahj\Documents\ldraw\p\3-8con12.dat into C:\Users\chahj\Documents/ldraw\parts\s\6014s01.dat
[ Info: incorporating geometry from C:\Users\chahj\Documents\ldraw\p\3-8con12.dat into C:\Users\chahj\Documents/ldraw\parts\s\6014s01.dat
[ Info: incorporating geometry from C:\Users\chahj\Documents\ldraw\p\1-4cyli.dat into C:\Users\chahj\Documents/ldraw\parts\s\6014s01.dat
[ Info: incorporating geometry from C:\Users\chahj\Documents\ldraw\p\1-4cyli.dat into C:\Users\chahj\Documents/ldraw\parts\s\6014s01.dat
[ Info: incorporating geometry from C:\Users\chahj\Documents\ldraw\p\4-4cylo.dat into C:\Users\chahj\Documents/ldraw\parts\s\6014s01.dat
[ Info: incorporating geometry from C:\Users\chahj\Documents\ldraw\p\4-4cylo.dat into C:\Users\chahj\Documents/ldraw\parts\s\6014s01.dat
[ Info: incorporating geometry from C:\Users\chahj\Documents\ldraw\p\4-4ring11.dat into C:\Users\chahj\Documents/ldraw\parts\s\6014s01.dat
[ Info: incorporating geometry from C:\Users\chahj\Documents\ldraw\p\4-4ring12.dat into C:\Users\chahj\Documents/ldraw\parts\s\6014s01.dat
[ Info: incorporating geometry from C:\Users\chahj\Documents\ldraw\p\4-4ring11.dat into C:\Users\chahj\Documents/ldraw\parts\s\6014s01.dat
[ Info: incorporating geometry from C:\Users\chahj\Documents\ldraw\p\4-4ring12.dat into C:\Users\chahj\Documents/ldraw\parts\s\6014s01.dat
[ Info: incorporating geometry from C:\Users\chahj\Documents\ldraw\p\4-4ring9.dat into C:\Users\chahj\Documents/ldraw\parts\s\6014s01.dat
[ Info: incorporating geometry from C:\Users\chahj\Documents\ldraw\p\4-4ring10.dat into C:\Users\chahj\Documents/ldraw\parts\s\6014s01.dat
[ Info: incorporating geometry from C:\Users\chahj\Documents\ldraw\p\4-4ring2.dat into C:\Users\chahj\Documents/ldraw\parts\s\6014s01.dat
[ Info: incorporating geometry from C:\Users\chahj\Documents\ldraw\p\4-4ndis.dat into C:\Users\chahj\Documents/ldraw\parts\s\6014s01.dat
[ Info: incorporating geometry from C:\Users\chahj\Documents\ldraw\p\rect3.dat into C:\Users\chahj\Documents/ldraw\parts\s\6014s01.dat
[ Info: incorporating geometry from C:\Users\chahj\Documents\ldraw\p\rect3.dat into C:\Users\chahj\Documents/ldraw\parts\s\6014s01.dat
[ Info: incorporating geometry from C:\Users\chahj\Documents\ldraw\p\rect3.dat into C:\Users\chahj\Documents/ldraw\parts\s\6014s01.dat
[ Info: incorporating geometry from C:\Users\chahj\Documents\ldraw\p\rect3.dat into C:\Users\chahj\Documents/ldraw\parts\s\6014s01.dat
[ Info: incorporating geometry from C:\Users\chahj\Documents\ldraw\p\st4jfil4.dat into C:\Users\chahj\Documents\ldraw\p\stud4f2w.dat
[ Info: incorporating geometry from C:\Users\chahj\Documents\ldraw\p\st4jfil4.dat into C:\Users\chahj\Documents\ldraw\p\stud4f2w.dat
[ Info: incorporating geometry from C:\Users\chahj\Documents\ldraw\p\4-4edge.dat into C:\Users\chahj\Documents\ldraw\p\stud4f2w.dat
[ Info: incorporating geometry from C:\Users\chahj\Documents\ldraw\p\4-4cyli.dat into C:\Users\chahj\Documents\ldraw\p\stud4f2w.dat
[ Info: incorporating geometry from C:\Users\chahj\Documents\ldraw\p\3-8ring3.dat into C:\Users\chahj\Documents\ldraw\p\stud4f2w.dat
[ Info: incorporating geometry from C:\Users\chahj\Documents\ldraw\p\3-8ring3.dat into C:\Users\chahj\Documents\ldraw\p\stud4f2w.dat
[ Info: incorporating geometry from C:\Users\chahj\Documents\ldraw\p\3-8cylo.dat into C:\Users\chahj\Documents\ldraw\p\stud4f2w.dat
[ Info: incorporating geometry from C:\Users\chahj\Documents\ldraw\p\3-8cylo.dat into C:\Users\chahj\Documents\ldraw\p\stud4f2w.dat
[ Info: incorporating geometry from C:\Users\chahj\Documents/ldraw\parts\s\6014s01.dat into C:\Users\chahj\Documents\ldraw\parts\6014a.dat
[ Info: incorporating geometry from C:\Users\chahj\Documents\ldraw\p\4-4cyli.dat into C:\Users\chahj\Documents\ldraw\parts\6014a.dat
[ Info: incorporating geometry from C:\Users\chahj\Documents\ldraw\p\4-4edge.dat into C:\Users\chahj\Documents\ldraw\parts\6014a.dat
[ Info: incorporating geometry from C:\Users\chahj\Documents\ldraw\p\4-4ring2.dat into C:\Users\chahj\Documents\ldraw\parts\6014a.dat
[ Info: incorporating geometry from C:\Users\chahj\Documents\ldraw\p\4-4cylo.dat into C:\Users\chahj\Documents\ldraw\parts\87697.dat
[ Info: incorporating geometry from C:\Users\chahj\Documents\ldraw\p\4-4cylo.dat into C:\Users\chahj\Documents\ldraw\parts\87697.dat
[ Info: incorporating geometry from C:\Users\chahj\Documents\ldraw\p\4-4cylo.dat into C:\Users\chahj\Documents\ldraw\parts\87697.dat
[ Info: incorporating geometry from C:\Users\chahj\Documents\ldraw\p\4-4con12.dat into C:\Users\chahj\Documents\ldraw\parts\87697.dat
[ Info: incorporating geometry from C:\Users\chahj\Documents\ldraw\p\4-4con12.dat into C:\Users\chahj\Documents\ldraw\parts\87697.dat
[ Info: incorporating geometry from C:\Users\chahj\Documents\ldraw\p\1-4ndis.dat into C:\Users\chahj\Documents/ldraw\parts\s\6015s02.dat
[ Info: incorporating geometry from C:\Users\chahj\Documents/ldraw\parts\s\6015s02.dat into C:\Users\chahj\Documents\ldraw\parts\87697.dat
[ Info: incorporating geometry from C:\Users\chahj\Documents/ldraw\parts\s\6015s02.dat into C:\Users\chahj\Documents\ldraw\parts\87697.dat
[ Info: incorporating geometry from C:\Users\chahj\Documents/ldraw\parts\s\6015s02.dat into C:\Users\chahj\Documents\ldraw\parts\87697.dat
[ Info: incorporating geometry from C:\Users\chahj\Documents/ldraw\parts\s\6015s02.dat into C:\Users\chahj\Documents\ldraw\parts\87697.dat
[ Info: incorporating geometry from C:\Users\chahj\Documents/ldraw\parts\s\6015s02.dat into C:\Users\chahj\Documents\ldraw\parts\87697.dat
[ Info: incorporating geometry from C:\Users\chahj\Documents/ldraw\parts\s\6015s02.dat into C:\Users\chahj\Documents\ldraw\parts\87697.dat
[ Info: incorporating geometry from C:\Users\chahj\Documents/ldraw\parts\s\6015s02.dat into C:\Users\chahj\Documents\ldraw\parts\87697.dat
[ Info: incorporating geometry from C:\Users\chahj\Documents/ldraw\parts\s\6015s02.dat into C:\Users\chahj\Documents\ldraw\parts\87697.dat
[ Info: incorporating geometry from C:\Users\chahj\Documents/ldraw\parts\s\87697s01.dat into C:\Users\chahj\Documents\ldraw\parts\87697.dat
[ Info: incorporating geometry from C:\Users\chahj\Documents/ldraw\parts\s\87697s01.dat into C:\Users\chahj\Documents\ldraw\parts\87697.dat
[ Info: incorporating geometry from C:\Users\chahj\Documents/ldraw\parts\s\87697s01.dat into C:\Users\chahj\Documents\ldraw\parts\87697.dat
[ Info: incorporating geometry from C:\Users\chahj\Documents/ldraw\parts\s\87697s01.dat into C:\Users\chahj\Documents\ldraw\parts\87697.dat
[ Info: incorporating geometry from C:\Users\chahj\Documents/ldraw\parts\s\87697s01.dat into C:\Users\chahj\Documents\ldraw\parts\87697.dat
[ Info: incorporating geometry from C:\Users\chahj\Documents/ldraw\parts\s\87697s01.dat into C:\Users\chahj\Documents\ldraw\parts\87697.dat
[ Info: incorporating geometry from C:\Users\chahj\Documents/ldraw\parts\s\87697s01.dat into C:\Users\chahj\Documents\ldraw\parts\87697.dat
[ Info: incorporating geometry from C:\Users\chahj\Documents/ldraw\parts\s\87697s01.dat into C:\Users\chahj\Documents\ldraw\parts\87697.dat
[ Info: incorporating geometry from C:\Users\chahj\Documents/ldraw\parts\s\87697s01.dat into C:\Users\chahj\Documents\ldraw\parts\87697.dat
[ Info: incorporating geometry from C:\Users\chahj\Documents/ldraw\parts\s\87697s01.dat into C:\Users\chahj\Documents\ldraw\parts\87697.dat
[ Info: incorporating geometry from C:\Users\chahj\Documents/ldraw\parts\s\87697s01.dat into C:\Users\chahj\Documents\ldraw\parts\87697.dat
[ Info: incorporating geometry from C:\Users\chahj\Documents/ldraw\parts\s\87697s01.dat into C:\Users\chahj\Documents\ldraw\parts\87697.dat
[ Info: incorporating geometry from C:\Users\chahj\Documents/ldraw\parts\s\87697s01.dat into C:\Users\chahj\Documents\ldraw\parts\87697.dat
[ Info: incorporating geometry from C:\Users\chahj\Documents/ldraw\parts\s\87697s01.dat into C:\Users\chahj\Documents\ldraw\parts\87697.dat
[ Info: incorporating geometry from C:\Users\chahj\Documents/ldraw\parts\s\87697s01.dat into C:\Users\chahj\Documents\ldraw\parts\87697.dat
[ Info: incorporating geometry from C:\Users\chahj\Documents/ldraw\parts\s\87697s01.dat into C:\Users\chahj\Documents\ldraw\parts\87697.dat
[ Info: incorporating geometry from C:\Users\chahj\Documents/ldraw\parts\s\87697s01.dat into C:\Users\chahj\Documents\ldraw\parts\87697.dat
[ Info: incorporating geometry from C:\Users\chahj\Documents/ldraw\parts\s\87697s01.dat into C:\Users\chahj\Documents\ldraw\parts\87697.dat
[ Info: incorporating geometry from C:\Users\chahj\Documents/ldraw\parts\s\87697s01.dat into C:\Users\chahj\Documents\ldraw\parts\87697.dat
[ Info: incorporating geometry from C:\Users\chahj\Documents/ldraw\parts\s\87697s01.dat into C:\Users\chahj\Documents\ldraw\parts\87697.dat
[ Info: incorporating geometry from C:\Users\chahj\Documents/ldraw\parts\s\87697s01.dat into C:\Users\chahj\Documents\ldraw\parts\87697.dat
[ Info: incorporating geometry from C:\Users\chahj\Documents/ldraw\parts\s\87697s01.dat into C:\Users\chahj\Documents\ldraw\parts\87697.dat
[ Info: incorporating geometry from C:\Users\chahj\Documents/ldraw\parts\s\87697s01.dat into C:\Users\chahj\Documents\ldraw\parts\87697.dat
[ Info: incorporating geometry from C:\Users\chahj\Documents/ldraw\parts\s\87697s01.dat into C:\Users\chahj\Documents\ldraw\parts\87697.dat
[ Info: incorporating geometry from C:\Users\chahj\Documents/ldraw\parts\s\87697s01.dat into C:\Users\chahj\Documents\ldraw\parts\87697.dat
[ Info: incorporating geometry from C:\Users\chahj\Documents/ldraw\parts\s\87697s01.dat into C:\Users\chahj\Documents\ldraw\parts\87697.dat
[ Info: incorporating geometry from C:\Users\chahj\Documents/ldraw\parts\s\87697s01.dat into C:\Users\chahj\Documents\ldraw\parts\87697.dat
[ Info: incorporating geometry from C:\Users\chahj\Documents/ldraw\parts\s\87697s01.dat into C:\Users\chahj\Documents\ldraw\parts\87697.dat
[ Info: incorporating geometry from C:\Users\chahj\Documents/ldraw\parts\s\87697s01.dat into C:\Users\chahj\Documents\ldraw\parts\87697.dat
[ Info: incorporating geometry from C:\Users\chahj\Documents/ldraw\parts\s\87697s01.dat into C:\Users\chahj\Documents\ldraw\parts\87697.dat
[ Info: incorporating geometry from C:\Users\chahj\Documents/ldraw\parts\s\87697s01.dat into C:\Users\chahj\Documents\ldraw\parts\87697.dat
[ Info: incorporating geometry from C:\Users\chahj\Documents/ldraw\parts\s\87697s01.dat into C:\Users\chahj\Documents\ldraw\parts\87697.dat
[ Info: incorporating geometry from C:\Users\chahj\Documents/ldraw\parts\s\87697s01.dat into C:\Users\chahj\Documents\ldraw\parts\87697.dat
[ Info: incorporating geometry from C:\Users\chahj\Documents/ldraw\parts\s\87697s01.dat into C:\Users\chahj\Documents\ldraw\parts\87697.dat
[ Info: incorporating geometry from C:\Users\chahj\Documents/ldraw\parts\s\87697s01.dat into C:\Users\chahj\Documents\ldraw\parts\87697.dat
[ Info: incorporating geometry from C:\Users\chahj\Documents/ldraw\parts\s\87697s01.dat into C:\Users\chahj\Documents\ldraw\parts\87697.dat
[ Info: incorporating geometry from C:\Users\chahj\Documents\ldraw\p\rect3.dat into C:\Users\chahj\Documents/ldraw\parts\s\87414s01.dat
[ Info: incorporating geometry from C:\Users\chahj\Documents\ldraw\p\rect.dat into C:\Users\chahj\Documents/ldraw\parts\s\87414s01.dat
[ Info: incorporating geometry from C:\Users\chahj\Documents\ldraw\p\rect3.dat into C:\Users\chahj\Documents/ldraw\parts\s\87414s01.dat
[ Info: incorporating geometry from C:\Users\chahj\Documents\ldraw\p\rect2a.dat into C:\Users\chahj\Documents/ldraw\parts\s\87414s01.dat
[ Info: incorporating geometry from C:\Users\chahj\Documents/ldraw\parts\s\87414s01.dat into C:\Users\chahj\Documents\ldraw\parts\87414.dat
[ Info: incorporating geometry from C:\Users\chahj\Documents/ldraw\parts\s\87414s01.dat into C:\Users\chahj\Documents\ldraw\parts\87414.dat
[ Info: incorporating geometry from C:\Users\chahj\Documents/ldraw\parts\s\87414s01.dat into C:\Users\chahj\Documents\ldraw\parts\87414.dat
[ Info: incorporating geometry from C:\Users\chahj\Documents/ldraw\parts\s\87414s01.dat into C:\Users\chahj\Documents\ldraw\parts\87414.dat
[ Info: incorporating geometry from C:\Users\chahj\Documents/ldraw\parts\s\87414s01.dat into C:\Users\chahj\Documents\ldraw\parts\87414.dat
[ Info: incorporating geometry from C:\Users\chahj\Documents/ldraw\parts\s\87414s01.dat into C:\Users\chahj\Documents\ldraw\parts\87414.dat
[ Info: incorporating geometry from C:\Users\chahj\Documents/ldraw\parts\s\87414s01.dat into C:\Users\chahj\Documents\ldraw\parts\87414.dat
[ Info: incorporating geometry from C:\Users\chahj\Documents/ldraw\parts\s\87414s01.dat into C:\Users\chahj\Documents\ldraw\parts\87414.dat
[ Info: incorporating geometry from C:\Users\chahj\Documents/ldraw\parts\s\87414s01.dat into C:\Users\chahj\Documents\ldraw\parts\87414.dat
[ Info: incorporating geometry from C:\Users\chahj\Documents/ldraw\parts\s\87414s01.dat into C:\Users\chahj\Documents\ldraw\parts\87414.dat
[ Info: incorporating geometry from C:\Users\chahj\Documents/ldraw\parts\s\87414s01.dat into C:\Users\chahj\Documents\ldraw\parts\87414.dat
[ Info: incorporating geometry from C:\Users\chahj\Documents/ldraw\parts\s\87414s01.dat into C:\Users\chahj\Documents\ldraw\parts\87414.dat
[ Info: incorporating geometry from C:\Users\chahj\Documents/ldraw\parts\s\87414s01.dat into C:\Users\chahj\Documents\ldraw\parts\87414.dat
[ Info: incorporating geometry from C:\Users\chahj\Documents/ldraw\parts\s\87414s01.dat into C:\Users\chahj\Documents\ldraw\parts\87414.dat
[ Info: incorporating geometry from C:\Users\chahj\Documents/ldraw\parts\s\87414s01.dat into C:\Users\chahj\Documents\ldraw\parts\87414.dat
[ Info: incorporating geometry from C:\Users\chahj\Documents/ldraw\parts\s\87414s01.dat into C:\Users\chahj\Documents\ldraw\parts\87414.dat
[ Info: incorporating geometry from C:\Users\chahj\Documents\ldraw\p\4-4cylo.dat into C:\Users\chahj\Documents\ldraw\parts\87414.dat
[ Info: incorporating geometry from C:\Users\chahj\Documents\ldraw\p\4-4cylo.dat into C:\Users\chahj\Documents\ldraw\parts\87414.dat
[ Info: incorporating geometry from C:\Users\chahj\Documents\ldraw\p\4-4cylo.dat into C:\Users\chahj\Documents\ldraw\parts\87414.dat
[ Info: incorporating geometry from C:\Users\chahj\Documents\ldraw\p\4-4con7.dat into C:\Users\chahj\Documents\ldraw\parts\87414.dat
[ Info: incorporating geometry from C:\Users\chahj\Documents\ldraw\p\4-4cylo.dat into C:\Users\chahj\Documents\ldraw\parts\87414.dat
[ Info: incorporating geometry from C:\Users\chahj\Documents\ldraw\p\4-4con7.dat into C:\Users\chahj\Documents\ldraw\parts\87414.dat
[ Info: incorporating geometry from C:\Users\chahj\Documents\ldraw\p\4-4cylo.dat into C:\Users\chahj\Documents\ldraw\parts\87414.dat
[ Info: incorporating geometry from C:\Users\chahj\Documents\ldraw\p\4-4ring16.dat into C:\Users\chahj\Documents\ldraw\parts\87414.dat
[ Info: incorporating geometry from C:\Users\chahj\Documents\ldraw\p\4-4ring16.dat into C:\Users\chahj\Documents\ldraw\parts\87414.dat
[ Info: incorporating geometry from C:\Users\chahj\Documents/ldraw\parts\s\3023bs01.dat into C:\Users\chahj\Documents\ldraw\parts\3023b.dat
[ Info: incorporating geometry from C:\Users\chahj\Documents\ldraw\parts\3023b.dat into C:\Users\chahj\Documents\ldraw\parts\3023.dat
[ Info: incorporating geometry from C:\Users\chahj\Documents\ldraw\p\stud4.dat into C:\Users\chahj\Documents\ldraw\parts\3021.dat
[ Info: incorporating geometry from C:\Users\chahj\Documents\ldraw\p\stud4.dat into C:\Users\chahj\Documents\ldraw\parts\3021.dat
[ Info: incorporating geometry from C:\Users\chahj\Documents\ldraw\p\box5.dat into C:\Users\chahj\Documents\ldraw\parts\3021.dat
[ Info: incorporating geometry from C:\Users\chahj\Documents\ldraw\p\box5.dat into C:\Users\chahj\Documents\ldraw\parts\3021.dat
[ Info: incorporating geometry from C:\Users\chahj\Documents\ldraw\p\stud.dat into C:\Users\chahj\Documents\ldraw\parts\3021.dat
[ Info: incorporating geometry from C:\Users\chahj\Documents\ldraw\p\stud.dat into C:\Users\chahj\Documents\ldraw\parts\3021.dat
[ Info: incorporating geometry from C:\Users\chahj\Documents\ldraw\p\stud.dat into C:\Users\chahj\Documents\ldraw\parts\3021.dat
[ Info: incorporating geometry from C:\Users\chahj\Documents\ldraw\p\stud.dat into C:\Users\chahj\Documents\ldraw\parts\3021.dat
[ Info: incorporating geometry from C:\Users\chahj\Documents\ldraw\p\stud.dat into C:\Users\chahj\Documents\ldraw\parts\3021.dat
[ Info: incorporating geometry from C:\Users\chahj\Documents\ldraw\p\stud.dat into C:\Users\chahj\Documents\ldraw\parts\3021.dat
[ Info: incorporating geometry from C:\Users\chahj\Documents\ldraw\p\stud4f2w.dat into C:\Users\chahj\Documents\ldraw\parts\4600.dat
[ Info: incorporating geometry from C:\Users\chahj\Documents\ldraw\p\4-4edge.dat into C:\Users\chahj\Documents\ldraw\parts\4600.dat
[ Info: incorporating geometry from C:\Users\chahj\Documents\ldraw\p\box3u8p.dat into C:\Users\chahj\Documents\ldraw\parts\4600.dat
[ Info: incorporating geometry from C:\Users\chahj\Documents\ldraw\p\box3u8p.dat into C:\Users\chahj\Documents\ldraw\parts\4600.dat
[ Info: incorporating geometry from C:\Users\chahj\Documents\ldraw\p\box3u2p.dat into C:\Users\chahj\Documents\ldraw\parts\4600.dat
[ Info: incorporating geometry from C:\Users\chahj\Documents\ldraw\p\rect2a.dat into C:\Users\chahj\Documents\ldraw\parts\4600.dat
[ Info: incorporating geometry from C:\Users\chahj\Documents\ldraw\p\rect2a.dat into C:\Users\chahj\Documents\ldraw\parts\4600.dat
[ Info: incorporating geometry from C:\Users\chahj\Documents\ldraw\p\rect2a.dat into C:\Users\chahj\Documents\ldraw\parts\4600.dat
[ Info: incorporating geometry from C:\Users\chahj\Documents\ldraw\p\rect2a.dat into C:\Users\chahj\Documents\ldraw\parts\4600.dat
[ Info: incorporating geometry from C:\Users\chahj\Documents\ldraw\p\box5-4a.dat into C:\Users\chahj\Documents\ldraw\parts\4600.dat
[ Info: incorporating geometry from C:\Users\chahj\Documents\ldraw\p\wpin2.dat into C:\Users\chahj\Documents\ldraw\parts\4600.dat
[ Info: incorporating geometry from C:\Users\chahj\Documents\ldraw\p\wpin2.dat into C:\Users\chahj\Documents\ldraw\parts\4600.dat
[ Info: incorporating geometry from C:\Users\chahj\Documents\ldraw\p\stud.dat into C:\Users\chahj\Documents\ldraw\p\stug-2x2.dat
[ Info: incorporating geometry from C:\Users\chahj\Documents\ldraw\p\stud.dat into C:\Users\chahj\Documents\ldraw\p\stug-2x2.dat
[ Info: incorporating geometry from C:\Users\chahj\Documents\ldraw\p\stud.dat into C:\Users\chahj\Documents\ldraw\p\stug-2x2.dat
[ Info: incorporating geometry from C:\Users\chahj\Documents\ldraw\p\stud.dat into C:\Users\chahj\Documents\ldraw\p\stug-2x2.dat
[ Info: incorporating geometry from C:\Users\chahj\Documents\ldraw\p\stug-2x2.dat into C:\Users\chahj\Documents\ldraw\parts\4600.dat
[ Info: incorporating geometry from C:\Users\chahj\Documents\ldraw\parts\6014a.dat into C:\Users\chahj\Documents\ldraw\parts\6014.dat
[ Info: incorporating geometry from C:\Users\chahj\Documents\ldraw\parts\3039.dat into C:\Users\chahj\Documents\ldraw\parts\6227.dat
[ Info: incorporating geometry from C:\Users\chahj\Documents\ldraw\parts\3021.dat into C:\Users\chahj\Documents\ldraw\parts\3021.dat
[ Info: incorporating geometry from C:\Users\chahj\Documents\ldraw\parts\3001.dat into C:\Users\chahj\Documents\ldraw\parts\3001.dat
[ Info: incorporating geometry from rear_axle.ldr into rear_axle.ldr
[ Info: incorporating geometry from rear_wheel_and_tire.ldr into rear_wheel_and_tire.ldr
[ Info: incorporating geometry from front_wheel_and_tire.ldr into front_wheel_and_tire.ldr
[ Info: incorporating geometry from C:\Users\chahj\Documents\ldraw\parts\4600.dat into C:\Users\chahj\Documents\ldraw\parts\4600.dat
[ Info: incorporating geometry from C:\Users\chahj\Documents\ldraw\parts\3004.dat into C:\Users\chahj\Documents\ldraw\parts\3004.dat
[ Info: incorporating geometry from C:\Users\chahj\Documents\ldraw\parts\87697.dat into C:\Users\chahj\Documents\ldraw\parts\87697.dat
[ Info: incorporating geometry from C:\Users\chahj\Documents\ldraw\parts\3062b.dat into C:\Users\chahj\Documents\ldraw\parts\3062b.dat
[ Info: incorporating geometry from C:\Users\chahj\Documents\ldraw\parts\4624.dat into C:\Users\chahj\Documents\ldraw\parts\4624.dat
[ Info: incorporating geometry from C:\Users\chahj\Documents\ldraw\parts\87414.dat into C:\Users\chahj\Documents\ldraw\parts\87414.dat
[ Info: incorporating geometry from chassis.ldr into chassis.ldr
[ Info: incorporating geometry from C:\Users\chahj\Documents\ldraw\parts\3022.dat into C:\Users\chahj\Documents\ldraw\parts\3022.dat
[ Info: incorporating geometry from C:\Users\chahj\Documents\ldraw\parts\6014.dat into C:\Users\chahj\Documents\ldraw\parts\6014.dat
[ Info: incorporating geometry from front_axle.ldr into front_axle.ldr
[ Info: incorporating geometry from C:\Users\chahj\Documents\ldraw\parts\6227.dat into C:\Users\chahj\Documents\ldraw\parts\6227.dat
[ Info: incorporating geometry from C:\Users\chahj\Documents\ldraw\parts\3023.dat into C:\Users\chahj\Documents\ldraw\parts\3023.dat
[ Info: incorporating geometry from C:\Users\chahj\Documents\ldraw\p\4-4con4.dat into C:\Users\chahj\Documents\ldraw\p\4-4con4.dat
[ Info: incorporating geometry from C:\Users\chahj\Documents/ldraw\p\8\1-4cyls.dat into C:\Users\chahj\Documents/ldraw\p\8\1-4cyls.dat
[ Info: incorporating geometry from C:\Users\chahj\Documents\ldraw\p\1-16con16.dat into C:\Users\chahj\Documents\ldraw\p\1-16con16.dat
[ Info: incorporating geometry from C:\Users\chahj\Documents\ldraw\p\1-8cyli.dat into C:\Users\chahj\Documents\ldraw\p\1-8cyli.dat
[ Info: incorporating geometry from C:\Users\chahj\Documents\ldraw\p\1-8chrd.dat into C:\Users\chahj\Documents\ldraw\p\1-8chrd.dat
[ Info: incorporating geometry from C:\Users\chahj\Documents/ldraw\parts\s\3004s01.dat into C:\Users\chahj\Documents/ldraw\parts\s\3004s01.dat
[ Info: incorporating geometry from C:\Users\chahj\Documents\ldraw\p\1-8disc.dat into C:\Users\chahj\Documents\ldraw\p\1-8disc.dat
[ Info: incorporating geometry from C:\Users\chahj\Documents\ldraw\p\4-4ring11.dat into C:\Users\chahj\Documents\ldraw\p\4-4ring11.dat
[ Info: incorporating geometry from C:\Users\chahj\Documents\ldraw\p\1-16con3.dat into C:\Users\chahj\Documents\ldraw\p\1-16con3.dat
[ Info: incorporating geometry from C:\Users\chahj\Documents\ldraw\p\4-4ring10.dat into C:\Users\chahj\Documents\ldraw\p\4-4ring10.dat
[ Info: incorporating geometry from C:\Users\chahj\Documents/ldraw\parts\s\3001s01.dat into C:\Users\chahj\Documents/ldraw\parts\s\3001s01.dat
[ Info: incorporating geometry from C:\Users\chahj\Documents\ldraw\p\1-4ring3.dat into C:\Users\chahj\Documents\ldraw\p\1-4ring3.dat
[ Info: incorporating geometry from C:\Users\chahj\Documents\ldraw\p\box3u8p.dat into C:\Users\chahj\Documents\ldraw\p\box3u8p.dat
[ Info: incorporating geometry from C:\Users\chahj\Documents\ldraw\p\stud.dat into C:\Users\chahj\Documents\ldraw\p\stud.dat
[ Info: incorporating geometry from C:\Users\chahj\Documents\ldraw\p\box3u4a.dat into C:\Users\chahj\Documents\ldraw\p\box3u4a.dat
[ Info: incorporating geometry from C:\Users\chahj\Documents/ldraw\parts\s\3062bs01.dat into C:\Users\chahj\Documents/ldraw\parts\s\3062bs01.dat
[ Info: incorporating geometry from C:\Users\chahj\Documents\ldraw\p\1-4ndis.dat into C:\Users\chahj\Documents\ldraw\p\1-4ndis.dat
[ Info: incorporating geometry from C:\Users\chahj\Documents\ldraw\p\1-16cylo.dat into C:\Users\chahj\Documents\ldraw\p\1-16cylo.dat
[ Info: incorporating geometry from C:\Users\chahj\Documents\ldraw\p\st4jfil4.dat into C:\Users\chahj\Documents\ldraw\p\st4jfil4.dat
[ Info: incorporating geometry from C:\Users\chahj\Documents\ldraw\p\1-4chrd.dat into C:\Users\chahj\Documents\ldraw\p\1-4chrd.dat
[ Info: incorporating geometry from C:\Users\chahj\Documents\ldraw\p\empty.dat into C:\Users\chahj\Documents\ldraw\p\empty.dat
[ Info: incorporating geometry from C:\Users\chahj\Documents\ldraw\p\wpin2.dat into C:\Users\chahj\Documents\ldraw\p\wpin2.dat
[ Info: incorporating geometry from C:\Users\chahj\Documents/ldraw\parts\s\3023bs01.dat into C:\Users\chahj\Documents/ldraw\parts\s\3023bs01.dat
[ Info: incorporating geometry from C:\Users\chahj\Documents\ldraw\p\3-8ring3.dat into C:\Users\chahj\Documents\ldraw\p\3-8ring3.dat
[ Info: incorporating geometry from C:\Users\chahj\Documents\ldraw\p\1-8ring4.dat into C:\Users\chahj\Documents\ldraw\p\1-8ring4.dat
[ Info: incorporating geometry from C:\Users\chahj\Documents\ldraw\p\4-4ndis.dat into C:\Users\chahj\Documents\ldraw\p\4-4ndis.dat
[ Info: incorporating geometry from C:\Users\chahj\Documents\ldraw\p\2-4ndis.dat into C:\Users\chahj\Documents\ldraw\p\2-4ndis.dat
[ Info: incorporating geometry from C:\Users\chahj\Documents\ldraw\p\1-8cylo.dat into C:\Users\chahj\Documents\ldraw\p\1-8cylo.dat
[ Info: incorporating geometry from C:\Users\chahj\Documents\ldraw\p\1-8con4.dat into C:\Users\chahj\Documents\ldraw\p\1-8con4.dat
[ Info: incorporating geometry from C:\Users\chahj\Documents\ldraw\p\4-4ring4.dat into C:\Users\chahj\Documents\ldraw\p\4-4ring4.dat
[ Info: incorporating geometry from C:\Users\chahj\Documents\ldraw\p\3-8chrd.dat into C:\Users\chahj\Documents\ldraw\p\3-8chrd.dat
[ Info: incorporating geometry from C:\Users\chahj\Documents\ldraw\p\4-4edge.dat into C:\Users\chahj\Documents\ldraw\p\4-4edge.dat
[ Info: incorporating geometry from C:\Users\chahj\Documents\ldraw\p\wpin.dat into C:\Users\chahj\Documents\ldraw\p\wpin.dat
[ Info: incorporating geometry from C:\Users\chahj\Documents\ldraw\parts\3039.dat into C:\Users\chahj\Documents\ldraw\parts\3039.dat
[ Info: incorporating geometry from C:\Users\chahj\Documents\ldraw\p\4-4ring16.dat into C:\Users\chahj\Documents\ldraw\p\4-4ring16.dat
[ Info: incorporating geometry from C:\Users\chahj\Documents/ldraw\p\8\1-4edge.dat into C:\Users\chahj\Documents/ldraw\p\8\1-4edge.dat
[ Info: incorporating geometry from C:\Users\chahj\Documents\ldraw\p\4-4cylo.dat into C:\Users\chahj\Documents\ldraw\p\4-4cylo.dat
[ Info: incorporating geometry from C:\Users\chahj\Documents/ldraw\parts\s\87697s01.dat into C:\Users\chahj\Documents/ldraw\parts\s\87697s01.dat
[ Info: incorporating geometry from C:\Users\chahj\Documents\ldraw\p\rect1.dat into C:\Users\chahj\Documents\ldraw\p\rect1.dat
[ Info: incorporating geometry from C:\Users\chahj\Documents\ldraw\p\4-4ring12.dat into C:\Users\chahj\Documents\ldraw\p\4-4ring12.dat
[ Info: incorporating geometry from C:\Users\chahj\Documents/ldraw\parts\s\6014s01.dat into C:\Users\chahj\Documents/ldraw\parts\s\6014s01.dat
[ Info: incorporating geometry from C:\Users\chahj\Documents\ldraw\p\4-4con12.dat into C:\Users\chahj\Documents\ldraw\p\4-4con12.dat
[ Info: incorporating geometry from C:\Users\chahj\Documents\ldraw\p\stud4f2w.dat into C:\Users\chahj\Documents\ldraw\p\stud4f2w.dat
[ Info: incorporating geometry from C:\Users\chahj\Documents\ldraw\p\4-4ring3.dat into C:\Users\chahj\Documents\ldraw\p\4-4ring3.dat
[ Info: incorporating geometry from C:\Users\chahj\Documents\ldraw\p\1-4cyli.dat into C:\Users\chahj\Documents\ldraw\p\1-4cyli.dat
[ Info: incorporating geometry from C:\Users\chahj\Documents\ldraw\p\2-4chrd.dat into C:\Users\chahj\Documents\ldraw\p\2-4chrd.dat
[ Info: incorporating geometry from C:\Users\chahj\Documents\ldraw\p\4-4disc.dat into C:\Users\chahj\Documents\ldraw\p\4-4disc.dat
[ Info: incorporating geometry from C:\Users\chahj\Documents\ldraw\p\4-4ring2.dat into C:\Users\chahj\Documents\ldraw\p\4-4ring2.dat
[ Info: incorporating geometry from C:\Users\chahj\Documents\ldraw\parts\6014a.dat into C:\Users\chahj\Documents\ldraw\parts\6014a.dat
[ Info: incorporating geometry from C:\Users\chahj\Documents\ldraw\p\1-16ring2.dat into C:\Users\chahj\Documents\ldraw\p\1-16ring2.dat
[ Info: incorporating geometry from C:\Users\chahj\Documents\ldraw\p\1-4con5.dat into C:\Users\chahj\Documents\ldraw\p\1-4con5.dat
[ Info: incorporating geometry from C:\Users\chahj\Documents\ldraw\p\3-8con12.dat into C:\Users\chahj\Documents\ldraw\p\3-8con12.dat
[ Info: incorporating geometry from C:\Users\chahj\Documents\ldraw\p\4-4con7.dat into C:\Users\chahj\Documents\ldraw\p\4-4con7.dat
[ Info: incorporating geometry from C:\Users\chahj\Documents\ldraw\p\1-16tndis.dat into C:\Users\chahj\Documents\ldraw\p\1-16tndis.dat
[ Info: incorporating geometry from C:\Users\chahj\Documents\ldraw\p\3-8cylo.dat into C:\Users\chahj\Documents\ldraw\p\3-8cylo.dat
[ Info: incorporating geometry from C:\Users\chahj\Documents\ldraw\p\box5-4a.dat into C:\Users\chahj\Documents\ldraw\p\box5-4a.dat
[ Info: incorporating geometry from C:\Users\chahj\Documents\ldraw\p\1-4edge.dat into C:\Users\chahj\Documents\ldraw\p\1-4edge.dat
[ Info: incorporating geometry from C:\Users\chahj\Documents/ldraw\parts\s\4624s01.dat into C:\Users\chahj\Documents/ldraw\parts\s\4624s01.dat
[ Info: incorporating geometry from C:\Users\chahj\Documents\ldraw\p\3-8edge.dat into C:\Users\chahj\Documents\ldraw\p\3-8edge.dat
[ Info: incorporating geometry from C:\Users\chahj\Documents\ldraw\p\3-8cyli.dat into C:\Users\chahj\Documents\ldraw\p\3-8cyli.dat
[ Info: incorporating geometry from C:\Users\chahj\Documents/ldraw\parts\s\6015s02.dat into C:\Users\chahj\Documents/ldraw\parts\s\6015s02.dat
[ Info: incorporating geometry from C:\Users\chahj\Documents\ldraw\p\3-8ring12.dat into C:\Users\chahj\Documents\ldraw\p\3-8ring12.dat
[ Info: incorporating geometry from C:\Users\chahj\Documents\ldraw\p\1-16cyli.dat into C:\Users\chahj\Documents\ldraw\p\1-16cyli.dat
[ Info: incorporating geometry from C:\Users\chahj\Documents\ldraw\p\stug-1x2.dat into C:\Users\chahj\Documents\ldraw\p\stug-1x2.dat
[ Info: incorporating geometry from C:\Users\chahj\Documents\ldraw\p\2-4edge.dat into C:\Users\chahj\Documents\ldraw\p\2-4edge.dat
[ Info: incorporating geometry from C:\Users\chahj\Documents\ldraw\p\box4-4a.dat into C:\Users\chahj\Documents\ldraw\p\box4-4a.dat
[ Info: incorporating geometry from C:\Users\chahj\Documents\ldraw\p\1-4cylo.dat into C:\Users\chahj\Documents\ldraw\p\1-4cylo.dat
[ Info: incorporating geometry from C:\Users\chahj\Documents/ldraw\p\8\1-4ndis.dat into C:\Users\chahj\Documents/ldraw\p\8\1-4ndis.dat
[ Info: incorporating geometry from C:\Users\chahj\Documents\ldraw\p\box5.dat into C:\Users\chahj\Documents\ldraw\p\box5.dat
[ Info: incorporating geometry from C:\Users\chahj\Documents\ldraw\p\1-16chrd.dat into C:\Users\chahj\Documents\ldraw\p\1-16chrd.dat
[ Info: incorporating geometry from C:\Users\chahj\Documents\ldraw\p\rect2a.dat into C:\Users\chahj\Documents\ldraw\p\rect2a.dat
[ Info: incorporating geometry from C:\Users\chahj\Documents\ldraw\p\4-4con5.dat into C:\Users\chahj\Documents\ldraw\p\4-4con5.dat
[ Info: incorporating geometry from C:\Users\chahj\Documents\ldraw\p\1-16edge.dat into C:\Users\chahj\Documents\ldraw\p\1-16edge.dat
[ Info: incorporating geometry from C:\Users\chahj\Documents\ldraw\p\4-4cyli.dat into C:\Users\chahj\Documents\ldraw\p\4-4cyli.dat
[ Info: incorporating geometry from C:\Users\chahj\Documents/ldraw\parts\s\87414s01.dat into C:\Users\chahj\Documents/ldraw\parts\s\87414s01.dat
[ Info: incorporating geometry from C:\Users\chahj\Documents\ldraw\p\stud2a.dat into C:\Users\chahj\Documents\ldraw\p\stud2a.dat
[ Info: incorporating geometry from C:\Users\chahj\Documents\ldraw\p\1-4ring4.dat into C:\Users\chahj\Documents\ldraw\p\1-4ring4.dat
[ Info: incorporating geometry from C:\Users\chahj\Documents\ldraw\p\1-8ring17.dat into C:\Users\chahj\Documents\ldraw\p\1-8ring17.dat
[ Info: incorporating geometry from C:\Users\chahj\Documents\ldraw\p\wpin2a.dat into C:\Users\chahj\Documents\ldraw\p\wpin2a.dat
[ Info: incorporating geometry from C:\Users\chahj\Documents\ldraw\p\stud4a.dat into C:\Users\chahj\Documents\ldraw\p\stud4a.dat
[ Info: incorporating geometry from C:\Users\chahj\Documents\ldraw\p\2-4cyli.dat into C:\Users\chahj\Documents\ldraw\p\2-4cyli.dat
[ Info: incorporating geometry from C:\Users\chahj\Documents\ldraw\p\4-4ring9.dat into C:\Users\chahj\Documents\ldraw\p\4-4ring9.dat
[ Info: incorporating geometry from C:\Users\chahj\Documents\ldraw\p\4-4con10.dat into C:\Users\chahj\Documents\ldraw\p\4-4con10.dat
[ Info: incorporating geometry from C:\Users\chahj\Documents\ldraw\p\stud3.dat into C:\Users\chahj\Documents\ldraw\p\stud3.dat
[ Info: incorporating geometry from C:\Users\chahj\Documents/ldraw\parts\s\3039s01.dat into C:\Users\chahj\Documents/ldraw\parts\s\3039s01.dat
[ Info: incorporating geometry from C:\Users\chahj\Documents\ldraw\p\1-8ring3.dat into C:\Users\chahj\Documents\ldraw\p\1-8ring3.dat
[ Info: incorporating geometry from C:\Users\chahj\Documents\ldraw\p\1-8ring9.dat into C:\Users\chahj\Documents\ldraw\p\1-8ring9.dat
[ Info: incorporating geometry from C:\Users\chahj\Documents\ldraw\p\box3u2p.dat into C:\Users\chahj\Documents\ldraw\p\box3u2p.dat
[ Info: incorporating geometry from C:\Users\chahj\Documents\ldraw\p\stug-2x2.dat into C:\Users\chahj\Documents\ldraw\p\stug-2x2.dat
[ Info: incorporating geometry from C:\Users\chahj\Documents\ldraw\p\1-8edge.dat into C:\Users\chahj\Documents\ldraw\p\1-8edge.dat
[ Info: incorporating geometry from C:\Users\chahj\Documents\ldraw\p\stud4od.dat into C:\Users\chahj\Documents\ldraw\p\stud4od.dat
[ Info: incorporating geometry from C:\Users\chahj\Documents\ldraw\p\1-4cyls.dat into C:\Users\chahj\Documents\ldraw\p\1-4cyls.dat
[ Info: incorporating geometry from C:\Users\chahj\Documents\ldraw\p\stud4.dat into C:\Users\chahj\Documents\ldraw\p\stud4.dat
[ Info: incorporating geometry from C:\Users\chahj\Documents/ldraw\p\8\1-4cyli.dat into C:\Users\chahj\Documents/ldraw\p\8\1-4cyli.dat
[ Info: incorporating geometry from C:\Users\chahj\Documents\ldraw\parts\3023b.dat into C:\Users\chahj\Documents\ldraw\parts\3023b.dat
[ Info: incorporating geometry from C:\Users\chahj\Documents\ldraw\p\rect2p.dat into C:\Users\chahj\Documents\ldraw\p\rect2p.dat
[ Info: incorporating geometry from C:\Users\chahj\Documents\ldraw\p\rect3.dat into C:\Users\chahj\Documents\ldraw\p\rect3.dat
[ Info: incorporating geometry from C:\Users\chahj\Documents\ldraw\p\box4t.dat into C:\Users\chahj\Documents\ldraw\p\box4t.dat
[ Info: incorporating geometry from C:\Users\chahj\Documents\ldraw\p\rect.dat into C:\Users\chahj\Documents\ldraw\p\rect.dat
[ Info: SUB FILE PART: C:\Users\chahj\Documents\ldraw\parts\3023.dat-1
[ Info: Attaching full_assembly.ldr => C:\Users\chahj\Documents\ldraw\parts\3023.dat-1
[ Info: full_assembly.ldr => C:\Users\chahj\Documents\ldraw\parts\3023.dat-1 is true
[ Info: SUB FILE PART: C:\Users\chahj\Documents\ldraw\parts\3023.dat-2
[ Info: Attaching full_assembly.ldr => C:\Users\chahj\Documents\ldraw\parts\3023.dat-2
[ Info: full_assembly.ldr => C:\Users\chahj\Documents\ldraw\parts\3023.dat-2 is true
[ Info: SUB FILE PART: C:\Users\chahj\Documents\ldraw\parts\3062b.dat-1
[ Info: Attaching full_assembly.ldr => C:\Users\chahj\Documents\ldraw\parts\3062b.dat-1
[ Info: full_assembly.ldr => C:\Users\chahj\Documents\ldraw\parts\3062b.dat-1 is true
[ Info: SUB FILE PART: C:\Users\chahj\Documents\ldraw\parts\6227.dat-1
[ Info: Attaching full_assembly.ldr => C:\Users\chahj\Documents\ldraw\parts\6227.dat-1
[ Info: full_assembly.ldr => C:\Users\chahj\Documents\ldraw\parts\6227.dat-1 is true
[ Info: SUB FILE PART: C:\Users\chahj\Documents\ldraw\parts\3004.dat-1
[ Info: Attaching full_assembly.ldr => C:\Users\chahj\Documents\ldraw\parts\3004.dat-1
[ Info: full_assembly.ldr => C:\Users\chahj\Documents\ldraw\parts\3004.dat-1 is true
[ Info: Attaching full_assembly.ldr => front_axle.ldr-2
[ Info: full_assembly.ldr => front_axle.ldr-2 is true
[ Info: Attaching full_assembly.ldr => rear_axle.ldr-2
[ Info: full_assembly.ldr => rear_axle.ldr-2 is true
[ Info: Attaching full_assembly.ldr => chassis.ldr-2
[ Info: full_assembly.ldr => chassis.ldr-2 is true
[ Info: SUB FILE PART: C:\Users\chahj\Documents\ldraw\parts\3001.dat-2
[ Info: Attaching chassis.ldr-2 => C:\Users\chahj\Documents\ldraw\parts\3001.dat-2
[ Info: chassis.ldr-2 => C:\Users\chahj\Documents\ldraw\parts\3001.dat-2 is true
[ Info: SUB FILE PART: C:\Users\chahj\Documents\ldraw\parts\3004.dat-3
[ Info: Attaching chassis.ldr-2 => C:\Users\chahj\Documents\ldraw\parts\3004.dat-3
[ Info: chassis.ldr-2 => C:\Users\chahj\Documents\ldraw\parts\3004.dat-3 is true
[ Info: SUB FILE PART: C:\Users\chahj\Documents\ldraw\parts\3021.dat-4
[ Info: Attaching chassis.ldr-2 => C:\Users\chahj\Documents\ldraw\parts\3021.dat-4
[ Info: chassis.ldr-2 => C:\Users\chahj\Documents\ldraw\parts\3021.dat-4 is true
[ Info: SUB FILE PART: C:\Users\chahj\Documents\ldraw\parts\3022.dat-2
[ Info: Attaching chassis.ldr-2 => C:\Users\chahj\Documents\ldraw\parts\3022.dat-2
[ Info: chassis.ldr-2 => C:\Users\chahj\Documents\ldraw\parts\3022.dat-2 is true
[ Info: SUB FILE PART: C:\Users\chahj\Documents\ldraw\parts\3021.dat-3
[ Info: Attaching chassis.ldr-2 => C:\Users\chahj\Documents\ldraw\parts\3021.dat-3
[ Info: chassis.ldr-2 => C:\Users\chahj\Documents\ldraw\parts\3021.dat-3 is true
[ Info: Attaching rear_axle.ldr-2 => rear_wheel_and_tire.ldr-8
[ Info: rear_axle.ldr-2 => rear_wheel_and_tire.ldr-8 is true
[ Info: Attaching rear_axle.ldr-2 => rear_wheel_and_tire.ldr-7
[ Info: rear_axle.ldr-2 => rear_wheel_and_tire.ldr-7 is true
[ Info: SUB FILE PART: C:\Users\chahj\Documents\ldraw\parts\4600.dat-3
[ Info: Attaching rear_axle.ldr-2 => C:\Users\chahj\Documents\ldraw\parts\4600.dat-3
[ Info: rear_axle.ldr-2 => C:\Users\chahj\Documents\ldraw\parts\4600.dat-3 is true
[ Info: SUB FILE PART: C:\Users\chahj\Documents\ldraw\parts\87697.dat-4
[ Info: Attaching rear_wheel_and_tire.ldr-7 => C:\Users\chahj\Documents\ldraw\parts\87697.dat-4
[ Info: rear_wheel_and_tire.ldr-7 => C:\Users\chahj\Documents\ldraw\parts\87697.dat-4 is true
[ Info: SUB FILE PART: C:\Users\chahj\Documents\ldraw\parts\6014.dat-4
[ Info: Attaching rear_wheel_and_tire.ldr-7 => C:\Users\chahj\Documents\ldraw\parts\6014.dat-4
[ Info: rear_wheel_and_tire.ldr-7 => C:\Users\chahj\Documents\ldraw\parts\6014.dat-4 is true
[ Info: SUB FILE PART: C:\Users\chahj\Documents\ldraw\parts\87697.dat-5
[ Info: Attaching rear_wheel_and_tire.ldr-8 => C:\Users\chahj\Documents\ldraw\parts\87697.dat-5
[ Info: rear_wheel_and_tire.ldr-8 => C:\Users\chahj\Documents\ldraw\parts\87697.dat-5 is true
[ Info: SUB FILE PART: C:\Users\chahj\Documents\ldraw\parts\6014.dat-5
[ Info: Attaching rear_wheel_and_tire.ldr-8 => C:\Users\chahj\Documents\ldraw\parts\6014.dat-5
[ Info: rear_wheel_and_tire.ldr-8 => C:\Users\chahj\Documents\ldraw\parts\6014.dat-5 is true
[ Info: Attaching front_axle.ldr-2 => front_wheel_and_tire.ldr-8
[ Info: front_axle.ldr-2 => front_wheel_and_tire.ldr-8 is true
[ Info: Attaching front_axle.ldr-2 => front_wheel_and_tire.ldr-7
[ Info: front_axle.ldr-2 => front_wheel_and_tire.ldr-7 is true
[ Info: SUB FILE PART: C:\Users\chahj\Documents\ldraw\parts\4600.dat-4
[ Info: Attaching front_axle.ldr-2 => C:\Users\chahj\Documents\ldraw\parts\4600.dat-4
[ Info: front_axle.ldr-2 => C:\Users\chahj\Documents\ldraw\parts\4600.dat-4 is true
[ Info: SUB FILE PART: C:\Users\chahj\Documents\ldraw\parts\87414.dat-4
[ Info: Attaching front_wheel_and_tire.ldr-7 => C:\Users\chahj\Documents\ldraw\parts\87414.dat-4
[ Info: front_wheel_and_tire.ldr-7 => C:\Users\chahj\Documents\ldraw\parts\87414.dat-4 is true
[ Info: SUB FILE PART: C:\Users\chahj\Documents\ldraw\parts\4624.dat-4
[ Info: Attaching front_wheel_and_tire.ldr-7 => C:\Users\chahj\Documents\ldraw\parts\4624.dat-4
[ Info: front_wheel_and_tire.ldr-7 => C:\Users\chahj\Documents\ldraw\parts\4624.dat-4 is true
[ Info: SUB FILE PART: C:\Users\chahj\Documents\ldraw\parts\87414.dat-5
[ Info: Attaching front_wheel_and_tire.ldr-8 => C:\Users\chahj\Documents\ldraw\parts\87414.dat-5
[ Info: front_wheel_and_tire.ldr-8 => C:\Users\chahj\Documents\ldraw\parts\87414.dat-5 is true
[ Info: SUB FILE PART: C:\Users\chahj\Documents\ldraw\parts\4624.dat-5
[ Info: Attaching front_wheel_and_tire.ldr-8 => C:\Users\chahj\Documents\ldraw\parts\4624.dat-5
[ Info: front_wheel_and_tire.ldr-8 => C:\Users\chahj\Documents\ldraw\parts\4624.dat-5 is true
[ Info: number of robots in transport unit: 2
[ Info: number of robots in transport unit: 4
[ Info: number of robots in transport unit: 1
[ Info: number of robots in transport unit: 1
[ Info: number of robots in transport unit: 2
[ Info: number of robots in transport unit: 2
[ Info: number of robots in transport unit: 3
[ Info: number of robots in transport unit: 4
[ Info: number of robots in transport unit: 1
[ Info: number of robots in transport unit: 1
[ Info: number of robots in transport unit: 2
[ Info: number of robots in transport unit: 1
[ Info: number of robots in transport unit: 1
[ Info: number of robots in transport unit: 4
[ Info: number of robots in transport unit: 3
[ Info: number of robots in transport unit: 2
[ Info: number of robots in transport unit: 2
[ Info: number of robots in transport unit: 1
[ Info: number of robots in transport unit: 2
[ Info: number of robots in transport unit: 1
[ Info: number of robots in transport unit: 2
[ Info: number of robots in transport unit: 1
[ Info: number of robots in transport unit: 1
[ Info: number of robots in transport unit: 2
[ Info: number of robots in transport unit: 2
[ Info: number of robots in transport unit: 1
[ Info: number of robots in transport unit: 1
[ Info: number of robots in transport unit: 1
[ Info: [OOD-1-1] injected 12 spare robots (3/pool x 4 dirs); pools=[:east, :south, :west, :north]
[ Info: Staging config: setting GOAL config of ConstructionBots.TemplatedID{Tuple{ConstructionBots.LiftIntoPlace, ConstructionBots.ObjectID}}(17) to TransformNode(133) - ConstructionBots.CachedElement{CoordinateTransformations.Transformation}(AffineMap([1.0 0.0 0.0; 0.0 1.0 0.0; 0.0 0.0 1.0], [0.0, 0.0, 0.064]), true, 1.1768668e7)
[ Info: Staging config: setting GOAL config of ConstructionBots.TemplatedID{Tuple{ConstructionBots.LiftIntoPlace, ConstructionBots.ObjectID}}(18) to TransformNode(147) - ConstructionBots.CachedElement{CoordinateTransformations.Transformation}(AffineMap([1.0 0.0 0.0; 0.0 1.0 0.0; 0.0 0.0 1.0], [0.0, 0.0, 0.064]), true, 1.1768723e7)
[ Info: Staging config: setting GOAL config of ConstructionBots.TemplatedID{Tuple{ConstructionBots.LiftIntoPlace, ConstructionBots.ObjectID}}(19) to TransformNode(164) - ConstructionBots.CachedElement{CoordinateTransformations.Transformation}(AffineMap([1.0 0.0 0.0; 0.0 1.0 0.0; 0.0 0.0 1.0], [0.0, 0.0, 0.064]), true, 1.1768795e7)
[ Info: Staging config: setting GOAL config of ConstructionBots.TemplatedID{Tuple{ConstructionBots.LiftIntoPlace, ConstructionBots.ObjectID}}(20) to TransformNode(178) - ConstructionBots.CachedElement{CoordinateTransformations.Transformation}(AffineMap([1.0 0.0 0.0; 0.0 1.0 0.0; 0.0 0.0 1.0], [0.0, 0.0, 0.064]), true, 1.176885e7)
[ Info: Staging config: setting GOAL config of ConstructionBots.TemplatedID{Tuple{ConstructionBots.LiftIntoPlace, ConstructionBots.ObjectID}}(12) to TransformNode(195) - ConstructionBots.CachedElement{CoordinateTransformations.Transformation}(AffineMap([1.0 0.0 0.0; 0.0 1.0 0.0; 0.0 0.0 1.0], [0.0, 0.032, 0.10400000000000001]), true, 1.1768922e7)
[ Info: Staging config: setting GOAL config of ConstructionBots.TemplatedID{Tuple{ConstructionBots.LiftIntoPlace, ConstructionBots.ObjectID}}(13) to TransformNode(209) - ConstructionBots.CachedElement{CoordinateTransformations.Transformation}(AffineMap([1.0 0.0 0.0; 0.0 1.0 0.0; 0.0 0.0 1.0], [0.0, 0.08, 0.10400000000000001]), true, 1.1768977e7)
[ Info: Staging config: setting GOAL config of ConstructionBots.TemplatedID{Tuple{ConstructionBots.LiftIntoPlace, ConstructionBots.ObjectID}}(14) to TransformNode(226) - ConstructionBots.CachedElement{CoordinateTransformations.Transformation}(AffineMap([1.0 0.0 0.0; 0.0 1.0 0.0; 0.0 0.0 1.0], [0.0, 0.032, 0.10400000000000001]), true, 1.1769049e7)
[ Info: Staging config: setting GOAL config of ConstructionBots.TemplatedID{Tuple{ConstructionBots.LiftIntoPlace, ConstructionBots.ObjectID}}(15) to TransformNode(240) - ConstructionBots.CachedElement{CoordinateTransformations.Transformation}(AffineMap([1.0 0.0 0.0; 0.0 1.0 0.0; 0.0 0.0 1.0], [0.0, 0.08, 0.10400000000000001]), true, 1.1769104e7)
[ Info: Staging config: setting GOAL config of ConstructionBots.TemplatedID{Tuple{ConstructionBots.LiftIntoPlace, ConstructionBots.ObjectID}}(7) to TransformNode(257) - ConstructionBots.CachedElement{CoordinateTransformations.Transformation}(AffineMap([0.0 -1.0 0.0; 1.0 0.0 0.0; 0.0 0.0 1.0], [0.4, 0.0, 0.32]), true, 1.1769176e7)
[ Info: Staging config: setting GOAL config of ConstructionBots.TemplatedID{Tuple{ConstructionBots.LiftIntoPlace, ConstructionBots.ObjectID}}(6) to TransformNode(269) - ConstructionBots.CachedElement{CoordinateTransformations.Transformation}(AffineMap([1.0 0.0 0.0; 0.0 1.0 0.0; 0.0 0.0 1.0], [0.0, 0.0, 0.32]), true, 1.1769223e7)
[ Info: Staging config: setting GOAL config of ConstructionBots.TemplatedID{Tuple{ConstructionBots.LiftIntoPlace, ConstructionBots.ObjectID}}(8) to TransformNode(283) - ConstructionBots.CachedElement{CoordinateTransformations.Transformation}(AffineMap([1.0 0.0 0.0; 0.0 1.0 0.0; 0.0 0.0 1.0], [0.24, 0.0, 0.128]), true, 1.1769278e7)
[ Info: Staging config: setting GOAL config of ConstructionBots.TemplatedID{Tuple{ConstructionBots.LiftIntoPlace, ConstructionBots.ObjectID}}(9) to TransformNode(295) - ConstructionBots.CachedElement{CoordinateTransformations.Transformation}(AffineMap([1.0 0.0 0.0; 0.0 1.0 0.0; 0.0 0.0 1.0], [-0.16, 0.0, 0.128]), true, 1.1769325e7)
[ Info: Staging config: setting GOAL config of ConstructionBots.TemplatedID{Tuple{ConstructionBots.LiftIntoPlace, ConstructionBots.ObjectID}}(10) to TransformNode(309) - ConstructionBots.CachedElement{CoordinateTransformations.Transformation}(AffineMap([1.0 0.0 0.0; 0.0 1.0 0.0; 0.0 0.0 1.0], [-0.08, 0.0, 0.064]), true, 1.176938e7)
[ Info: Staging config: setting GOAL config of ConstructionBots.TemplatedID{Tuple{ConstructionBots.LiftIntoPlace, ConstructionBots.AssemblyID}}(6) to TransformNode(326) - ConstructionBots.CachedElement{CoordinateTransformations.Transformation}(AffineMap([0.0 1.0 0.0; -1.0 0.0 0.0; 0.0 0.0 1.0], [-0.32, 0.0, -0.064]), true, 1.1769452e7)
[ Info: Staging config: setting GOAL config of ConstructionBots.TemplatedID{Tuple{ConstructionBots.LiftIntoPlace, ConstructionBots.AssemblyID}}(5) to TransformNode(340) - ConstructionBots.CachedElement{CoordinateTransformations.Transformation}(AffineMap([0.0 -1.0 0.0; 1.0 0.0 0.0; 0.0 0.0 1.0], [0.32, 0.0, -0.064]), true, 1.1769506e7)
[ Info: Staging config: setting GOAL config of ConstructionBots.TemplatedID{Tuple{ConstructionBots.LiftIntoPlace, ConstructionBots.ObjectID}}(11) to TransformNode(356) - ConstructionBots.CachedElement{CoordinateTransformations.Transformation}(AffineMap([1.0 0.0 0.0; 0.0 1.0 0.0; 0.0 0.0 1.0], [0.0, 0.0, 0.08]), true, 1.1769568e7)
[ Info: Staging config: setting GOAL config of ConstructionBots.TemplatedID{Tuple{ConstructionBots.LiftIntoPlace, ConstructionBots.AssemblyID}}(8) to TransformNode(373) - ConstructionBots.CachedElement{CoordinateTransformations.Transformation}(AffineMap([0.0 1.0 0.0; -1.0 0.0 0.0; 0.0 0.0 1.0], [-0.24, 0.0, -0.04]), true, 1.176964e7)
[ Info: Staging config: setting GOAL config of ConstructionBots.TemplatedID{Tuple{ConstructionBots.LiftIntoPlace, ConstructionBots.AssemblyID}}(7) to TransformNode(387) - ConstructionBots.CachedElement{CoordinateTransformations.Transformation}(AffineMap([0.0 -1.0 0.0; 1.0 0.0 0.0; 0.0 0.0 1.0], [0.24, 0.0, -0.04]), true, 1.1769694e7)
[ Info: Staging config: setting GOAL config of ConstructionBots.TemplatedID{Tuple{ConstructionBots.LiftIntoPlace, ConstructionBots.ObjectID}}(16) to TransformNode(403) - ConstructionBots.CachedElement{CoordinateTransformations.Transformation}(AffineMap([1.0 0.0 0.0; 0.0 1.0 0.0; 0.0 0.0 1.0], [0.0, 0.0, 0.064]), true, 1.1769756e7)
[ Info: Staging config: setting GOAL config of ConstructionBots.TemplatedID{Tuple{ConstructionBots.LiftIntoPlace, ConstructionBots.ObjectID}}(1) to TransformNode(421) - ConstructionBots.CachedElement{CoordinateTransformations.Transformation}(AffineMap([1.0 0.0 0.0; 0.0 1.0 0.0; 0.0 0.0 1.0], [0.32, -0.08, 0.5760000000000001]), true, 1.176983e7)
[ Info: Staging config: setting GOAL config of ConstructionBots.TemplatedID{Tuple{ConstructionBots.LiftIntoPlace, ConstructionBots.ObjectID}}(3) to TransformNode(433) - ConstructionBots.CachedElement{CoordinateTransformations.Transformation}(AffineMap([1.0 0.0 0.0; 0.0 1.0 0.0; 0.0 0.0 1.0], [-0.16, 0.0, 0.504]), true, 1.1769877e7)
[ Info: Staging config: setting GOAL config of ConstructionBots.TemplatedID{Tuple{ConstructionBots.LiftIntoPlace, ConstructionBots.ObjectID}}(2) to TransformNode(445) - ConstructionBots.CachedElement{CoordinateTransformations.Transformation}(AffineMap([-1.0 0.0 0.0; 0.0 -1.0 0.0; 0.0 0.0 1.0], [0.32, 0.08, 0.5760000000000001]), true, 1.1769924e7)
[ Info: Staging config: setting GOAL config of ConstructionBots.TemplatedID{Tuple{ConstructionBots.LiftIntoPlace, ConstructionBots.ObjectID}}(4) to TransformNode(459) - ConstructionBots.CachedElement{CoordinateTransformations.Transformation}(AffineMap([0.0 1.0 0.0; -1.0 0.0 0.0; 0.0 0.0 1.0], [0.24, 0.0, 0.512]), true, 1.1769979e7)
[ Info: Staging config: setting GOAL config of ConstructionBots.TemplatedID{Tuple{ConstructionBots.LiftIntoPlace, ConstructionBots.ObjectID}}(5) to TransformNode(471) - ConstructionBots.CachedElement{CoordinateTransformations.Transformation}(AffineMap([0.0 -1.0 0.0; 1.0 0.0 0.0; 0.0 0.0 1.0], [0.4, 0.0, 0.512]), true, 1.1770026e7)
[ Info: Staging config: setting GOAL config of ConstructionBots.TemplatedID{Tuple{ConstructionBots.LiftIntoPlace, ConstructionBots.AssemblyID}}(2) to TransformNode(485) - ConstructionBots.CachedElement{CoordinateTransformations.Transformation}(AffineMap([0.0 1.0 0.0; -1.0 0.0 0.0; 0.0 0.0 1.0], [-0.16, 0.0, -0.064]), true, 1.1770081e7)
[ Info: Staging config: setting GOAL config of ConstructionBots.TemplatedID{Tuple{ConstructionBots.LiftIntoPlace, ConstructionBots.AssemblyID}}(3) to TransformNode(499) - ConstructionBots.CachedElement{CoordinateTransformations.Transformation}(AffineMap([0.0 -1.0 0.0; 1.0 0.0 0.0; 0.0 0.0 1.0], [0.32, 0.0, -0.016]), true, 1.1770135e7)
[ Info: Staging config: setting GOAL config of ConstructionBots.TemplatedID{Tuple{ConstructionBots.LiftIntoPlace, ConstructionBots.AssemblyID}}(4) to TransformNode(515) - ConstructionBots.CachedElement{CoordinateTransformations.Transformation}(AffineMap([1.0 0.0 0.0; 0.0 1.0 0.0; 0.0 0.0 1.0], [0.0, 0.0, 0.0]), true, 1.1770197e7)
[ Info: Only 1 component to place at first build step--no need for ring optimization - ConstructionBots.AssemblyID(4)
[ Info: Only 1 component to place at first build step--R = 0
[ Info: Updating staging_circle for ConstructionBots.AssemblyID(1) to LazySets.Ball2Module.Ball2{Float64, StaticArraysCore.SVector{2, Float64}}([0.08218207165779438, 0.00545517964224686], 0.5841171287777026) based on ConstructionBots.TemplatedID{ConstructionBots.OpenBuildStep}(19)
[ Info: Only 1 component to place at first build step--no need for ring optimization - ConstructionBots.ObjectID(16)
[ Info: Only 1 component to place at first build step--R = 0
[ Info: Updating staging_circle for ConstructionBots.AssemblyID(2) to LazySets.Ball2Module.Ball2{Float64, StaticArraysCore.SVector{2, Float64}}([-6.598422160140219e-15, 4.899002509750264e-14], 0.41697289891955347) based on ConstructionBots.TemplatedID{ConstructionBots.OpenBuildStep}(15)
[ Info: Updating staging_circle for ConstructionBots.AssemblyID(2) to LazySets.Ball2Module.Ball2{Float64, StaticArraysCore.SVector{2, Float64}}([3.740823691086665e-12, 1.4286576412708769e-6], 0.9569905384268537) based on ConstructionBots.TemplatedID{ConstructionBots.OpenBuildStep}(14)
[ Info: Only 1 component to place at first build step--no need for ring optimization - ConstructionBots.ObjectID(11)
[ Info: Only 1 component to place at first build step--R = 0
[ Info: Updating staging_circle for ConstructionBots.AssemblyID(3) to LazySets.Ball2Module.Ball2{Float64, StaticArraysCore.SVector{2, Float64}}([-6.382629356209068e-15, 4.900453791486866e-14], 0.41697289891955347) based on ConstructionBots.TemplatedID{ConstructionBots.OpenBuildStep}(13)
[ Info: Updating staging_circle for ConstructionBots.AssemblyID(3) to LazySets.Ball2Module.Ball2{Float64, StaticArraysCore.SVector{2, Float64}}([4.46309796609416e-12, 0.031985276082193155], 1.2398662996240026) based on ConstructionBots.TemplatedID{ConstructionBots.OpenBuildStep}(12)
[ Info: Only 1 component to place at first build step--no need for ring optimization - ConstructionBots.ObjectID(10)
[ Info: Only 1 component to place at first build step--R = 0
[ Info: Updating staging_circle for ConstructionBots.AssemblyID(4) to LazySets.Ball2Module.Ball2{Float64, StaticArraysCore.SVector{2, Float64}}([-0.03999999987313704, -1.2913755321917329e-17], 0.4712166309488202) based on ConstructionBots.TemplatedID{ConstructionBots.OpenBuildStep}(11)
[ Info: Updating staging_circle for ConstructionBots.AssemblyID(4) to LazySets.Ball2Module.Ball2{Float64, StaticArraysCore.SVector{2, Float64}}([-0.017830070135163217, 3.357181358736533e-7], 1.3014799914227937) based on ConstructionBots.TemplatedID{ConstructionBots.OpenBuildStep}(10)
[ Info: Updating staging_circle for ConstructionBots.AssemblyID(4) to LazySets.Ball2Module.Ball2{Float64, StaticArraysCore.SVector{2, Float64}}([-0.1582418140244194, 2.452285094492142e-7], 1.441891732260215) based on ConstructionBots.TemplatedID{ConstructionBots.OpenBuildStep}(9)
[ Info: Updating staging_circle for ConstructionBots.AssemblyID(1) to LazySets.Ball2Module.Ball2{Float64, StaticArraysCore.SVector{2, Float64}}([0.19317033534316322, -0.021837463155978638], 1.7397231281106043) based on ConstructionBots.TemplatedID{ConstructionBots.OpenBuildStep}(18)
[ Info: Only 1 component to place at first build step--no need for ring optimization - ConstructionBots.ObjectID(15)
[ Info: Only 1 component to place at first build step--R = 0
[ Info: Updating staging_circle for ConstructionBots.AssemblyID(5) to LazySets.Ball2Module.Ball2{Float64, StaticArraysCore.SVector{2, Float64}}([1.8082837015929097e-12, -0.008000006165778378], 0.2538083323383307) based on ConstructionBots.TemplatedID{ConstructionBots.OpenBuildStep}(8)
[ Info: Updating staging_circle for ConstructionBots.AssemblyID(5) to LazySets.Ball2Module.Ball2{Float64, StaticArraysCore.SVector{2, Float64}}([-0.001272357542839318, -0.29812507422207457], 0.7065742160406852) based on ConstructionBots.TemplatedID{ConstructionBots.OpenBuildStep}(7)
[ Info: Only 1 component to place at first build step--no need for ring optimization - ConstructionBots.ObjectID(13)
[ Info: Only 1 component to place at first build step--R = 0
[ Info: Updating staging_circle for ConstructionBots.AssemblyID(6) to LazySets.Ball2Module.Ball2{Float64, StaticArraysCore.SVector{2, Float64}}([1.8082837015929101e-12, -0.008000006165778378], 0.25380833233833067) based on ConstructionBots.TemplatedID{ConstructionBots.OpenBuildStep}(6)
[ Info: Updating staging_circle for ConstructionBots.AssemblyID(6) to LazySets.Ball2Module.Ball2{Float64, StaticArraysCore.SVector{2, Float64}}([-0.0012714885458574878, -0.29812507757019036], 0.7065742160406853) based on ConstructionBots.TemplatedID{ConstructionBots.OpenBuildStep}(5)
[ Info: Only 1 component to place at first build step--no need for ring optimization - ConstructionBots.ObjectID(20)
[ Info: Only 1 component to place at first build step--R = 0
[ Info: Updating staging_circle for ConstructionBots.AssemblyID(7) to LazySets.Ball2Module.Ball2{Float64, StaticArraysCore.SVector{2, Float64}}([-1.0094387069708868e-13, 2.1806923168419704e-14], 0.1766120493055417) based on ConstructionBots.TemplatedID{ConstructionBots.OpenBuildStep}(4)
[ Info: Updating staging_circle for ConstructionBots.AssemblyID(7) to LazySets.Ball2Module.Ball2{Float64, StaticArraysCore.SVector{2, Float64}}([-4.5348226474614004e-8, 0.24081178121871308], 0.475819255034983) based on ConstructionBots.TemplatedID{ConstructionBots.OpenBuildStep}(3)
[ Info: Only 1 component to place at first build step--no need for ring optimization - ConstructionBots.ObjectID(18)
[ Info: Only 1 component to place at first build step--R = 0
[ Info: Updating staging_circle for ConstructionBots.AssemblyID(8) to LazySets.Ball2Module.Ball2{Float64, StaticArraysCore.SVector{2, Float64}}([-1.0094387069708496e-13, 2.1806923168419897e-14], 0.17661204930558239) based on ConstructionBots.TemplatedID{ConstructionBots.OpenBuildStep}(2)
[ Info: Updating staging_circle for ConstructionBots.AssemblyID(8) to LazySets.Ball2Module.Ball2{Float64, StaticArraysCore.SVector{2, Float64}}([-4.5348226474613964e-8, 0.24081178121871302], 0.4758192550349831) based on ConstructionBots.TemplatedID{ConstructionBots.OpenBuildStep}(1)
┌ Info: ring placement solution ConstructionBots.TemplatedID{ConstructionBots.OpenBuildStep}(17)
│   assembly_radius = 0.7829572453142153
│   radii = 2-element Vector{Float64}: …
│   θ_des = 2-element Vector{Float64}: …
│   θ_star = 2-element Vector{Float64}: …
└   Δθ = 2-element Vector{Float64}: …
[ Info: Updating staging_circle for ConstructionBots.AssemblyID(1) to LazySets.Ball2Module.Ball2{Float64, StaticArraysCore.SVector{2, Float64}}([0.19317033654743998, -0.021837463508941918], 1.739723119422754) based on ConstructionBots.TemplatedID{ConstructionBots.OpenBuildStep}(17)
[ Info: Updating staging_circle for ConstructionBots.AssemblyID(1) to LazySets.Ball2Module.Ball2{Float64, StaticArraysCore.SVector{2, Float64}}([0.19317033657342095, -0.021837463494866306], 1.7397231187891113) based on ConstructionBots.TemplatedID{ConstructionBots.OpenBuildStep}(16)
[ Info: Selecting staging location for ConstructionBots.AssemblyID(3)
[ Info: Updating staging_circle for ConstructionBots.AssemblyID(3) to LazySets.Ball2Module.Ball2{Float64, StaticArraysCore.SVector{2, Float64}}([-8.126075207944536e-5, -0.5827645138408979], 3.793704106618533)
[ Info: Selecting staging location for ConstructionBots.AssemblyID(2)
[ Info: Updating staging_circle for ConstructionBots.AssemblyID(2) to LazySets.Ball2Module.Ball2{Float64, StaticArraysCore.SVector{2, Float64}}([4.820674587724254e-8, 0.40245756360489865], 3.079008014910239)
[ Info: Selecting staging location for ConstructionBots.AssemblyID(1)
[ Info: Updating staging_circle for ConstructionBots.AssemblyID(1) to LazySets.Ball2Module.Ball2{Float64, StaticArraysCore.SVector{2, Float64}}([1.496018205358188, 0.9619410521282962], 9.643081689271405)
[ Info: Beginning task assignment
[ Info: Assignment: closing build step ConstructionBots.TemplatedID{ConstructionBots.OpenBuildStep}(8). 1/19 complete. 
[ Info: Assignment: closing build step ConstructionBots.TemplatedID{ConstructionBots.OpenBuildStep}(2). 2/19 complete. 
[ Info: Assignment: closing build step ConstructionBots.TemplatedID{ConstructionBots.OpenBuildStep}(1). 3/19 complete. 
[ Info: Closing Assembly ConstructionBots.AssemblyID(8)
[ Info: Assignment: closing build step ConstructionBots.TemplatedID{ConstructionBots.OpenBuildStep}(13). 4/19 complete. 
[ Info: Assignment: closing build step ConstructionBots.TemplatedID{ConstructionBots.OpenBuildStep}(6). 5/19 complete. 
[ Info: Assignment: closing build step ConstructionBots.TemplatedID{ConstructionBots.OpenBuildStep}(5). 6/19 complete. 
[ Info: Closing Assembly ConstructionBots.AssemblyID(6)
[ Info: Assignment: closing build step ConstructionBots.TemplatedID{ConstructionBots.OpenBuildStep}(11). 7/19 complete. 
[ Info: Assignment: closing build step ConstructionBots.TemplatedID{ConstructionBots.OpenBuildStep}(4). 8/19 complete. 
[ Info: Assignment: closing build step ConstructionBots.TemplatedID{ConstructionBots.OpenBuildStep}(3). 9/19 complete. 
[ Info: Closing Assembly ConstructionBots.AssemblyID(7)
[ Info: Assignment: closing build step ConstructionBots.TemplatedID{ConstructionBots.OpenBuildStep}(7). 10/19 complete. 
[ Info: Closing Assembly ConstructionBots.AssemblyID(5)
[ Info: Assignment: closing build step ConstructionBots.TemplatedID{ConstructionBots.OpenBuildStep}(12). 11/19 complete. 
[ Info: Closing Assembly ConstructionBots.AssemblyID(3)
[ Info: Assignment: closing build step ConstructionBots.TemplatedID{ConstructionBots.OpenBuildStep}(10). 12/19 complete. 
[ Info: Assignment: closing build step ConstructionBots.TemplatedID{ConstructionBots.OpenBuildStep}(9). 13/19 complete. 
[ Info: Closing Assembly ConstructionBots.AssemblyID(4)
[ Info: Assignment: closing build step ConstructionBots.TemplatedID{ConstructionBots.OpenBuildStep}(19). 14/19 complete. 
[ Info: Assignment: closing build step ConstructionBots.TemplatedID{ConstructionBots.OpenBuildStep}(15). 15/19 complete. 
[ Info: Assignment: closing build step ConstructionBots.TemplatedID{ConstructionBots.OpenBuildStep}(14). 16/19 complete. 
[ Info: Closing Assembly ConstructionBots.AssemblyID(2)
[ Info: Assignment: closing build step ConstructionBots.TemplatedID{ConstructionBots.OpenBuildStep}(18). 17/19 complete. 
[ Info: Assignment: closing build step ConstructionBots.TemplatedID{ConstructionBots.OpenBuildStep}(17). 18/19 complete. 
[ Info: Assignment: closing build step ConstructionBots.TemplatedID{ConstructionBots.OpenBuildStep}(16). 19/19 complete. 
[ Info: Closing Assembly ConstructionBots.AssemblyID(1)
[ Info: Assignment Complete!
[ Info: node ConstructionBots.TemplatedID{Tuple{ConstructionBots.RobotStart, ConstructionBots.BotID{ConstructionBots.DeliveryBot}}}(19) finished.
[ Info: node ConstructionBots.TemplatedID{Tuple{ConstructionBots.ObjectStart, ConstructionBots.ObjectID}}(20) finished.
[ Info: node ConstructionBots.TemplatedID{Tuple{ConstructionBots.ObjectStart, ConstructionBots.ObjectID}}(1) finished.
[ Info: node ConstructionBots.TemplatedID{Tuple{ConstructionBots.ObjectStart, ConstructionBots.ObjectID}}(7) finished.
[ Info: node ConstructionBots.TemplatedID{Tuple{ConstructionBots.RobotStart, ConstructionBots.BotID{ConstructionBots.DeliveryBot}}}(7) finished.
[ Info: node ConstructionBots.TemplatedID{Tuple{ConstructionBots.RobotStart, ConstructionBots.BotID{ConstructionBots.DeliveryBot}}}(2) finished.
[ Info: node ConstructionBots.TemplatedID{Tuple{ConstructionBots.ObjectStart, ConstructionBots.ObjectID}}(15) finished.
[ Info: node ConstructionBots.TemplatedID{Tuple{ConstructionBots.RobotStart, ConstructionBots.BotID{ConstructionBots.DeliveryBot}}}(14) finished.
[ Info: node ConstructionBots.TemplatedID{Tuple{ConstructionBots.ObjectStart, ConstructionBots.ObjectID}}(9) finished.
[ Info: node ConstructionBots.TemplatedID{Tuple{ConstructionBots.ObjectStart, ConstructionBots.ObjectID}}(3) finished.
[ Info: node ConstructionBots.TemplatedID{Tuple{ConstructionBots.RobotStart, ConstructionBots.BotID{ConstructionBots.DeliveryBot}}}(18) finished.
[ Info: node ConstructionBots.TemplatedID{Tuple{ConstructionBots.RobotStart, ConstructionBots.BotID{ConstructionBots.DeliveryBot}}}(21) finished.
[ Info: node ConstructionBots.TemplatedID{Tuple{ConstructionBots.RobotStart, ConstructionBots.BotID{ConstructionBots.DeliveryBot}}}(3) finished.
[ Info: node ConstructionBots.TemplatedID{Tuple{ConstructionBots.ObjectStart, ConstructionBots.ObjectID}}(12) finished.
[ Info: node ConstructionBots.TemplatedID{Tuple{ConstructionBots.ObjectStart, ConstructionBots.ObjectID}}(8) finished.
[ Info: node ConstructionBots.TemplatedID{Tuple{ConstructionBots.RobotStart, ConstructionBots.BotID{ConstructionBots.DeliveryBot}}}(11) finished.
[ Info: node ConstructionBots.TemplatedID{Tuple{ConstructionBots.AssemblyStart, ConstructionBots.AssemblyID}}(2) finished.
[ Info: node ConstructionBots.TemplatedID{Tuple{ConstructionBots.ObjectStart, ConstructionBots.ObjectID}}(4) finished.
[ Info: node ConstructionBots.TemplatedID{Tuple{ConstructionBots.RobotStart, ConstructionBots.BotID{ConstructionBots.DeliveryBot}}}(17) finished.
[ Info: node ConstructionBots.TemplatedID{Tuple{ConstructionBots.ObjectStart, ConstructionBots.ObjectID}}(19) finished.
[ Info: node ConstructionBots.TemplatedID{Tuple{ConstructionBots.AssemblyStart, ConstructionBots.AssemblyID}}(4) finished.
[ Info: node ConstructionBots.TemplatedID{Tuple{ConstructionBots.AssemblyStart, ConstructionBots.AssemblyID}}(6) finished.
[ Info: node ConstructionBots.TemplatedID{Tuple{ConstructionBots.AssemblyStart, ConstructionBots.AssemblyID}}(5) finished.
[ Info: node ConstructionBots.TemplatedID{Tuple{ConstructionBots.RobotStart, ConstructionBots.BotID{ConstructionBots.DeliveryBot}}}(13) finished.
[ Info: node ConstructionBots.TemplatedID{Tuple{ConstructionBots.AssemblyStart, ConstructionBots.AssemblyID}}(8) finished.
[ Info: node ConstructionBots.TemplatedID{Tuple{ConstructionBots.AssemblyStart, ConstructionBots.AssemblyID}}(7) finished.
[ Info: node ConstructionBots.TemplatedID{Tuple{ConstructionBots.RobotStart, ConstructionBots.BotID{ConstructionBots.DeliveryBot}}}(6) finished.
[ Info: node ConstructionBots.TemplatedID{Tuple{ConstructionBots.ObjectStart, ConstructionBots.ObjectID}}(5) finished.
[ Info: node ConstructionBots.TemplatedID{Tuple{ConstructionBots.ObjectStart, ConstructionBots.ObjectID}}(11) finished.
[ Info: node ConstructionBots.TemplatedID{Tuple{ConstructionBots.RobotStart, ConstructionBots.BotID{ConstructionBots.DeliveryBot}}}(10) finished.
[ Info: node ConstructionBots.TemplatedID{Tuple{ConstructionBots.RobotStart, ConstructionBots.BotID{ConstructionBots.DeliveryBot}}}(9) finished.
[ Info: node ConstructionBots.TemplatedID{Tuple{ConstructionBots.ObjectStart, ConstructionBots.ObjectID}}(18) finished.
[ Info: node ConstructionBots.TemplatedID{Tuple{ConstructionBots.ObjectStart, ConstructionBots.ObjectID}}(16) finished.
[ Info: node ConstructionBots.TemplatedID{Tuple{ConstructionBots.ObjectStart, ConstructionBots.ObjectID}}(17) finished.
[ Info: node ConstructionBots.TemplatedID{Tuple{ConstructionBots.AssemblyStart, ConstructionBots.AssemblyID}}(1) finished.
[ Info: node ConstructionBots.TemplatedID{Tuple{ConstructionBots.RobotStart, ConstructionBots.BotID{ConstructionBots.DeliveryBot}}}(20) finished.
[ Info: node ConstructionBots.TemplatedID{Tuple{ConstructionBots.RobotStart, ConstructionBots.BotID{ConstructionBots.DeliveryBot}}}(15) finished.
[ Info: node ConstructionBots.TemplatedID{Tuple{ConstructionBots.ObjectStart, ConstructionBots.ObjectID}}(14) finished.
[ Info: node ConstructionBots.TemplatedID{Tuple{ConstructionBots.RobotStart, ConstructionBots.BotID{ConstructionBots.DeliveryBot}}}(22) finished.
[ Info: node ConstructionBots.TemplatedID{Tuple{ConstructionBots.RobotStart, ConstructionBots.BotID{ConstructionBots.DeliveryBot}}}(5) finished.
[ Info: node ConstructionBots.TemplatedID{Tuple{ConstructionBots.ObjectStart, ConstructionBots.ObjectID}}(6) finished.
[ Info: node ConstructionBots.TemplatedID{Tuple{ConstructionBots.RobotStart, ConstructionBots.BotID{ConstructionBots.DeliveryBot}}}(1) finished.
[ Info: node ConstructionBots.TemplatedID{Tuple{ConstructionBots.RobotStart, ConstructionBots.BotID{ConstructionBots.DeliveryBot}}}(4) finished.
[ Info: node ConstructionBots.TemplatedID{Tuple{ConstructionBots.AssemblyStart, ConstructionBots.AssemblyID}}(3) finished.
[ Info: node ConstructionBots.TemplatedID{Tuple{ConstructionBots.RobotStart, ConstructionBots.BotID{ConstructionBots.DeliveryBot}}}(12) finished.
[ Info: node ConstructionBots.TemplatedID{Tuple{ConstructionBots.RobotStart, ConstructionBots.BotID{ConstructionBots.DeliveryBot}}}(8) finished.
[ Info: node ConstructionBots.TemplatedID{Tuple{ConstructionBots.RobotStart, ConstructionBots.BotID{ConstructionBots.DeliveryBot}}}(16) finished.
[ Info: node ConstructionBots.TemplatedID{Tuple{ConstructionBots.ObjectStart, ConstructionBots.ObjectID}}(2) finished.
[ Info: node ConstructionBots.TemplatedID{Tuple{ConstructionBots.ObjectStart, ConstructionBots.ObjectID}}(13) finished.
[ Info: node ConstructionBots.TemplatedID{Tuple{ConstructionBots.ObjectStart, ConstructionBots.ObjectID}}(10) finished.
[ Info: node ConstructionBots.TemplatedID{ConstructionBots.OpenBuildStep}(19) finished.
[ Info: node ConstructionBots.TemplatedID{ConstructionBots.OpenBuildStep}(13) finished.
[ Info: node ConstructionBots.TemplatedID{ConstructionBots.OpenBuildStep}(11) finished.
[ Info: node ConstructionBots.TemplatedID{ConstructionBots.OpenBuildStep}(6) finished.
[ Info: node ConstructionBots.TemplatedID{ConstructionBots.OpenBuildStep}(2) finished.
[ Info: node ConstructionBots.TemplatedID{ConstructionBots.OpenBuildStep}(15) finished.
[ Info: node ConstructionBots.TemplatedID{ConstructionBots.OpenBuildStep}(8) finished.
[ Info: node ConstructionBots.TemplatedID{ConstructionBots.OpenBuildStep}(4) finished.
[ Info: node ConstructionBots.ActionID(2) finished.
[ Info: node ConstructionBots.ActionID(46) finished.
[ Info: New RVO simulation
[ Info: [RESPEC] OOD event: A no-go exclusion zone has appeared at (0.16, 0.0) over the central build area, covering 8 of the 8 final-assembly delivery points; the work region must be moved clear of the restricted region.
[ Info: [RESPEC] LLM proposal: [RelocateBuild]  rationale: oracle macro 7
[ Info: [RESPEC] whole-build relocation verified -> translate the entire build clear of the zone
[ Info: [WHOLE-BUILD] translated Δ=[-3.026, -2.022] |Δ|=3.64 footprint(R=9.64); residual=0 -> translated
[ Info: [RESPEC] whole-build translated Δ=[-3.0256120774937827, -2.021649356811974] -> admitted
Simulating...   1%|█                                                 |  ETA: 0:10:02 ( 2.38  s/it)[K
   step_num: 10[K
   n_closed: 60[K
    n_total: 313[K[A[A[A[ Info: node ConstructionBots.TemplatedID{Tuple{ConstructionBots.FormTransportUnit, ConstructionBots.TemplatedID{Tuple{ConstructionBots.TransportUnitNode, ConstructionBots.ObjectID}}}}(17) finished.



[K[A[K[A[K[ASimulating...   1%|█                                                 |  ETA: 0:08:07 ( 1.93  s/it)[K
   step_num: 27[K
   n_closed: 61[K
    n_total: 313[K[A[A[A


[K[A[K[A[K[ASimulating...   1%|█                                                 |  ETA: 0:09:33 ( 2.27  s/it)[K
   step_num: 52[K
   n_closed: 61[K
    n_total: 313[K[A[A[A


[K[A[K[A[K[ASimulating...   1%|█                                                 |  ETA: 0:11:02 ( 2.63  s/it)[K
   step_num: 75[K
   n_closed: 61[K
    n_total: 313[K[A[A[A[ Info: node ConstructionBots.ActionID(8) finished.



[K[A[K[A[K[ASimulating...   2%|█                                                 |  ETA: 0:09:18 ( 2.22  s/it)[K
   step_num: 91[K
   n_closed: 62[K
    n_total: 313[K[A[A[A


[K[A[K[A[K[ASimulating...   2%|█                                                 |  ETA: 0:10:22 ( 2.48  s/it)[K
   step_num: 115[K
   n_closed: 62[K
    n_total: 313[K[A[A[A[ Info: node ConstructionBots.ActionID(4) finished.
[ Info: node ConstructionBots.ActionID(48) finished.
[ Info: New RVO simulation
[ Info: node ConstructionBots.ActionID(6) finished.
[ Info: node ConstructionBots.TemplatedID{Tuple{ConstructionBots.FormTransportUnit, ConstructionBots.TemplatedID{Tuple{ConstructionBots.TransportUnitNode, ConstructionBots.ObjectID}}}}(18) finished.
[ Info: node ConstructionBots.ActionID(58) finished.
[ Info: New RVO simulation
[ Info: node ConstructionBots.ActionID(18) finished.
[ Info: node ConstructionBots.ActionID(64) finished.
[ Info: New RVO simulation
[ Info: node ConstructionBots.TemplatedID{Tuple{ConstructionBots.FormTransportUnit, ConstructionBots.TemplatedID{Tuple{ConstructionBots.TransportUnitNode, ConstructionBots.ObjectID}}}}(13) finished.
[ Info: node ConstructionBots.TemplatedID{Tuple{ConstructionBots.FormTransportUnit, ConstructionBots.TemplatedID{Tuple{ConstructionBots.TransportUnitNode, ConstructionBots.ObjectID}}}}(15) finished.
[ Info: node ConstructionBots.ActionID(16) finished.
[ Info: node ConstructionBots.ActionID(14) finished.
[ Info: node ConstructionBots.ActionID(56) finished.
[ Info: node ConstructionBots.ActionID(55) finished.
[ Info: New RVO simulation
[ Info: node ConstructionBots.TemplatedID{Tuple{ConstructionBots.FormTransportUnit, ConstructionBots.TemplatedID{Tuple{ConstructionBots.TransportUnitNode, ConstructionBots.ObjectID}}}}(12) finished.



[K[A[K[A[K[ASimulating...   7%|████                                              |  ETA: 0:02:24 ( 0.61  s/it)[K
   step_num: 138[K
   n_closed: 76[K
    n_total: 313[K[A[A[A


[K[A[K[A[K[ASimulating...   7%|████                                              |  ETA: 0:02:37 ( 0.66  s/it)[K
   step_num: 154[K
   n_closed: 76[K
    n_total: 313[K[A[A[A


[K[A[K[A[K[ASimulating...   7%|████                                              |  ETA: 0:02:51 ( 0.72  s/it)[K
   step_num: 177[K
   n_closed: 76[K
    n_total: 313[K[A[A[A[ Info: node ConstructionBots.TemplatedID{Tuple{ConstructionBots.TransportUnitGo, ConstructionBots.TemplatedID{Tuple{ConstructionBots.TransportUnitNode, ConstructionBots.ObjectID}}}}(18) finished.
[ Info: node ConstructionBots.TemplatedID{Tuple{ConstructionBots.DepositCargo, ConstructionBots.TemplatedID{Tuple{ConstructionBots.TransportUnitNode, ConstructionBots.ObjectID}}}}(18) finished.
[ Info: node ConstructionBots.TemplatedID{Tuple{ConstructionBots.LiftIntoPlace, ConstructionBots.ObjectID}}(18) finished.
[ Info: Closing BuildingStep ConstructionBots.TemplatedID{ConstructionBots.CloseBuildStep}(2)
[ Info: node ConstructionBots.TemplatedID{ConstructionBots.CloseBuildStep}(2) finished.
[ Info: node ConstructionBots.TemplatedID{ConstructionBots.OpenBuildStep}(1) finished.
[ Info: New RVO simulation



[K[A[K[A[K[ASimulating...   9%|█████                                             |  ETA: 0:02:21 ( 0.61  s/it)[K
   step_num: 200[K
   n_closed: 81[K
    n_total: 313[K[A[A[A


[K[A[K[A[K[ASimulating...   9%|█████                                             |  ETA: 0:02:33 ( 0.66  s/it)[K
   step_num: 220[K
   n_closed: 81[K
    n_total: 313[K[A[A[A[ Info: node ConstructionBots.TemplatedID{Tuple{ConstructionBots.TransportUnitGo, ConstructionBots.TemplatedID{Tuple{ConstructionBots.TransportUnitNode, ConstructionBots.ObjectID}}}}(17) finished.
[ Info: node ConstructionBots.ActionID(47) finished.
[ Info: node ConstructionBots.ActionID(52) finished.
[ Info: New RVO simulation
[ Info: node ConstructionBots.TemplatedID{Tuple{ConstructionBots.FormTransportUnit, ConstructionBots.TemplatedID{Tuple{ConstructionBots.TransportUnitNode, ConstructionBots.ObjectID}}}}(20) finished.



[K[A[K[A[K[ASimulating...  11%|██████                                            |  ETA: 0:02:17 ( 0.60  s/it)[K
   step_num: 244[K
   n_closed: 85[K
    n_total: 313[K[A[A[A[ Info: node ConstructionBots.TemplatedID{Tuple{ConstructionBots.TransportUnitGo, ConstructionBots.TemplatedID{Tuple{ConstructionBots.TransportUnitNode, ConstructionBots.ObjectID}}}}(20) finished.
[ Info: node ConstructionBots.TemplatedID{Tuple{ConstructionBots.DepositCargo, ConstructionBots.TemplatedID{Tuple{ConstructionBots.TransportUnitNode, ConstructionBots.ObjectID}}}}(20) finished.
[ Info: node ConstructionBots.TemplatedID{Tuple{ConstructionBots.LiftIntoPlace, ConstructionBots.ObjectID}}(20) finished.
[ Info: Closing BuildingStep ConstructionBots.TemplatedID{ConstructionBots.CloseBuildStep}(4)
[ Info: node ConstructionBots.TemplatedID{ConstructionBots.CloseBuildStep}(4) finished.
[ Info: node ConstructionBots.TemplatedID{ConstructionBots.OpenBuildStep}(3) finished.
[ Info: New RVO simulation



[K[A[K[A[K[ASimulating...  13%|███████                                           |  ETA: 0:02:00 ( 0.54  s/it)[K
   step_num: 267[K
   n_closed: 90[K
    n_total: 313[K[A[A[A[ Info: node ConstructionBots.TemplatedID{Tuple{ConstructionBots.DepositCargo, ConstructionBots.TemplatedID{Tuple{ConstructionBots.TransportUnitNode, ConstructionBots.ObjectID}}}}(17) finished.
[ Info: New RVO simulation
[ Info: node ConstructionBots.TemplatedID{Tuple{ConstructionBots.LiftIntoPlace, ConstructionBots.ObjectID}}(17) finished.
[ Info: Closing BuildingStep ConstructionBots.TemplatedID{ConstructionBots.CloseBuildStep}(1)
[ Info: node ConstructionBots.TemplatedID{ConstructionBots.CloseBuildStep}(1) finished.
[ Info: node ConstructionBots.TemplatedID{Tuple{ConstructionBots.AssemblyComplete, ConstructionBots.AssemblyID}}(8) finished.
[ Info: node ConstructionBots.ActionID(51) finished.
[ Info: node ConstructionBots.ActionID(50) finished.
[ Info: New RVO simulation
[ Info: node ConstructionBots.TemplatedID{Tuple{ConstructionBots.FormTransportUnit, ConstructionBots.TemplatedID{Tuple{ConstructionBots.TransportUnitNode, ConstructionBots.ObjectID}}}}(19) finished.



[K[A[K[A[K[ASimulating...  15%|████████                                          |  ETA: 0:01:42 ( 0.47  s/it)[K
   step_num: 292[K
   n_closed: 97[K
    n_total: 313[K[A[A[A[ Info: node ConstructionBots.TemplatedID{Tuple{ConstructionBots.TransportUnitGo, ConstructionBots.TemplatedID{Tuple{ConstructionBots.TransportUnitNode, ConstructionBots.ObjectID}}}}(19) finished.
[ Info: node ConstructionBots.TemplatedID{Tuple{ConstructionBots.DepositCargo, ConstructionBots.TemplatedID{Tuple{ConstructionBots.TransportUnitNode, ConstructionBots.ObjectID}}}}(19) finished.
[ Info: New RVO simulation
[ Info: node ConstructionBots.TemplatedID{Tuple{ConstructionBots.LiftIntoPlace, ConstructionBots.ObjectID}}(19) finished.
[ Info: Closing BuildingStep ConstructionBots.TemplatedID{ConstructionBots.CloseBuildStep}(3)
[ Info: node ConstructionBots.TemplatedID{ConstructionBots.CloseBuildStep}(3) finished.
[ Info: node ConstructionBots.TemplatedID{Tuple{ConstructionBots.AssemblyComplete, ConstructionBots.AssemblyID}}(7) finished.



[K[A[K[A[K[ASimulating...  17%|█████████                                         |  ETA: 0:01:33 ( 0.44  s/it)[K
   step_num: 322[K
   n_closed: 102[K
    n_total: 313[K[A[A[A[ Info: node ConstructionBots.ActionID(45) finished.
[ Info: node ConstructionBots.ActionID(49) finished.
[ Info: node ConstructionBots.ActionID(62) finished.
[ Info: node ConstructionBots.ActionID(61) finished.
[ Info: New RVO simulation
[ Info: node ConstructionBots.TemplatedID{Tuple{ConstructionBots.FormTransportUnit, ConstructionBots.TemplatedID{Tuple{ConstructionBots.TransportUnitNode, ConstructionBots.ObjectID}}}}(14) finished.



[K[A[K[A[K[ASimulating...  19%|██████████                                        |  ETA: 0:01:26 ( 0.42  s/it)[K
   step_num: 347[K
   n_closed: 107[K
    n_total: 313[K[A[A[A


[K[A[K[A[K[ASimulating...  19%|██████████                                        |  ETA: 0:01:31 ( 0.44  s/it)[K
   step_num: 371[K
   n_closed: 107[K
    n_total: 313[K[A[A[A


[K[A[K[A[K[ASimulating...  19%|██████████                                        |  ETA: 0:01:36 ( 0.46  s/it)[K
   step_num: 400[K
   n_closed: 107[K
    n_total: 313[K[A[A[A[ Info: node ConstructionBots.TemplatedID{Tuple{ConstructionBots.TransportUnitGo, ConstructionBots.TemplatedID{Tuple{ConstructionBots.TransportUnitNode, ConstructionBots.ObjectID}}}}(13) finished.
[ Info: node ConstructionBots.TemplatedID{Tuple{ConstructionBots.DepositCargo, ConstructionBots.TemplatedID{Tuple{ConstructionBots.TransportUnitNode, ConstructionBots.ObjectID}}}}(13) finished.
[ Info: node ConstructionBots.TemplatedID{Tuple{ConstructionBots.LiftIntoPlace, ConstructionBots.ObjectID}}(13) finished.
[ Info: Closing BuildingStep ConstructionBots.TemplatedID{ConstructionBots.CloseBuildStep}(6)
[ Info: node ConstructionBots.TemplatedID{ConstructionBots.CloseBuildStep}(6) finished.
[ Info: node ConstructionBots.TemplatedID{ConstructionBots.OpenBuildStep}(5) finished.
[ Info: New RVO simulation



[K[A[K[A[K[ASimulating...  21%|███████████                                       |  ETA: 0:01:29 ( 0.44  s/it)[K
   step_num: 431[K
   n_closed: 112[K
    n_total: 313[K[A[A[A


[K[A[K[A[K[ASimulating...  21%|███████████                                       |  ETA: 0:01:33 ( 0.46  s/it)[K
   step_num: 454[K
   n_closed: 112[K
    n_total: 313[K[A[A[A


[K[A[K[A[K[ASimulating...  21%|███████████                                       |  ETA: 0:01:36 ( 0.48  s/it)[K
   step_num: 485[K
   n_closed: 112[K
    n_total: 313[K[A[A[A[ Info: node ConstructionBots.TemplatedID{Tuple{ConstructionBots.TransportUnitGo, ConstructionBots.TemplatedID{Tuple{ConstructionBots.TransportUnitNode, ConstructionBots.ObjectID}}}}(12) finished.
[ Info: node ConstructionBots.TemplatedID{Tuple{ConstructionBots.DepositCargo, ConstructionBots.TemplatedID{Tuple{ConstructionBots.TransportUnitNode, ConstructionBots.ObjectID}}}}(12) finished.
[ Info: New RVO simulation
[ Info: node ConstructionBots.TemplatedID{Tuple{ConstructionBots.LiftIntoPlace, ConstructionBots.ObjectID}}(12) finished.
[ Info: Closing BuildingStep ConstructionBots.TemplatedID{ConstructionBots.CloseBuildStep}(5)
[ Info: node ConstructionBots.TemplatedID{ConstructionBots.CloseBuildStep}(5) finished.
[ Info: node ConstructionBots.TemplatedID{Tuple{ConstructionBots.AssemblyComplete, ConstructionBots.AssemblyID}}(6) finished.
[ Info: node ConstructionBots.TemplatedID{Tuple{ConstructionBots.TransportUnitGo, ConstructionBots.TemplatedID{Tuple{ConstructionBots.TransportUnitNode, ConstructionBots.ObjectID}}}}(15) finished.
[ Info: node ConstructionBots.TemplatedID{Tuple{ConstructionBots.DepositCargo, ConstructionBots.TemplatedID{Tuple{ConstructionBots.TransportUnitNode, ConstructionBots.ObjectID}}}}(15) finished.
[ Info: node ConstructionBots.TemplatedID{Tuple{ConstructionBots.LiftIntoPlace, ConstructionBots.ObjectID}}(15) finished.
[ Info: Closing BuildingStep ConstructionBots.TemplatedID{ConstructionBots.CloseBuildStep}(8)
[ Info: node ConstructionBots.TemplatedID{ConstructionBots.CloseBuildStep}(8) finished.
[ Info: node ConstructionBots.TemplatedID{ConstructionBots.OpenBuildStep}(7) finished.
[ Info: New RVO simulation
[ Info: node ConstructionBots.ActionID(20) finished.
[ Info: node ConstructionBots.ActionID(94) finished.
[ Info: node ConstructionBots.ActionID(93) finished.
[ Info: New RVO simulation
[ Info: node ConstructionBots.TemplatedID{Tuple{ConstructionBots.FormTransportUnit, ConstructionBots.TemplatedID{Tuple{ConstructionBots.TransportUnitNode, ConstructionBots.ObjectID}}}}(11) finished.



[K[A[K[A[K[ASimulating...  27%|██████████████                                    |  ETA: 0:01:14 ( 0.40  s/it)[K
   step_num: 516[K
   n_closed: 126[K
    n_total: 313[K[A[A[A[ Info: node ConstructionBots.ActionID(54) finished.
[ Info: node ConstructionBots.ActionID(53) finished.



[K[A[K[A[K[ASimulating...  27%|██████████████                                    |  ETA: 0:01:14 ( 0.40  s/it)[K
   step_num: 538[K
   n_closed: 128[K
    n_total: 313[K[A[A[A[ Info: node ConstructionBots.ActionID(57) finished.
[ Info: node ConstructionBots.ActionID(82) finished.
[ Info: node ConstructionBots.ActionID(81) finished.
[ Info: New RVO simulation
[ Info: node ConstructionBots.TemplatedID{Tuple{ConstructionBots.FormTransportUnit, ConstructionBots.TemplatedID{Tuple{ConstructionBots.TransportUnitNode, ConstructionBots.ObjectID}}}}(10) finished.
[ Info: node ConstructionBots.TemplatedID{Tuple{ConstructionBots.TransportUnitGo, ConstructionBots.TemplatedID{Tuple{ConstructionBots.TransportUnitNode, ConstructionBots.ObjectID}}}}(14) finished.
[ Info: node ConstructionBots.TemplatedID{Tuple{ConstructionBots.DepositCargo, ConstructionBots.TemplatedID{Tuple{ConstructionBots.TransportUnitNode, ConstructionBots.ObjectID}}}}(14) finished.
[ Info: New RVO simulation
[ Info: node ConstructionBots.TemplatedID{Tuple{ConstructionBots.LiftIntoPlace, ConstructionBots.ObjectID}}(14) finished.
[ Info: Closing BuildingStep ConstructionBots.TemplatedID{ConstructionBots.CloseBuildStep}(7)
[ Info: node ConstructionBots.TemplatedID{ConstructionBots.CloseBuildStep}(7) finished.
[ Info: node ConstructionBots.TemplatedID{Tuple{ConstructionBots.AssemblyComplete, ConstructionBots.AssemblyID}}(5) finished.
[ Info: node ConstructionBots.ActionID(63) finished.



[K[A[K[A[K[ASimulating...  31%|████████████████                                  |  ETA: 0:01:03 ( 0.36  s/it)[K
   step_num: 568[K
   n_closed: 138[K
    n_total: 313[K[A[A[A[ Info: node ConstructionBots.ActionID(10) finished.
[ Info: node ConstructionBots.ActionID(12) finished.
[ Info: node ConstructionBots.ActionID(85) finished.
[ Info: node ConstructionBots.ActionID(86) finished.
[ Info: New RVO simulation
[ Info: node ConstructionBots.TemplatedID{Tuple{ConstructionBots.FormTransportUnit, ConstructionBots.TemplatedID{Tuple{ConstructionBots.TransportUnitNode, ConstructionBots.AssemblyID}}}}(6) finished.



[K[A[K[A[K[ASimulating...  33%|█████████████████                                 |  ETA: 0:01:00 ( 0.35  s/it)[K
   step_num: 598[K
   n_closed: 143[K
    n_total: 313[K[A[A[A[ Info: node ConstructionBots.TemplatedID{Tuple{ConstructionBots.TransportUnitGo, ConstructionBots.TemplatedID{Tuple{ConstructionBots.TransportUnitNode, ConstructionBots.ObjectID}}}}(10) finished.
[ Info: node ConstructionBots.TemplatedID{Tuple{ConstructionBots.DepositCargo, ConstructionBots.TemplatedID{Tuple{ConstructionBots.TransportUnitNode, ConstructionBots.ObjectID}}}}(10) finished.
[ Info: node ConstructionBots.TemplatedID{Tuple{ConstructionBots.LiftIntoPlace, ConstructionBots.ObjectID}}(10) finished.
[ Info: Closing BuildingStep ConstructionBots.TemplatedID{ConstructionBots.CloseBuildStep}(11)
[ Info: node ConstructionBots.TemplatedID{ConstructionBots.CloseBuildStep}(11) finished.
[ Info: node ConstructionBots.TemplatedID{ConstructionBots.OpenBuildStep}(10) finished.
[ Info: New RVO simulation
[ Info: node ConstructionBots.TemplatedID{Tuple{ConstructionBots.TransportUnitGo, ConstructionBots.TemplatedID{Tuple{ConstructionBots.TransportUnitNode, ConstructionBots.ObjectID}}}}(11) finished.
[ Info: node ConstructionBots.TemplatedID{Tuple{ConstructionBots.DepositCargo, ConstructionBots.TemplatedID{Tuple{ConstructionBots.TransportUnitNode, ConstructionBots.ObjectID}}}}(11) finished.
[ Info: node ConstructionBots.TemplatedID{Tuple{ConstructionBots.LiftIntoPlace, ConstructionBots.ObjectID}}(11) finished.
[ Info: Closing BuildingStep ConstructionBots.TemplatedID{ConstructionBots.CloseBuildStep}(13)
[ Info: node ConstructionBots.TemplatedID{ConstructionBots.CloseBuildStep}(13) finished.
[ Info: node ConstructionBots.TemplatedID{ConstructionBots.OpenBuildStep}(12) finished.
[ Info: New RVO simulation



[K[A[K[A[K[ASimulating...  37%|███████████████████                               |  ETA: 0:00:52 ( 0.33  s/it)[K
   step_num: 621[K
   n_closed: 153[K
    n_total: 313[K[A[A[A[ Info: node ConstructionBots.ActionID(80) finished.
[ Info: node ConstructionBots.ActionID(91) finished.
[ Info: node ConstructionBots.ActionID(89) finished.
[ Info: node ConstructionBots.ActionID(90) finished.
[ Info: New RVO simulation
[ Info: node ConstructionBots.TemplatedID{Tuple{ConstructionBots.FormTransportUnit, ConstructionBots.TemplatedID{Tuple{ConstructionBots.TransportUnitNode, ConstructionBots.AssemblyID}}}}(5) finished.



[K[A[K[A[K[ASimulating...  39%|████████████████████                              |  ETA: 0:00:50 ( 0.32  s/it)[K
   step_num: 649[K
   n_closed: 158[K
    n_total: 313[K[A[A[A[ Info: node ConstructionBots.ActionID(92) finished.
[ Info: node ConstructionBots.ActionID(74) finished.
[ Info: node ConstructionBots.ActionID(73) finished.
[ Info: New RVO simulation
[ Info: node ConstructionBots.TemplatedID{Tuple{ConstructionBots.FormTransportUnit, ConstructionBots.TemplatedID{Tuple{ConstructionBots.TransportUnitNode, ConstructionBots.ObjectID}}}}(8) finished.
[ Info: node ConstructionBots.TemplatedID{Tuple{ConstructionBots.TransportUnitGo, ConstructionBots.TemplatedID{Tuple{ConstructionBots.TransportUnitNode, ConstructionBots.AssemblyID}}}}(5) finished.
[ Info: node ConstructionBots.TemplatedID{Tuple{ConstructionBots.TransportUnitGo, ConstructionBots.TemplatedID{Tuple{ConstructionBots.TransportUnitNode, ConstructionBots.AssemblyID}}}}(6) finished.
[ Info: node ConstructionBots.TemplatedID{Tuple{ConstructionBots.DepositCargo, ConstructionBots.TemplatedID{Tuple{ConstructionBots.TransportUnitNode, ConstructionBots.AssemblyID}}}}(5) finished.
[ Info: New RVO simulation
[ Info: node ConstructionBots.TemplatedID{Tuple{ConstructionBots.DepositCargo, ConstructionBots.TemplatedID{Tuple{ConstructionBots.TransportUnitNode, ConstructionBots.AssemblyID}}}}(6) finished.
[ Info: New RVO simulation



[K[A[K[A[K[ASimulating...  42%|██████████████████████                            |  ETA: 0:00:45 ( 0.31  s/it)[K
   step_num: 669[K
   n_closed: 166[K
    n_total: 313[K[A[A[A[ Info: node ConstructionBots.TemplatedID{Tuple{ConstructionBots.LiftIntoPlace, ConstructionBots.AssemblyID}}(5) finished.
[ Info: node ConstructionBots.TemplatedID{Tuple{ConstructionBots.LiftIntoPlace, ConstructionBots.AssemblyID}}(6) finished.
[ Info: Closing BuildingStep ConstructionBots.TemplatedID{ConstructionBots.CloseBuildStep}(12)
[ Info: node ConstructionBots.TemplatedID{ConstructionBots.CloseBuildStep}(12) finished.
[ Info: node ConstructionBots.TemplatedID{Tuple{ConstructionBots.AssemblyComplete, ConstructionBots.AssemblyID}}(3) finished.
[ Info: node ConstructionBots.ActionID(79) finished.



[K[A[K[A[K[ASimulating...  44%|███████████████████████                           |  ETA: 0:00:43 ( 0.30  s/it)[K
   step_num: 693[K
   n_closed: 171[K
    n_total: 313[K[A[A[A[ Info: node ConstructionBots.ActionID(60) finished.
[ Info: node ConstructionBots.ActionID(59) finished.
[ Info: node ConstructionBots.TemplatedID{Tuple{ConstructionBots.TransportUnitGo, ConstructionBots.TemplatedID{Tuple{ConstructionBots.TransportUnitNode, ConstructionBots.ObjectID}}}}(8) finished.



[K[A[K[A[K[ASimulating...  45%|███████████████████████                           |  ETA: 0:00:42 ( 0.31  s/it)[K
   step_num: 716[K
   n_closed: 174[K
    n_total: 313[K[A[A[A[ Info: node ConstructionBots.TemplatedID{Tuple{ConstructionBots.DepositCargo, ConstructionBots.TemplatedID{Tuple{ConstructionBots.TransportUnitNode, ConstructionBots.ObjectID}}}}(8) finished.
[ Info: New RVO simulation
[ Info: node ConstructionBots.ActionID(88) finished.
[ Info: node ConstructionBots.TemplatedID{Tuple{ConstructionBots.LiftIntoPlace, ConstructionBots.ObjectID}}(8) finished.
[ Info: node ConstructionBots.ActionID(72) finished.
[ Info: node ConstructionBots.ActionID(78) finished.
[ Info: node ConstructionBots.ActionID(77) finished.
[ Info: New RVO simulation
[ Info: node ConstructionBots.ActionID(83) finished.
[ Info: node ConstructionBots.TemplatedID{Tuple{ConstructionBots.FormTransportUnit, ConstructionBots.TemplatedID{Tuple{ConstructionBots.TransportUnitNode, ConstructionBots.ObjectID}}}}(9) finished.



[K[A[K[A[K[ASimulating...  49%|█████████████████████████                         |  ETA: 0:00:39 ( 0.30  s/it)[K
   step_num: 747[K
   n_closed: 182[K
    n_total: 313[K[A[A[A[ Info: node ConstructionBots.ActionID(84) finished.
[ Info: node ConstructionBots.ActionID(66) finished.
[ Info: New RVO simulation
[ Info: node ConstructionBots.TemplatedID{Tuple{ConstructionBots.FormTransportUnit, ConstructionBots.TemplatedID{Tuple{ConstructionBots.TransportUnitNode, ConstructionBots.ObjectID}}}}(7) finished.



[K[A[K[A[K[ASimulating...  50%|█████████████████████████                         |  ETA: 0:00:38 ( 0.30  s/it)[K
   step_num: 779[K
   n_closed: 185[K
    n_total: 313[K[A[A[A[ Info: node ConstructionBots.TemplatedID{Tuple{ConstructionBots.TransportUnitGo, ConstructionBots.TemplatedID{Tuple{ConstructionBots.TransportUnitNode, ConstructionBots.ObjectID}}}}(9) finished.
[ Info: node ConstructionBots.TemplatedID{Tuple{ConstructionBots.DepositCargo, ConstructionBots.TemplatedID{Tuple{ConstructionBots.TransportUnitNode, ConstructionBots.ObjectID}}}}(9) finished.
[ Info: New RVO simulation
[ Info: node ConstructionBots.TemplatedID{Tuple{ConstructionBots.LiftIntoPlace, ConstructionBots.ObjectID}}(9) finished.
[ Info: Closing BuildingStep ConstructionBots.TemplatedID{ConstructionBots.CloseBuildStep}(10)
[ Info: node ConstructionBots.TemplatedID{ConstructionBots.CloseBuildStep}(10) finished.
[ Info: node ConstructionBots.TemplatedID{ConstructionBots.OpenBuildStep}(9) finished.



[K[A[K[A[K[ASimulating...  52%|██████████████████████████                        |  ETA: 0:00:36 ( 0.29  s/it)[K
   step_num: 799[K
   n_closed: 190[K
    n_total: 313[K[A[A[A[ Info: node ConstructionBots.ActionID(71) finished.
[ Info: node ConstructionBots.ActionID(70) finished.
[ Info: node ConstructionBots.ActionID(69) finished.
[ Info: New RVO simulation
[ Info: node ConstructionBots.TemplatedID{Tuple{ConstructionBots.FormTransportUnit, ConstructionBots.TemplatedID{Tuple{ConstructionBots.TransportUnitNode, ConstructionBots.ObjectID}}}}(6) finished.
[ Info: node ConstructionBots.TemplatedID{Tuple{ConstructionBots.TransportUnitGo, ConstructionBots.TemplatedID{Tuple{ConstructionBots.TransportUnitNode, ConstructionBots.ObjectID}}}}(7) finished.



[K[A[K[A[K[ASimulating...  54%|███████████████████████████                       |  ETA: 0:00:34 ( 0.29  s/it)[K
   step_num: 826[K
   n_closed: 195[K
    n_total: 313[K[A[A[A[ Info: node ConstructionBots.TemplatedID{Tuple{ConstructionBots.DepositCargo, ConstructionBots.TemplatedID{Tuple{ConstructionBots.TransportUnitNode, ConstructionBots.ObjectID}}}}(7) finished.
[ Info: New RVO simulation
[ Info: node ConstructionBots.TemplatedID{Tuple{ConstructionBots.TransportUnitGo, ConstructionBots.TemplatedID{Tuple{ConstructionBots.TransportUnitNode, ConstructionBots.ObjectID}}}}(6) finished.
[ Info: node ConstructionBots.TemplatedID{Tuple{ConstructionBots.LiftIntoPlace, ConstructionBots.ObjectID}}(7) finished.
[ Info: node ConstructionBots.TemplatedID{Tuple{ConstructionBots.DepositCargo, ConstructionBots.TemplatedID{Tuple{ConstructionBots.TransportUnitNode, ConstructionBots.ObjectID}}}}(6) finished.
[ Info: New RVO simulation



[K[A[K[A[K[ASimulating...  55%|████████████████████████████                      |  ETA: 0:00:33 ( 0.29  s/it)[K
   step_num: 847[K
   n_closed: 199[K
    n_total: 313[K[A[A[A[ Info: node ConstructionBots.ActionID(76) finished.
[ Info: node ConstructionBots.TemplatedID{Tuple{ConstructionBots.LiftIntoPlace, ConstructionBots.ObjectID}}(6) finished.
[ Info: Closing BuildingStep ConstructionBots.TemplatedID{ConstructionBots.CloseBuildStep}(9)
[ Info: node ConstructionBots.TemplatedID{ConstructionBots.CloseBuildStep}(9) finished.
[ Info: node ConstructionBots.TemplatedID{Tuple{ConstructionBots.AssemblyComplete, ConstructionBots.AssemblyID}}(4) finished.
[ Info: node ConstructionBots.ActionID(102) finished.
[ Info: node ConstructionBots.ActionID(101) finished.
[ Info: New RVO simulation
[ Info: node ConstructionBots.TemplatedID{Tuple{ConstructionBots.FormTransportUnit, ConstructionBots.TemplatedID{Tuple{ConstructionBots.TransportUnitNode, ConstructionBots.ObjectID}}}}(16) finished.
[ Info: node ConstructionBots.ActionID(65) finished.



[K[A[K[A[K[ASimulating...  58%|██████████████████████████████                    |  ETA: 0:00:30 ( 0.28  s/it)[K
   step_num: 862[K
   n_closed: 207[K
    n_total: 313[K[A[A[A[ Info: node ConstructionBots.ActionID(75) finished.
[ Info: node ConstructionBots.ActionID(130) finished.
[ Info: node ConstructionBots.ActionID(129) finished.
[ Info: New RVO simulation
[ Info: node ConstructionBots.TemplatedID{Tuple{ConstructionBots.FormTransportUnit, ConstructionBots.TemplatedID{Tuple{ConstructionBots.TransportUnitNode, ConstructionBots.AssemblyID}}}}(4) finished.
[ Info: node ConstructionBots.ActionID(67) finished.
[ Info: node ConstructionBots.ActionID(98) finished.
[ Info: New RVO simulation



[K[A[K[A[K[ASimulating...  61%|███████████████████████████████                   |  ETA: 0:00:28 ( 0.28  s/it)[K
   step_num: 892[K
   n_closed: 213[K
    n_total: 313[K[A[A[A[ Info: node ConstructionBots.TemplatedID{Tuple{ConstructionBots.FormTransportUnit, ConstructionBots.TemplatedID{Tuple{ConstructionBots.TransportUnitNode, ConstructionBots.AssemblyID}}}}(7) finished.
[ Info: node ConstructionBots.ActionID(68) finished.
[ Info: node ConstructionBots.ActionID(96) finished.
[ Info: New RVO simulation
[ Info: node ConstructionBots.TemplatedID{Tuple{ConstructionBots.FormTransportUnit, ConstructionBots.TemplatedID{Tuple{ConstructionBots.TransportUnitNode, ConstructionBots.AssemblyID}}}}(8) finished.



[K[A[K[A[K[ASimulating...  62%|████████████████████████████████                  |  ETA: 0:00:26 ( 0.28  s/it)[K
   step_num: 923[K
   n_closed: 217[K
    n_total: 313[K[A[A[A[ Info: node ConstructionBots.TemplatedID{Tuple{ConstructionBots.TransportUnitGo, ConstructionBots.TemplatedID{Tuple{ConstructionBots.TransportUnitNode, ConstructionBots.ObjectID}}}}(16) finished.
[ Info: node ConstructionBots.TemplatedID{Tuple{ConstructionBots.DepositCargo, ConstructionBots.TemplatedID{Tuple{ConstructionBots.TransportUnitNode, ConstructionBots.ObjectID}}}}(16) finished.
[ Info: node ConstructionBots.TemplatedID{Tuple{ConstructionBots.LiftIntoPlace, ConstructionBots.ObjectID}}(16) finished.
[ Info: Closing BuildingStep ConstructionBots.TemplatedID{ConstructionBots.CloseBuildStep}(15)
[ Info: node ConstructionBots.TemplatedID{ConstructionBots.CloseBuildStep}(15) finished.
[ Info: node ConstructionBots.TemplatedID{ConstructionBots.OpenBuildStep}(14) finished.
[ Info: New RVO simulation



[K[A[K[A[K[ASimulating...  64%|█████████████████████████████████                 |  ETA: 0:00:25 ( 0.27  s/it)[K
   step_num: 948[K
   n_closed: 222[K
    n_total: 313[K[A[A[A[ Info: node ConstructionBots.TemplatedID{Tuple{ConstructionBots.TransportUnitGo, ConstructionBots.TemplatedID{Tuple{ConstructionBots.TransportUnitNode, ConstructionBots.AssemblyID}}}}(4) finished.
[ Info: node ConstructionBots.TemplatedID{Tuple{ConstructionBots.DepositCargo, ConstructionBots.TemplatedID{Tuple{ConstructionBots.TransportUnitNode, ConstructionBots.AssemblyID}}}}(4) finished.
[ Info: node ConstructionBots.TemplatedID{Tuple{ConstructionBots.LiftIntoPlace, ConstructionBots.AssemblyID}}(4) finished.
[ Info: Closing BuildingStep ConstructionBots.TemplatedID{ConstructionBots.CloseBuildStep}(19)
[ Info: node ConstructionBots.TemplatedID{ConstructionBots.CloseBuildStep}(19) finished.
[ Info: node ConstructionBots.TemplatedID{ConstructionBots.OpenBuildStep}(18) finished.
[ Info: New RVO simulation
[ Info: node ConstructionBots.TemplatedID{Tuple{ConstructionBots.TransportUnitGo, ConstructionBots.TemplatedID{Tuple{ConstructionBots.TransportUnitNode, ConstructionBots.AssemblyID}}}}(7) finished.
[ Info: node ConstructionBots.TemplatedID{Tuple{ConstructionBots.DepositCargo, ConstructionBots.TemplatedID{Tuple{ConstructionBots.TransportUnitNode, ConstructionBots.AssemblyID}}}}(7) finished.
[ Info: New RVO simulation
[ Info: node ConstructionBots.TemplatedID{Tuple{ConstructionBots.TransportUnitGo, ConstructionBots.TemplatedID{Tuple{ConstructionBots.TransportUnitNode, ConstructionBots.AssemblyID}}}}(8) finished.



[K[A[K[A[K[ASimulating...  67%|██████████████████████████████████                |  ETA: 0:00:22 ( 0.27  s/it)[K
   step_num: 974[K
   n_closed: 230[K
    n_total: 313[K[A[A[A[ Info: node ConstructionBots.TemplatedID{Tuple{ConstructionBots.DepositCargo, ConstructionBots.TemplatedID{Tuple{ConstructionBots.TransportUnitNode, ConstructionBots.AssemblyID}}}}(8) finished.
[ Info: New RVO simulation
[ Info: node ConstructionBots.TemplatedID{Tuple{ConstructionBots.LiftIntoPlace, ConstructionBots.AssemblyID}}(7) finished.
[ Info: node ConstructionBots.ActionID(87) finished.
[ Info: node ConstructionBots.ActionID(108) finished.
[ Info: New RVO simulation
[ Info: node ConstructionBots.TemplatedID{Tuple{ConstructionBots.FormTransportUnit, ConstructionBots.TemplatedID{Tuple{ConstructionBots.TransportUnitNode, ConstructionBots.ObjectID}}}}(2) finished.
[ Info: node ConstructionBots.TemplatedID{Tuple{ConstructionBots.LiftIntoPlace, ConstructionBots.AssemblyID}}(8) finished.
[ Info: Closing BuildingStep ConstructionBots.TemplatedID{ConstructionBots.CloseBuildStep}(14)
[ Info: node ConstructionBots.TemplatedID{ConstructionBots.CloseBuildStep}(14) finished.
[ Info: node ConstructionBots.TemplatedID{Tuple{ConstructionBots.AssemblyComplete, ConstructionBots.AssemblyID}}(2) finished.
[ Info: node ConstructionBots.ActionID(127) finished.
[ Info: node ConstructionBots.ActionID(100) finished.
[ Info: node ConstructionBots.ActionID(114) finished.
[ Info: New RVO simulation



[K[A[K[A[K[ASimulating...  72%|████████████████████████████████████              |  ETA: 0:00:19 ( 0.26  s/it)[K
   step_num: 999[K
   n_closed: 241[K
    n_total: 313[K[A[A[A[ Info: node ConstructionBots.ActionID(99) finished.
[ Info: node ConstructionBots.ActionID(117) finished.
[ Info: node ConstructionBots.TemplatedID{Tuple{ConstructionBots.FormTransportUnit, ConstructionBots.TemplatedID{Tuple{ConstructionBots.TransportUnitNode, ConstructionBots.ObjectID}}}}(5) finished.
[ Info: node ConstructionBots.ActionID(118) finished.
[ Info: New RVO simulation
[ Info: node ConstructionBots.TemplatedID{Tuple{ConstructionBots.FormTransportUnit, ConstructionBots.TemplatedID{Tuple{ConstructionBots.TransportUnitNode, ConstructionBots.AssemblyID}}}}(2) finished.



[K[A[K[A[K[ASimulating...  74%|█████████████████████████████████████             |  ETA: 0:00:17 ( 0.26  s/it)[K
   step_num: 1018[K
   n_closed: 246[K
    n_total: 313[K[A[A[A[ Info: node ConstructionBots.ActionID(128) finished.
[ Info: node ConstructionBots.ActionID(123) finished.
[ Info: node ConstructionBots.ActionID(125) finished.
[ Info: node ConstructionBots.ActionID(124) finished.
[ Info: node ConstructionBots.ActionID(126) finished.
[ Info: New RVO simulation
[ Info: node ConstructionBots.TemplatedID{Tuple{ConstructionBots.FormTransportUnit, ConstructionBots.TemplatedID{Tuple{ConstructionBots.TransportUnitNode, ConstructionBots.AssemblyID}}}}(3) finished.



[K[A[K[A[K[ASimulating...  76%|███████████████████████████████████████           |  ETA: 0:00:15 ( 0.25  s/it)[K
   step_num: 1045[K
   n_closed: 252[K
    n_total: 313[K[A[A[A[ Info: node ConstructionBots.TemplatedID{Tuple{ConstructionBots.TransportUnitGo, ConstructionBots.TemplatedID{Tuple{ConstructionBots.TransportUnitNode, ConstructionBots.AssemblyID}}}}(2) finished.
[ Info: node ConstructionBots.TemplatedID{Tuple{ConstructionBots.DepositCargo, ConstructionBots.TemplatedID{Tuple{ConstructionBots.TransportUnitNode, ConstructionBots.AssemblyID}}}}(2) finished.
[ Info: New RVO simulation
[ Info: node ConstructionBots.TemplatedID{Tuple{ConstructionBots.TransportUnitGo, ConstructionBots.TemplatedID{Tuple{ConstructionBots.TransportUnitNode, ConstructionBots.AssemblyID}}}}(3) finished.



[K[A[K[A[K[ASimulating...  77%|███████████████████████████████████████           |  ETA: 0:00:15 ( 0.26  s/it)[K
   step_num: 1078[K
   n_closed: 255[K
    n_total: 313[K[A[A[A[ Info: node ConstructionBots.TemplatedID{Tuple{ConstructionBots.DepositCargo, ConstructionBots.TemplatedID{Tuple{ConstructionBots.TransportUnitNode, ConstructionBots.AssemblyID}}}}(3) finished.
[ Info: New RVO simulation
[ Info: node ConstructionBots.TemplatedID{Tuple{ConstructionBots.LiftIntoPlace, ConstructionBots.AssemblyID}}(2) finished.
[ Info: node ConstructionBots.TemplatedID{Tuple{ConstructionBots.LiftIntoPlace, ConstructionBots.AssemblyID}}(3) finished.
[ Info: Closing BuildingStep ConstructionBots.TemplatedID{ConstructionBots.CloseBuildStep}(18)
[ Info: node ConstructionBots.TemplatedID{ConstructionBots.CloseBuildStep}(18) finished.
[ Info: node ConstructionBots.TemplatedID{ConstructionBots.OpenBuildStep}(17) finished.



[K[A[K[A[K[ASimulating...  79%|████████████████████████████████████████          |  ETA: 0:00:13 ( 0.25  s/it)[K
   step_num: 1102[K
   n_closed: 260[K
    n_total: 313[K[A[A[A[ Info: node ConstructionBots.TemplatedID{Tuple{ConstructionBots.TransportUnitGo, ConstructionBots.TemplatedID{Tuple{ConstructionBots.TransportUnitNode, ConstructionBots.ObjectID}}}}(5) finished.



[K[A[K[A[K[ASimulating...  80%|████████████████████████████████████████          |  ETA: 0:00:13 ( 0.26  s/it)[K
   step_num: 1137[K
   n_closed: 261[K
    n_total: 313[K[A[A[A[ Info: node ConstructionBots.TemplatedID{Tuple{ConstructionBots.DepositCargo, ConstructionBots.TemplatedID{Tuple{ConstructionBots.TransportUnitNode, ConstructionBots.ObjectID}}}}(5) finished.
[ Info: New RVO simulation
[ Info: node ConstructionBots.ActionID(97) finished.
[ Info: node ConstructionBots.TemplatedID{Tuple{ConstructionBots.LiftIntoPlace, ConstructionBots.ObjectID}}(5) finished.



[K[A[K[A[K[ASimulating...  81%|█████████████████████████████████████████         |  ETA: 0:00:13 ( 0.26  s/it)[K
   step_num: 1167[K
   n_closed: 264[K
    n_total: 313[K[A[A[A[ Info: node ConstructionBots.ActionID(116) finished.
[ Info: node ConstructionBots.ActionID(106) finished.
[ Info: New RVO simulation
[ Info: node ConstructionBots.TemplatedID{Tuple{ConstructionBots.FormTransportUnit, ConstructionBots.TemplatedID{Tuple{ConstructionBots.TransportUnitNode, ConstructionBots.ObjectID}}}}(3) finished.



[K[A[K[A[K[ASimulating...  82%|█████████████████████████████████████████         |  ETA: 0:00:12 ( 0.26  s/it)[K
   step_num: 1201[K
   n_closed: 267[K
    n_total: 313[K[A[A[A


[K[A[K[A[K[ASimulating...  82%|█████████████████████████████████████████         |  ETA: 0:00:12 ( 0.27  s/it)[K
   step_num: 1224[K
   n_closed: 267[K
    n_total: 313[K[A[A[A[ Info: node ConstructionBots.ActionID(115) finished.
[ Info: node ConstructionBots.ActionID(104) finished.
[ Info: New RVO simulation
[ Info: node ConstructionBots.TemplatedID{Tuple{ConstructionBots.FormTransportUnit, ConstructionBots.TemplatedID{Tuple{ConstructionBots.TransportUnitNode, ConstructionBots.ObjectID}}}}(1) finished.



[K[A[K[A[K[ASimulating...  83%|██████████████████████████████████████████        |  ETA: 0:00:11 ( 0.27  s/it)[K
   step_num: 1255[K
   n_closed: 270[K
    n_total: 313[K[A[A[A


[K[A[K[A[K[ASimulating...  83%|██████████████████████████████████████████        |  ETA: 0:00:12 ( 0.27  s/it)[K
   step_num: 1289[K
   n_closed: 270[K
    n_total: 313[K[A[A[A


[K[A[K[A[K[ASimulating...  83%|██████████████████████████████████████████        |  ETA: 0:00:12 ( 0.28  s/it)[K
   step_num: 1316[K
   n_closed: 270[K
    n_total: 313[K[A[A[A


[K[A[K[A[K[ASimulating...  83%|██████████████████████████████████████████        |  ETA: 0:00:12 ( 0.28  s/it)[K
   step_num: 1333[K
   n_closed: 270[K
    n_total: 313[K[A[A[A


[K[A[K[A[K[ASimulating...  83%|██████████████████████████████████████████        |  ETA: 0:00:12 ( 0.29  s/it)[K
   step_num: 1365[K
   n_closed: 270[K
    n_total: 313[K[A[A[A[ Info: [RESPEC] OOD event: A multi-robot transport team is deadlocked while forming: some members are waiting in their carrying positions but the team cannot complete and the build has stalled. Re-establish the stuck transport team(s).



[K[A[K[A[K[ASimulating...  83%|██████████████████████████████████████████        |  ETA: 0:00:12 ( 0.29  s/it)[K
   step_num: 1395[K
   n_closed: 270[K
    n_total: 313[K[A[A[A


[K[A[K[A[K[ASimulating...  83%|██████████████████████████████████████████        |  ETA: 0:00:13 ( 0.30  s/it)[K
   step_num: 1424[K
   n_closed: 270[K
    n_total: 313[K[A[A[A


[K[A[K[A[K[ASimulating...  83%|██████████████████████████████████████████        |  ETA: 0:00:13 ( 0.30  s/it)[K
   step_num: 1437[K
   n_closed: 270[K
    n_total: 313[K[A[A[A


[K[A[K[A[K[ASimulating...  83%|██████████████████████████████████████████        |  ETA: 0:00:13 ( 0.30  s/it)[K
   step_num: 1465[K
   n_closed: 270[K
    n_total: 313[K[A[A[A[ Info: [RESPEC] OOD event: A multi-robot transport team is deadlocked while forming: some members are waiting in their carrying positions but the team cannot complete and the build has stalled. Re-establish the stuck transport team(s).



[K[A[K[A[K[ASimulating...  83%|██████████████████████████████████████████        |  ETA: 0:00:13 ( 0.31  s/it)[K
   step_num: 1497[K
   n_closed: 270[K
    n_total: 313[K[A[A[A


[K[A[K[A[K[ASimulating...  83%|██████████████████████████████████████████        |  ETA: 0:00:14 ( 0.31  s/it)[K
   step_num: 1528[K
   n_closed: 270[K
    n_total: 313[K[A[A[A


[K[A[K[A[K[ASimulating...  83%|██████████████████████████████████████████        |  ETA: 0:00:14 ( 0.32  s/it)[K
   step_num: 1544[K
   n_closed: 270[K
    n_total: 313[K[A[A[A


[K[A[K[A[K[ASimulating...  83%|██████████████████████████████████████████        |  ETA: 0:00:14 ( 0.32  s/it)[K
   step_num: 1572[K
   n_closed: 270[K
    n_total: 313[K[A[A[A


[K[A[K[A[K[ASimulating...  83%|██████████████████████████████████████████        |  ETA: 0:00:14 ( 0.33  s/it)[K
   step_num: 1603[K
   n_closed: 270[K
    n_total: 313[K[A[A[A[ Info: [RESPEC] OOD event: A multi-robot transport team is deadlocked while forming: some members are waiting in their carrying positions but the team cannot complete and the build has stalled. Re-establish the stuck transport team(s).



[K[A[K[A[K[ASimulating...  83%|██████████████████████████████████████████        |  ETA: 0:00:14 ( 0.33  s/it)[K
   step_num: 1636[K
   n_closed: 270[K
    n_total: 313[K[A[A[A


[K[A[K[A[K[ASimulating...  83%|██████████████████████████████████████████        |  ETA: 0:00:15 ( 0.34  s/it)[K
   step_num: 1657[K
   n_closed: 270[K
    n_total: 313[K[A[A[A


[K[A[K[A[K[ASimulating...  83%|██████████████████████████████████████████        |  ETA: 0:00:15 ( 0.34  s/it)[K
   step_num: 1684[K
   n_closed: 270[K
    n_total: 313[K[A[A[A


[K[A[K[A[K[ASimulating...  83%|██████████████████████████████████████████        |  ETA: 0:00:15 ( 0.35  s/it)[K
   step_num: 1715[K
   n_closed: 270[K
    n_total: 313[K[A[A[A[ Info: [RESPEC] OOD event: A multi-robot transport team is deadlocked while forming: some members are waiting in their carrying positions but the team cannot complete and the build has stalled. Re-establish the stuck transport team(s).



[K[A[K[A[K[ASimulating...  83%|██████████████████████████████████████████        |  ETA: 0:00:15 ( 0.35  s/it)[K
   step_num: 1747[K
   n_closed: 270[K
    n_total: 313[K[A[A[A


[K[A[K[A[K[ASimulating...  83%|██████████████████████████████████████████        |  ETA: 0:00:16 ( 0.36  s/it)[K
   step_num: 1770[K
   n_closed: 270[K
    n_total: 313[K[A[A[A


[K[A[K[A[K[ASimulating...  83%|██████████████████████████████████████████        |  ETA: 0:00:16 ( 0.37  s/it)[K
   step_num: 1801[K
   n_closed: 270[K
    n_total: 313[K[A[A[A


[K[A[K[A[K[ASimulating...  83%|██████████████████████████████████████████        |  ETA: 0:00:16 ( 0.37  s/it)[K
   step_num: 1831[K
   n_closed: 270[K
    n_total: 313[K[A[A[A[ Info: [RESPEC] OOD event: A multi-robot transport team is deadlocked while forming: some members are waiting in their carrying positions but the team cannot complete and the build has stalled. Re-establish the stuck transport team(s).



[K[A[K[A[K[ASimulating...  83%|██████████████████████████████████████████        |  ETA: 0:00:16 ( 0.38  s/it)[K
   step_num: 1859[K
   n_closed: 270[K
    n_total: 313[K[A[A[A


[K[A[K[A[K[ASimulating...  83%|██████████████████████████████████████████        |  ETA: 0:00:16 ( 0.38  s/it)[K
   step_num: 1884[K
   n_closed: 270[K
    n_total: 313[K[A[A[A


[K[A[K[A[K[ASimulating...  83%|██████████████████████████████████████████        |  ETA: 0:00:17 ( 0.39  s/it)[K
   step_num: 1915[K
   n_closed: 270[K
    n_total: 313[K[A[A[A


[K[A[K[A[K[ASimulating...  83%|██████████████████████████████████████████        |  ETA: 0:00:17 ( 0.39  s/it)[K
   step_num: 1949[K
   n_closed: 270[K
    n_total: 313[K[A[A[A[ Info: [RESPEC] OOD event: A multi-robot transport team is deadlocked while forming: some members are waiting in their carrying positions but the team cannot complete and the build has stalled. Re-establish the stuck transport team(s).



[K[A[K[A[K[ASimulating...  83%|██████████████████████████████████████████        |  ETA: 0:00:17 ( 0.40  s/it)[K
   step_num: 1981[K
   n_closed: 270[K
    n_total: 313[K[A[A[A


[K[A[K[A[K[ASimulating...  83%|██████████████████████████████████████████        |  ETA: 0:00:17 ( 0.40  s/it)[K
   step_num: 1999[K
   n_closed: 270[K
    n_total: 313[K[A[A[A


[K[A[K[A[K[ASimulating...  83%|██████████████████████████████████████████        |  ETA: 0:00:17 ( 0.41  s/it)[K
   step_num: 2033[K
   n_closed: 270[K
    n_total: 313[K[A[A[A


[K[A[K[A[K[ASimulating...  83%|██████████████████████████████████████████        |  ETA: 0:00:18 ( 0.41  s/it)[K
   step_num: 2064[K
   n_closed: 270[K
    n_total: 313[K[A[A[A[ Info: [RESPEC] OOD event: A multi-robot transport team is deadlocked while forming: some members are waiting in their carrying positions but the team cannot complete and the build has stalled. Re-establish the stuck transport team(s).



[K[A[K[A[K[ASimulating...  83%|██████████████████████████████████████████        |  ETA: 0:00:18 ( 0.42  s/it)[K
   step_num: 2095[K
   n_closed: 270[K
    n_total: 313[K[A[A[A


[K[A[K[A[K[ASimulating...  83%|██████████████████████████████████████████        |  ETA: 0:00:18 ( 0.42  s/it)[K
   step_num: 2111[K
   n_closed: 270[K
    n_total: 313[K[A[A[A


[K[A[K[A[K[ASimulating...  83%|██████████████████████████████████████████        |  ETA: 0:00:18 ( 0.42  s/it)[K
   step_num: 2139[K
   n_closed: 270[K
    n_total: 313[K[A[A[A


[K[A[K[A[K[ASimulating...  83%|██████████████████████████████████████████        |  ETA: 0:00:18 ( 0.43  s/it)[K
   step_num: 2166[K
   n_closed: 270[K
    n_total: 313[K[A[A[A


[K[A[K[A[K[ASimulating...  83%|██████████████████████████████████████████        |  ETA: 0:00:19 ( 0.43  s/it)[K
   step_num: 2195[K
   n_closed: 270[K
    n_total: 313[K[A[A[A[ Info: [RESPEC] OOD event: A multi-robot transport team is deadlocked while forming: some members are waiting in their carrying positions but the team cannot complete and the build has stalled. Re-establish the stuck transport team(s).



[K[A[K[A[K[ASimulating...  83%|██████████████████████████████████████████        |  ETA: 0:00:19 ( 0.44  s/it)[K
   step_num: 2219[K
   n_closed: 270[K
    n_total: 313[K[A[A[A


[K[A[K[A[K[ASimulating...  83%|██████████████████████████████████████████        |  ETA: 0:00:19 ( 0.44  s/it)[K
   step_num: 2236[K
   n_closed: 270[K
    n_total: 313[K[A[A[A


[K[A[K[A[K[ASimulating...  83%|██████████████████████████████████████████        |  ETA: 0:00:19 ( 0.45  s/it)[K
   step_num: 2264[K
   n_closed: 270[K
    n_total: 313[K[A[A[A


[K[A[K[A[K[ASimulating...  83%|██████████████████████████████████████████        |  ETA: 0:00:20 ( 0.45  s/it)[K
   step_num: 2295[K
   n_closed: 270[K
    n_total: 313[K[A[A[A[ Info: [RESPEC] OOD event: A multi-robot transport team is deadlocked while forming: some members are waiting in their carrying positions but the team cannot complete and the build has stalled. Re-establish the stuck transport team(s).



[K[A[K[A[K[ASimulating...  83%|██████████████████████████████████████████        |  ETA: 0:00:20 ( 0.46  s/it)[K
   step_num: 2327[K
   n_closed: 270[K
    n_total: 313[K[A[A[A


[K[A[K[A[K[ASimulating...  83%|██████████████████████████████████████████        |  ETA: 0:00:20 ( 0.46  s/it)[K
   step_num: 2348[K
   n_closed: 270[K
    n_total: 313[K[A[A[A


[K[A[K[A[K[ASimulating...  83%|██████████████████████████████████████████        |  ETA: 0:00:20 ( 0.47  s/it)[K
   step_num: 2377[K
   n_closed: 270[K
    n_total: 313[K[A[A[A


[K[A[K[A[K[ASimulating...  83%|██████████████████████████████████████████        |  ETA: 0:00:20 ( 0.47  s/it)[K
   step_num: 2409[K
   n_closed: 270[K
    n_total: 313[K[A[A[A


[K[A[K[A[K[ASimulating...  83%|██████████████████████████████████████████        |  ETA: 0:00:21 ( 0.48  s/it)[K
   step_num: 2441[K
   n_closed: 270[K
    n_total: 313[K[A[A[A[ Info: [RESPEC] OOD event: A multi-robot transport team is deadlocked while forming: some members are waiting in their carrying positions but the team cannot complete and the build has stalled. Re-establish the stuck transport team(s).



[K[A[K[A[K[ASimulating...  83%|██████████████████████████████████████████        |  ETA: 0:00:21 ( 0.48  s/it)[K
   step_num: 2462[K
   n_closed: 270[K
    n_total: 313[K[A[A[A


[K[A[K[A[K[ASimulating...  83%|██████████████████████████████████████████        |  ETA: 0:00:21 ( 0.49  s/it)[K
   step_num: 2498[K
   n_closed: 270[K
    n_total: 313[K[A[A[A


[K[A[K[A[K[ASimulating...  83%|██████████████████████████████████████████        |  ETA: 0:00:21 ( 0.49  s/it)[K
   step_num: 2532[K
   n_closed: 270[K
    n_total: 313[K[A[A[A


[K[A[K[A[K[ASimulating...  83%|██████████████████████████████████████████        |  ETA: 0:00:21 ( 0.50  s/it)[K
   step_num: 2562[K
   n_closed: 270[K
    n_total: 313[K[A[A[A[ Info: [RESPEC] OOD event: A multi-robot transport team is deadlocked while forming: some members are waiting in their carrying positions but the team cannot complete and the build has stalled. Re-establish the stuck transport team(s).



[K[A[K[A[K[ASimulating...  83%|██████████████████████████████████████████        |  ETA: 0:00:22 ( 0.50  s/it)[K
   step_num: 2583[K
   n_closed: 270[K
    n_total: 313[K[A[A[A


[K[A[K[A[K[ASimulating...  83%|██████████████████████████████████████████        |  ETA: 0:00:22 ( 0.51  s/it)[K
   step_num: 2613[K
   n_closed: 270[K
    n_total: 313[K[A[A[A


[K[A[K[A[K[ASimulating...  83%|██████████████████████████████████████████        |  ETA: 0:00:22 ( 0.51  s/it)[K
   step_num: 2642[K
   n_closed: 270[K
    n_total: 313[K[A[A[A


[K[A[K[A[K[ASimulating...  83%|██████████████████████████████████████████        |  ETA: 0:00:22 ( 0.52  s/it)[K
   step_num: 2671[K
   n_closed: 270[K
    n_total: 313[K[A[A[A[ Info: [RESPEC] OOD event: A multi-robot transport team is deadlocked while forming: some members are waiting in their carrying positions but the team cannot complete and the build has stalled. Re-establish the stuck transport team(s).



[K[A[K[A[K[ASimulating...  83%|██████████████████████████████████████████        |  ETA: 0:00:22 ( 0.52  s/it)[K
   step_num: 2692[K
   n_closed: 270[K
    n_total: 313[K[A[A[A


[K[A[K[A[K[ASimulating...  83%|██████████████████████████████████████████        |  ETA: 0:00:23 ( 0.53  s/it)[K
   step_num: 2725[K
   n_closed: 270[K
    n_total: 313[K[A[A[A


[K[A[K[A[K[ASimulating...  83%|██████████████████████████████████████████        |  ETA: 0:00:23 ( 0.53  s/it)[K
   step_num: 2752[K
   n_closed: 270[K
    n_total: 313[K[A[A[A


[K[A[K[A[K[ASimulating...  83%|██████████████████████████████████████████        |  ETA: 0:00:23 ( 0.54  s/it)[K
   step_num: 2786[K
   n_closed: 270[K
    n_total: 313[K[A[A[A[ Info: [RESPEC] OOD event: A multi-robot transport team is deadlocked while forming: some members are waiting in their carrying positions but the team cannot complete and the build has stalled. Re-establish the stuck transport team(s).



[K[A[K[A[K[ASimulating...  83%|██████████████████████████████████████████        |  ETA: 0:00:23 ( 0.54  s/it)[K
   step_num: 2807[K
   n_closed: 270[K
    n_total: 313[K[A[A[A


[K[A[K[A[K[ASimulating...  83%|██████████████████████████████████████████        |  ETA: 0:00:23 ( 0.55  s/it)[K
   step_num: 2838[K
   n_closed: 270[K
    n_total: 313[K[A[A[A


[K[A[K[A[K[ASimulating...  83%|██████████████████████████████████████████        |  ETA: 0:00:24 ( 0.55  s/it)[K
   step_num: 2872[K
   n_closed: 270[K
    n_total: 313[K[A[A[A


[K[A[K[A[K[ASimulating...  83%|██████████████████████████████████████████        |  ETA: 0:00:24 ( 0.56  s/it)[K
   step_num: 2902[K
   n_closed: 270[K
    n_total: 313[K[A[A[A


[K[A[K[A[K[ASimulating...  83%|██████████████████████████████████████████        |  ETA: 0:00:24 ( 0.56  s/it)[K
   step_num: 2923[K
   n_closed: 270[K
    n_total: 313[K[A[A[A[ Info: [RESPEC] OOD event: A multi-robot transport team is deadlocked while forming: some members are waiting in their carrying positions but the team cannot complete and the build has stalled. Re-establish the stuck transport team(s).



[K[A[K[A[K[ASimulating...  83%|██████████████████████████████████████████        |  ETA: 0:00:24 ( 0.56  s/it)[K
   step_num: 2957[K
   n_closed: 270[K
    n_total: 313[K[A[A[A


[K[A[K[A[K[ASimulating...  83%|██████████████████████████████████████████        |  ETA: 0:00:24 ( 0.57  s/it)[K
   step_num: 2989[K
   n_closed: 270[K
    n_total: 313[K[A[A[A


[K[A[K[A[K[ASimulating...  83%|██████████████████████████████████████████        |  ETA: 0:00:25 ( 0.58  s/it)[K
   step_num: 3016[K
   n_closed: 270[K
    n_total: 313[K[A[A[A[ Info: [RESPEC] OOD event: A multi-robot transport team is deadlocked while forming: some members are waiting in their carrying positions but the team cannot complete and the build has stalled. Re-establish the stuck transport team(s).



[K[A[K[A[K[ASimulating...  83%|██████████████████████████████████████████        |  ETA: 0:00:25 ( 0.58  s/it)[K
   step_num: 3050[K
   n_closed: 270[K
    n_total: 313[K[A[A[A


[K[A[K[A[K[ASimulating...  83%|██████████████████████████████████████████        |  ETA: 0:00:25 ( 0.59  s/it)[K
   step_num: 3082[K
   n_closed: 270[K
    n_total: 313[K[A[A[A


[K[A[K[A[K[ASimulating...  83%|██████████████████████████████████████████        |  ETA: 0:00:25 ( 0.59  s/it)[K
   step_num: 3113[K
   n_closed: 270[K
    n_total: 313[K[A[A[A


[K[A[K[A[K[ASimulating...  83%|██████████████████████████████████████████        |  ETA: 0:00:26 ( 0.59  s/it)[K
   step_num: 3130[K
   n_closed: 270[K
    n_total: 313[K[A[A[A


[K[A[K[A[K[ASimulating...  83%|██████████████████████████████████████████        |  ETA: 0:00:26 ( 0.60  s/it)[K
   step_num: 3162[K
   n_closed: 270[K
    n_total: 313[K[A[A[A[ Info: [RESPEC] OOD event: A multi-robot transport team is deadlocked while forming: some members are waiting in their carrying positions but the team cannot complete and the build has stalled. Re-establish the stuck transport team(s).



[K[A[K[A[K[ASimulating...  83%|██████████████████████████████████████████        |  ETA: 0:00:26 ( 0.60  s/it)[K
   step_num: 3193[K
   n_closed: 270[K
    n_total: 313[K[A[A[A


[K[A[K[A[K[ASimulating...  83%|██████████████████████████████████████████        |  ETA: 0:00:26 ( 0.61  s/it)[K
   step_num: 3224[K
   n_closed: 270[K
    n_total: 313[K[A[A[A


[K[A[K[A[K[ASimulating...  83%|██████████████████████████████████████████        |  ETA: 0:00:26 ( 0.61  s/it)[K
   step_num: 3244[K
   n_closed: 270[K
    n_total: 313[K[A[A[A


[K[A[K[A[K[ASimulating...  83%|██████████████████████████████████████████        |  ETA: 0:00:27 ( 0.62  s/it)[K
   step_num: 3280[K
   n_closed: 270[K
    n_total: 313[K[A[A[A[ Info: [RESPEC] OOD event: A multi-robot transport team is deadlocked while forming: some members are waiting in their carrying positions but the team cannot complete and the build has stalled. Re-establish the stuck transport team(s).



[K[A[K[A[K[ASimulating...  83%|██████████████████████████████████████████        |  ETA: 0:00:27 ( 0.62  s/it)[K
   step_num: 3311[K
   n_closed: 270[K
    n_total: 313[K[A[A[A


[K[A[K[A[K[ASimulating...  83%|██████████████████████████████████████████        |  ETA: 0:00:27 ( 0.63  s/it)[K
   step_num: 3342[K
   n_closed: 270[K
    n_total: 313[K[A[A[A


[K[A[K[A[K[ASimulating...  83%|██████████████████████████████████████████        |  ETA: 0:00:27 ( 0.63  s/it)[K
   step_num: 3362[K
   n_closed: 270[K
    n_total: 313[K[A[A[A


[K[A[K[A[K[ASimulating...  83%|██████████████████████████████████████████        |  ETA: 0:00:27 ( 0.64  s/it)[K
   step_num: 3391[K
   n_closed: 270[K
    n_total: 313[K[A[A[A[ Info: [RESPEC] OOD event: A multi-robot transport team is deadlocked while forming: some members are waiting in their carrying positions but the team cannot complete and the build has stalled. Re-establish the stuck transport team(s).



[K[A[K[A[K[ASimulating...  83%|██████████████████████████████████████████        |  ETA: 0:00:28 ( 0.64  s/it)[K
   step_num: 3426[K
   n_closed: 270[K
    n_total: 313[K[A[A[A


[K[A[K[A[K[ASimulating...  83%|██████████████████████████████████████████        |  ETA: 0:00:28 ( 0.65  s/it)[K
   step_num: 3457[K
   n_closed: 270[K
    n_total: 313[K[A[A[A


[K[A[K[A[K[ASimulating...  83%|██████████████████████████████████████████        |  ETA: 0:00:28 ( 0.65  s/it)[K
   step_num: 3474[K
   n_closed: 270[K
    n_total: 313[K[A[A[A


[K[A[K[A[K[ASimulating...  83%|██████████████████████████████████████████        |  ETA: 0:00:28 ( 0.66  s/it)[K
   step_num: 3505[K
   n_closed: 270[K
    n_total: 313[K[A[A[A[ Info: [RESPEC] OOD event: A multi-robot transport team is deadlocked while forming: some members are waiting in their carrying positions but the team cannot complete and the build has stalled. Re-establish the stuck transport team(s).



[K[A[K[A[K[ASimulating...  83%|██████████████████████████████████████████        |  ETA: 0:00:28 ( 0.66  s/it)[K
   step_num: 3535[K
   n_closed: 270[K
    n_total: 313[K[A[A[A


[K[A[K[A[K[ASimulating...  83%|██████████████████████████████████████████        |  ETA: 0:00:29 ( 0.67  s/it)[K
   step_num: 3567[K
   n_closed: 270[K
    n_total: 313[K[A[A[A


[K[A[K[A[K[ASimulating...  83%|██████████████████████████████████████████        |  ETA: 0:00:29 ( 0.67  s/it)[K
   step_num: 3585[K
   n_closed: 270[K
    n_total: 313[K[A[A[A


[K[A[K[A[K[ASimulating...  83%|██████████████████████████████████████████        |  ETA: 0:00:29 ( 0.68  s/it)[K
   step_num: 3606[K
   n_closed: 270[K
    n_total: 313[K[A[A[A


[K[A[K[A[K[ASimulating...  83%|██████████████████████████████████████████        |  ETA: 0:00:29 ( 0.68  s/it)[K
   step_num: 3633[K
   n_closed: 270[K
    n_total: 313[K[A[A[A[ Info: [RESPEC] OOD event: A multi-robot transport team is deadlocked while forming: some members are waiting in their carrying positions but the team cannot complete and the build has stalled. Re-establish the stuck transport team(s).



[K[A[K[A[K[ASimulating...  83%|██████████████████████████████████████████        |  ETA: 0:00:30 ( 0.69  s/it)[K
   step_num: 3651[K
   n_closed: 270[K
    n_total: 313[K[A[A[A


[K[A[K[A[K[ASimulating...  83%|██████████████████████████████████████████        |  ETA: 0:00:30 ( 0.69  s/it)[K
   step_num: 3677[K
   n_closed: 270[K
    n_total: 313[K[A[A[A


[K[A[K[A[K[ASimulating...  83%|██████████████████████████████████████████        |  ETA: 0:00:30 ( 0.70  s/it)[K
   step_num: 3696[K
   n_closed: 270[K
    n_total: 313[K[A[A[A


[K[A[K[A[K[ASimulating...  83%|██████████████████████████████████████████        |  ETA: 0:00:30 ( 0.70  s/it)[K
   step_num: 3719[K
   n_closed: 270[K
    n_total: 313[K[A[A[A


[K[A[K[A[K[ASimulating...  83%|██████████████████████████████████████████        |  ETA: 0:00:30 ( 0.71  s/it)[K
   step_num: 3750[K
   n_closed: 270[K
    n_total: 313[K[A[A[A[ Info: [RESPEC] OOD event: A multi-robot transport team is deadlocked while forming: some members are waiting in their carrying positions but the team cannot complete and the build has stalled. Re-establish the stuck transport team(s).



[K[A[K[A[K[ASimulating...  83%|██████████████████████████████████████████        |  ETA: 0:00:31 ( 0.71  s/it)[K
   step_num: 3781[K
   n_closed: 270[K
    n_total: 313[K[A[A[A


[K[A[K[A[K[ASimulating...  83%|██████████████████████████████████████████        |  ETA: 0:00:31 ( 0.72  s/it)[K
   step_num: 3808[K
   n_closed: 270[K
    n_total: 313[K[A[A[A


[K[A[K[A[K[ASimulating...  83%|██████████████████████████████████████████        |  ETA: 0:00:31 ( 0.72  s/it)[K
   step_num: 3830[K
   n_closed: 270[K
    n_total: 313[K[A[A[A


[K[A[K[A[K[ASimulating...  83%|██████████████████████████████████████████        |  ETA: 0:00:31 ( 0.73  s/it)[K
   step_num: 3861[K
   n_closed: 270[K
    n_total: 313[K[A[A[A[ Info: [RESPEC] OOD event: A multi-robot transport team is deadlocked while forming: some members are waiting in their carrying positions but the team cannot complete and the build has stalled. Re-establish the stuck transport team(s).



[K[A[K[A[K[ASimulating...  83%|██████████████████████████████████████████        |  ETA: 0:00:31 ( 0.73  s/it)[K
   step_num: 3892[K
   n_closed: 270[K
    n_total: 313[K[A[A[A


[K[A[K[A[K[ASimulating...  83%|██████████████████████████████████████████        |  ETA: 0:00:32 ( 0.74  s/it)[K
   step_num: 3922[K
   n_closed: 270[K
    n_total: 313[K[A[A[A


[K[A[K[A[K[ASimulating...  83%|██████████████████████████████████████████        |  ETA: 0:00:32 ( 0.74  s/it)[K
   step_num: 3939[K
   n_closed: 270[K
    n_total: 313[K[A[A[A


[K[A[K[A[K[ASimulating...  83%|██████████████████████████████████████████        |  ETA: 0:00:32 ( 0.75  s/it)[K
   step_num: 3969[K
   n_closed: 270[K
    n_total: 313[K[A[A[A


[K[A[K[A[K[ASimulating...  83%|██████████████████████████████████████████        |  ETA: 0:00:32 ( 0.75  s/it)[K
   step_num: 3999[K
   n_closed: 270[K
    n_total: 313[K[A[A[A[ Info: [RESPEC] OOD event: A multi-robot transport team is deadlocked while forming: some members are waiting in their carrying positions but the team cannot complete and the build has stalled. Re-establish the stuck transport team(s).



[K[A[K[A[K[ASimulating...  83%|██████████████████████████████████████████        |  ETA: 0:00:32 ( 0.75  s/it)[K
   step_num: 4031[K
   n_closed: 270[K
    n_total: 313[K[A[A[A


[K[A[K[A[K[ASimulating...  83%|██████████████████████████████████████████        |  ETA: 0:00:33 ( 0.76  s/it)[K
   step_num: 4050[K
   n_closed: 270[K
    n_total: 313[K[A[A[A


[K[A[K[A[K[ASimulating...  83%|██████████████████████████████████████████        |  ETA: 0:00:33 ( 0.76  s/it)[K
   step_num: 4077[K
   n_closed: 270[K
    n_total: 313[K[A[A[A


[K[A[K[A[K[ASimulating...  83%|██████████████████████████████████████████        |  ETA: 0:00:33 ( 0.77  s/it)[K
   step_num: 4111[K
   n_closed: 270[K
    n_total: 313[K[A[A[A[ Info: [RESPEC] OOD event: A multi-robot transport team is deadlocked while forming: some members are waiting in their carrying positions but the team cannot complete and the build has stalled. Re-establish the stuck transport team(s).



[K[A[K[A[K[ASimulating...  83%|██████████████████████████████████████████        |  ETA: 0:00:33 ( 0.77  s/it)[K
   step_num: 4159[K
   n_closed: 270[K
    n_total: 313[K[A[A[A


[K[A[K[A[K[ASimulating...  83%|██████████████████████████████████████████        |  ETA: 0:00:33 ( 0.78  s/it)[K
   step_num: 4207[K
   n_closed: 270[K
    n_total: 313[K[A[A[A


[K[A[K[A[K[ASimulating...  83%|██████████████████████████████████████████        |  ETA: 0:00:34 ( 0.78  s/it)[K
   step_num: 4237[K
   n_closed: 270[K
    n_total: 313[K[A[A[A[ Info: [RESPEC] OOD event: A multi-robot transport team is deadlocked while forming: some members are waiting in their carrying positions but the team cannot complete and the build has stalled. Re-establish the stuck transport team(s).



[K[A[K[A[K[ASimulating...  83%|██████████████████████████████████████████        |  ETA: 0:00:34 ( 0.79  s/it)[K
   step_num: 4263[K
   n_closed: 270[K
    n_total: 313[K[A[A[A


[K[A[K[A[K[ASimulating...  83%|██████████████████████████████████████████        |  ETA: 0:00:34 ( 0.79  s/it)[K
   step_num: 4295[K
   n_closed: 270[K
    n_total: 313[K[A[A[A


[K[A[K[A[K[ASimulating...  83%|██████████████████████████████████████████        |  ETA: 0:00:34 ( 0.80  s/it)[K
   step_num: 4327[K
   n_closed: 270[K
    n_total: 313[K[A[A[A


[K[A[K[A[K[ASimulating...  83%|██████████████████████████████████████████        |  ETA: 0:00:35 ( 0.80  s/it)[K
   step_num: 4361[K
   n_closed: 270[K
    n_total: 313[K[A[A[A[ Info: [RESPEC] OOD event: A multi-robot transport team is deadlocked while forming: some members are waiting in their carrying positions but the team cannot complete and the build has stalled. Re-establish the stuck transport team(s).



[K[A[K[A[K[ASimulating...  83%|██████████████████████████████████████████        |  ETA: 0:00:35 ( 0.81  s/it)[K
   step_num: 4379[K
   n_closed: 270[K
    n_total: 313[K[A[A[A


[K[A[K[A[K[ASimulating...  83%|██████████████████████████████████████████        |  ETA: 0:00:35 ( 0.81  s/it)[K
   step_num: 4414[K
   n_closed: 270[K
    n_total: 313[K[A[A[A


[K[A[K[A[K[ASimulating...  83%|██████████████████████████████████████████        |  ETA: 0:00:35 ( 0.82  s/it)[K
   step_num: 4447[K
   n_closed: 270[K
    n_total: 313[K[A[A[A


[K[A[K[A[K[ASimulating...  83%|██████████████████████████████████████████        |  ETA: 0:00:35 ( 0.82  s/it)[K
   step_num: 4474[K
   n_closed: 270[K
    n_total: 313[K[A[A[A[ Info: [RESPEC] OOD event: A multi-robot transport team is deadlocked while forming: some members are waiting in their carrying positions but the team cannot complete and the build has stalled. Re-establish the stuck transport team(s).



[K[A[K[A[K[ASimulating...  83%|██████████████████████████████████████████        |  ETA: 0:00:36 ( 0.83  s/it)[K
   step_num: 4490[K
   n_closed: 270[K
    n_total: 313[K[A[A[A


[K[A[K[A[K[ASimulating...  83%|██████████████████████████████████████████        |  ETA: 0:00:36 ( 0.83  s/it)[K
   step_num: 4518[K
   n_closed: 270[K
    n_total: 313[K[A[A[A


[K[A[K[A[K[ASimulating...  83%|██████████████████████████████████████████        |  ETA: 0:00:36 ( 0.84  s/it)[K
   step_num: 4549[K
   n_closed: 270[K
    n_total: 313[K[A[A[A


[K[A[K[A[K[ASimulating...  83%|██████████████████████████████████████████        |  ETA: 0:00:36 ( 0.84  s/it)[K
   step_num: 4581[K
   n_closed: 270[K
    n_total: 313[K[A[A[A


[K[A[K[A[K[ASimulating...  83%|██████████████████████████████████████████        |  ETA: 0:00:36 ( 0.85  s/it)[K
   step_num: 4603[K
   n_closed: 270[K
    n_total: 313[K[A[A[A[ Info: [RESPEC] OOD event: A multi-robot transport team is deadlocked while forming: some members are waiting in their carrying positions but the team cannot complete and the build has stalled. Re-establish the stuck transport team(s).



[K[A[K[A[K[ASimulating...  83%|██████████████████████████████████████████        |  ETA: 0:00:37 ( 0.85  s/it)[K
   step_num: 4636[K
   n_closed: 270[K
    n_total: 313[K[A[A[A


[K[A[K[A[K[ASimulating...  83%|██████████████████████████████████████████        |  ETA: 0:00:37 ( 0.86  s/it)[K
   step_num: 4668[K
   n_closed: 270[K
    n_total: 313[K[A[A[A


[K[A[K[A[K[ASimulating...  83%|██████████████████████████████████████████        |  ETA: 0:00:37 ( 0.86  s/it)[K
   step_num: 4698[K
   n_closed: 270[K
    n_total: 313[K[A[A[A


[K[A[K[A[K[ASimulating...  83%|██████████████████████████████████████████        |  ETA: 0:00:37 ( 0.87  s/it)[K
   step_num: 4716[K
   n_closed: 270[K
    n_total: 313[K[A[A[A[ Info: [RESPEC] OOD event: A multi-robot transport team is deadlocked while forming: some members are waiting in their carrying positions but the team cannot complete and the build has stalled. Re-establish the stuck transport team(s).



[K[A[K[A[K[ASimulating...  83%|██████████████████████████████████████████        |  ETA: 0:00:38 ( 0.87  s/it)[K
   step_num: 4747[K
   n_closed: 270[K
    n_total: 313[K[A[A[A


[K[A[K[A[K[ASimulating...  83%|██████████████████████████████████████████        |  ETA: 0:00:38 ( 0.88  s/it)[K
   step_num: 4783[K
   n_closed: 270[K
    n_total: 313[K[A[A[A


[K[A[K[A[K[ASimulating...  83%|██████████████████████████████████████████        |  ETA: 0:00:38 ( 0.88  s/it)[K
   step_num: 4817[K
   n_closed: 270[K
    n_total: 313[K[A[A[A


[K[A[K[A[K[ASimulating...  83%|██████████████████████████████████████████        |  ETA: 0:00:38 ( 0.89  s/it)[K
   step_num: 4835[K
   n_closed: 270[K
    n_total: 313[K[A[A[A[ Info: [RESPEC] OOD event: A multi-robot transport team is deadlocked while forming: some members are waiting in their carrying positions but the team cannot complete and the build has stalled. Re-establish the stuck transport team(s).



[K[A[K[A[K[ASimulating...  83%|██████████████████████████████████████████        |  ETA: 0:00:38 ( 0.89  s/it)[K
   step_num: 4868[K
   n_closed: 270[K
    n_total: 313[K[A[A[A


[K[A[K[A[K[ASimulating...  83%|██████████████████████████████████████████        |  ETA: 0:00:39 ( 0.90  s/it)[K
   step_num: 4899[K
   n_closed: 270[K
    n_total: 313[K[A[A[A


[K[A[K[A[K[ASimulating...  83%|██████████████████████████████████████████        |  ETA: 0:00:39 ( 0.90  s/it)[K
   step_num: 4931[K
   n_closed: 270[K
    n_total: 313[K[A[A[A


[K[A[K[A[K[ASimulating...  83%|██████████████████████████████████████████        |  ETA: 0:00:39 ( 0.91  s/it)[K
   step_num: 4951[K
   n_closed: 270[K
    n_total: 313[K[A[A[A[ Info: [RESPEC] OOD event: A multi-robot transport team is deadlocked while forming: some members are waiting in their carrying positions but the team cannot complete and the build has stalled. Re-establish the stuck transport team(s).



[K[A[K[A[K[ASimulating...  83%|██████████████████████████████████████████        |  ETA: 0:00:39 ( 0.91  s/it)[K
   step_num: 4976[K
   n_closed: 270[K
    n_total: 313[K[A[A[A


[K[A[K[A[K[ASimulating...  83%|██████████████████████████████████████████        |  ETA: 0:00:39 ( 0.92  s/it)[K
   step_num: 5004[K
   n_closed: 270[K
    n_total: 313[K[A[A[A


[K[A[K[A[K[ASimulating...  83%|██████████████████████████████████████████        |  ETA: 0:00:40 ( 0.92  s/it)[K
   step_num: 5029[K
   n_closed: 270[K
    n_total: 313[K[A[A[A


[K[A[K[A[K[ASimulating...  83%|██████████████████████████████████████████        |  ETA: 0:00:40 ( 0.93  s/it)[K
   step_num: 5050[K
   n_closed: 270[K
    n_total: 313[K[A[A[A


[K[A[K[A[K[ASimulating...  83%|██████████████████████████████████████████        |  ETA: 0:00:40 ( 0.93  s/it)[K
   step_num: 5065[K
   n_closed: 270[K
    n_total: 313[K[A[A[A[ Info: [RESPEC] OOD event: A multi-robot transport team is deadlocked while forming: some members are waiting in their carrying positions but the team cannot complete and the build has stalled. Re-establish the stuck transport team(s).



[K[A[K[A[K[ASimulating...  83%|██████████████████████████████████████████        |  ETA: 0:00:40 ( 0.94  s/it)[K
   step_num: 5096[K
   n_closed: 270[K
    n_total: 313[K[A[A[A


[K[A[K[A[K[ASimulating...  83%|██████████████████████████████████████████        |  ETA: 0:00:40 ( 0.94  s/it)[K
   step_num: 5125[K
   n_closed: 270[K
    n_total: 313[K[A[A[A


[K[A[K[A[K[ASimulating...  83%|██████████████████████████████████████████        |  ETA: 0:00:41 ( 0.95  s/it)[K
   step_num: 5155[K
   n_closed: 270[K
    n_total: 313[K[A[A[A


[K[A[K[A[K[ASimulating...  83%|██████████████████████████████████████████        |  ETA: 0:00:41 ( 0.95  s/it)[K
   step_num: 5171[K
   n_closed: 270[K
    n_total: 313[K[A[A[A


[K[A[K[A[K[ASimulating...  83%|██████████████████████████████████████████        |  ETA: 0:00:41 ( 0.95  s/it)[K
   step_num: 5200[K
   n_closed: 270[K
    n_total: 313[K[A[A[A[ Info: [RESPEC] OOD event: A multi-robot transport team is deadlocked while forming: some members are waiting in their carrying positions but the team cannot complete and the build has stalled. Re-establish the stuck transport team(s).



[K[A[K[A[K[ASimulating...  83%|██████████████████████████████████████████        |  ETA: 0:00:41 ( 0.96  s/it)[K
   step_num: 5233[K
   n_closed: 270[K
    n_total: 313[K[A[A[A


[K[A[K[A[K[ASimulating...  83%|██████████████████████████████████████████        |  ETA: 0:00:41 ( 0.96  s/it)[K
   step_num: 5265[K
   n_closed: 270[K
    n_total: 313[K[A[A[A


[K[A[K[A[K[ASimulating...  83%|██████████████████████████████████████████        |  ETA: 0:00:42 ( 0.97  s/it)[K
   step_num: 5283[K
   n_closed: 270[K
    n_total: 313[K[A[A[A


[K[A[K[A[K[ASimulating...  83%|██████████████████████████████████████████        |  ETA: 0:00:42 ( 0.97  s/it)[K
   step_num: 5313[K
   n_closed: 270[K
    n_total: 313[K[A[A[A[ Info: [RESPEC] OOD event: A multi-robot transport team is deadlocked while forming: some members are waiting in their carrying positions but the team cannot complete and the build has stalled. Re-establish the stuck transport team(s).



[K[A[K[A[K[ASimulating...  83%|██████████████████████████████████████████        |  ETA: 0:00:42 ( 0.98  s/it)[K
   step_num: 5341[K
   n_closed: 270[K
    n_total: 313[K[A[A[A


[K[A[K[A[K[ASimulating...  83%|██████████████████████████████████████████        |  ETA: 0:00:42 ( 0.98  s/it)[K
   step_num: 5370[K
   n_closed: 270[K
    n_total: 313[K[A[A[A


[K[A[K[A[K[ASimulating...  83%|██████████████████████████████████████████        |  ETA: 0:00:43 ( 0.99  s/it)[K
   step_num: 5394[K
   n_closed: 270[K
    n_total: 313[K[A[A[A[ Info: [RESPEC] OOD event: A multi-robot transport team is deadlocked while forming: some members are waiting in their carrying positions but the team cannot complete and the build has stalled. Re-establish the stuck transport team(s).



[K[A[K[A[K[ASimulating...  83%|██████████████████████████████████████████        |  ETA: 0:00:43 ( 0.99  s/it)[K
   step_num: 5453[K
   n_closed: 270[K
    n_total: 313[K[A[A[A


[K[A[K[A[K[ASimulating...  83%|██████████████████████████████████████████        |  ETA: 0:00:43 ( 1.00  s/it)[K
   step_num: 5509[K
   n_closed: 270[K
    n_total: 313[K[A[A[A[ Info: [RESPEC] OOD event: A multi-robot transport team is deadlocked while forming: some members are waiting in their carrying positions but the team cannot complete and the build has stalled. Re-establish the stuck transport team(s).



[K[A[K[A[K[ASimulating...  83%|██████████████████████████████████████████        |  ETA: 0:00:43 ( 1.00  s/it)[K
   step_num: 5604[K
   n_closed: 270[K
    n_total: 313[K[A[A[A


[K[A[K[A[K[ASimulating...  83%|██████████████████████████████████████████        |  ETA: 0:00:43 ( 1.01  s/it)[K
   step_num: 5667[K
   n_closed: 270[K
    n_total: 313[K[A[A[A[ Info: [RESPEC] OOD event: A multi-robot transport team is deadlocked while forming: some members are waiting in their carrying positions but the team cannot complete and the build has stalled. Re-establish the stuck transport team(s).



[K[A[K[A[K[ASimulating...  83%|██████████████████████████████████████████        |  ETA: 0:00:44 ( 1.01  s/it)[K
   step_num: 5687[K
   n_closed: 270[K
    n_total: 313[K[A[A[A


[K[A[K[A[K[ASimulating...  83%|██████████████████████████████████████████        |  ETA: 0:00:44 ( 1.02  s/it)[K
   step_num: 5713[K
   n_closed: 270[K
    n_total: 313[K[A[A[A


[K[A[K[A[K[ASimulating...  83%|██████████████████████████████████████████        |  ETA: 0:00:44 ( 1.03  s/it)[K
   step_num: 5736[K
   n_closed: 270[K
    n_total: 313[K[A[A[A


[K[A[K[A[K[ASimulating...  83%|██████████████████████████████████████████        |  ETA: 0:00:44 ( 1.03  s/it)[K
   step_num: 5758[K
   n_closed: 270[K
    n_total: 313[K[A[A[A


[K[A[K[A[K[ASimulating...  83%|██████████████████████████████████████████        |  ETA: 0:00:44 ( 1.03  s/it)[K
   step_num: 5778[K
   n_closed: 270[K
    n_total: 313[K[A[A[A


[K[A[K[A[K[ASimulating...  83%|██████████████████████████████████████████        |  ETA: 0:00:45 ( 1.04  s/it)[K
   step_num: 5794[K
   n_closed: 270[K
    n_total: 313[K[A[A[A[ Info: [RESPEC] OOD event: A multi-robot transport team is deadlocked while forming: some members are waiting in their carrying positions but the team cannot complete and the build has stalled. Re-establish the stuck transport team(s).



[K[A[K[A[K[ASimulating...  83%|██████████████████████████████████████████        |  ETA: 0:00:45 ( 1.04  s/it)[K
   step_num: 5816[K
   n_closed: 270[K
    n_total: 313[K[A[A[A


[K[A[K[A[K[ASimulating...  83%|██████████████████████████████████████████        |  ETA: 0:00:45 ( 1.05  s/it)[K
   step_num: 5839[K
   n_closed: 270[K
    n_total: 313[K[A[A[A


[K[A[K[A[K[ASimulating...  83%|██████████████████████████████████████████        |  ETA: 0:00:45 ( 1.05  s/it)[K
   step_num: 5853[K
   n_closed: 270[K
    n_total: 313[K[A[A[A


[K[A[K[A[K[ASimulating...  83%|██████████████████████████████████████████        |  ETA: 0:00:46 ( 1.06  s/it)[K
   step_num: 5879[K
   n_closed: 270[K
    n_total: 313[K[A[A[A


[K[A[K[A[K[ASimulating...  83%|██████████████████████████████████████████        |  ETA: 0:00:46 ( 1.06  s/it)[K
   step_num: 5903[K
   n_closed: 270[K
    n_total: 313[K[A[A[A


[K[A[K[A[K[ASimulating...  83%|██████████████████████████████████████████        |  ETA: 0:00:46 ( 1.07  s/it)[K
   step_num: 5921[K
   n_closed: 270[K
    n_total: 313[K[A[A[A[ Info: [RESPEC] OOD event: A multi-robot transport team is deadlocked while forming: some members are waiting in their carrying positions but the team cannot complete and the build has stalled. Re-establish the stuck transport team(s).



[K[A[K[A[K[ASimulating...  83%|██████████████████████████████████████████        |  ETA: 0:00:46 ( 1.07  s/it)[K
   step_num: 5947[K
   n_closed: 270[K
    n_total: 313[K[A[A[A


[K[A[K[A[K[ASimulating...  83%|██████████████████████████████████████████        |  ETA: 0:00:46 ( 1.08  s/it)[K
   step_num: 5963[K
   n_closed: 270[K
    n_total: 313[K[A[A[A


[K[A[K[A[K[ASimulating...  83%|██████████████████████████████████████████        |  ETA: 0:00:47 ( 1.08  s/it)[K
   step_num: 5988[K
   n_closed: 270[K
    n_total: 313[K[A[A[A


[K[A[K[A[K[ASimulating...  83%|██████████████████████████████████████████        |  ETA: 0:00:47 ( 1.09  s/it)[K
   step_num: 6012[K
   n_closed: 270[K
    n_total: 313[K[A[A[A


[K[A[K[A[K[ASimulating...  83%|██████████████████████████████████████████        |  ETA: 0:00:47 ( 1.09  s/it)[K
   step_num: 6036[K
   n_closed: 270[K
    n_total: 313[K[A[A[A[ Info: [RESPEC] OOD event: A multi-robot transport team is deadlocked while forming: some members are waiting in their carrying positions but the team cannot complete and the build has stalled. Re-establish the stuck transport team(s).



[K[A[K[A[K[ASimulating...  83%|██████████████████████████████████████████        |  ETA: 0:00:47 ( 1.10  s/it)[K
   step_num: 6061[K
   n_closed: 270[K
    n_total: 313[K[A[A[A


[K[A[K[A[K[ASimulating...  83%|██████████████████████████████████████████        |  ETA: 0:00:47 ( 1.10  s/it)[K
   step_num: 6076[K
   n_closed: 270[K
    n_total: 313[K[A[A[A


[K[A[K[A[K[ASimulating...  83%|██████████████████████████████████████████        |  ETA: 0:00:48 ( 1.11  s/it)[K
   step_num: 6102[K
   n_closed: 270[K
    n_total: 313[K[A[A[A


[K[A[K[A[K[ASimulating...  83%|██████████████████████████████████████████        |  ETA: 0:00:48 ( 1.11  s/it)[K
   step_num: 6126[K
   n_closed: 270[K
    n_total: 313[K[A[A[A


[K[A[K[A[K[ASimulating...  83%|██████████████████████████████████████████        |  ETA: 0:00:48 ( 1.12  s/it)[K
   step_num: 6152[K
   n_closed: 270[K
    n_total: 313[K[A[A[A[ Info: [RESPEC] OOD event: A multi-robot transport team is deadlocked while forming: some members are waiting in their carrying positions but the team cannot complete and the build has stalled. Re-establish the stuck transport team(s).



[K[A[K[A[K[ASimulating...  83%|██████████████████████████████████████████        |  ETA: 0:00:48 ( 1.12  s/it)[K
   step_num: 6178[K
   n_closed: 270[K
    n_total: 313[K[A[A[A


[K[A[K[A[K[ASimulating...  83%|██████████████████████████████████████████        |  ETA: 0:00:49 ( 1.13  s/it)[K
   step_num: 6190[K
   n_closed: 270[K
    n_total: 313[K[A[A[A


[K[A[K[A[K[ASimulating...  83%|██████████████████████████████████████████        |  ETA: 0:00:49 ( 1.13  s/it)[K
   step_num: 6216[K
   n_closed: 270[K
    n_total: 313[K[A[A[A


[K[A[K[A[K[ASimulating...  83%|██████████████████████████████████████████        |  ETA: 0:00:49 ( 1.14  s/it)[K
   step_num: 6243[K
   n_closed: 270[K
    n_total: 313[K[A[A[A


[K[A[K[A[K[ASimulating...  83%|██████████████████████████████████████████        |  ETA: 0:00:49 ( 1.14  s/it)[K
   step_num: 6270[K
   n_closed: 270[K
    n_total: 313[K[A[A[A[ Info: [RESPEC] OOD event: A multi-robot transport team is deadlocked while forming: some members are waiting in their carrying positions but the team cannot complete and the build has stalled. Re-establish the stuck transport team(s).



[K[A[K[A[K[ASimulating...  83%|██████████████████████████████████████████        |  ETA: 0:00:49 ( 1.15  s/it)[K
   step_num: 6293[K
   n_closed: 270[K
    n_total: 313[K[A[A[A


[K[A[K[A[K[ASimulating...  83%|██████████████████████████████████████████        |  ETA: 0:00:50 ( 1.15  s/it)[K
   step_num: 6307[K
   n_closed: 270[K
    n_total: 313[K[A[A[A


[K[A[K[A[K[ASimulating...  83%|██████████████████████████████████████████        |  ETA: 0:00:50 ( 1.16  s/it)[K
   step_num: 6335[K
   n_closed: 270[K
    n_total: 313[K[A[A[A


[K[A[K[A[K[ASimulating...  83%|██████████████████████████████████████████        |  ETA: 0:00:50 ( 1.16  s/it)[K
   step_num: 6363[K
   n_closed: 270[K
    n_total: 313[K[A[A[A


[K[A[K[A[K[ASimulating...  83%|██████████████████████████████████████████        |  ETA: 0:00:50 ( 1.17  s/it)[K
   step_num: 6390[K
   n_closed: 270[K
    n_total: 313[K[A[A[A[ Info: [RESPEC] OOD event: A multi-robot transport team is deadlocked while forming: some members are waiting in their carrying positions but the team cannot complete and the build has stalled. Re-establish the stuck transport team(s).



[K[A[K[A[K[ASimulating...  83%|██████████████████████████████████████████        |  ETA: 0:00:50 ( 1.17  s/it)[K
   step_num: 6415[K
   n_closed: 270[K
    n_total: 313[K[A[A[A


[K[A[K[A[K[ASimulating...  83%|██████████████████████████████████████████        |  ETA: 0:00:51 ( 1.18  s/it)[K
   step_num: 6429[K
   n_closed: 270[K
    n_total: 313[K[A[A[A


[K[A[K[A[K[ASimulating...  83%|██████████████████████████████████████████        |  ETA: 0:00:51 ( 1.18  s/it)[K
   step_num: 6449[K
   n_closed: 270[K
    n_total: 313[K[A[A[A


[K[A[K[A[K[ASimulating...  83%|██████████████████████████████████████████        |  ETA: 0:00:51 ( 1.19  s/it)[K
   step_num: 6473[K
   n_closed: 270[K
    n_total: 313[K[A[A[A


[K[A[K[A[K[ASimulating...  83%|██████████████████████████████████████████        |  ETA: 0:00:51 ( 1.19  s/it)[K
   step_num: 6493[K
   n_closed: 270[K
    n_total: 313[K[A[A[A


[K[A[K[A[K[ASimulating...  83%|██████████████████████████████████████████        |  ETA: 0:00:51 ( 1.20  s/it)[K
   step_num: 6517[K
   n_closed: 270[K
    n_total: 313[K[A[A[A[ Info: [RESPEC] OOD event: A multi-robot transport team is deadlocked while forming: some members are waiting in their carrying positions but the team cannot complete and the build has stalled. Re-establish the stuck transport team(s).



[K[A[K[A[K[ASimulating...  83%|██████████████████████████████████████████        |  ETA: 0:00:52 ( 1.20  s/it)[K
   step_num: 6533[K
   n_closed: 270[K
    n_total: 313[K[A[A[A


[K[A[K[A[K[ASimulating...  83%|██████████████████████████████████████████        |  ETA: 0:00:52 ( 1.21  s/it)[K
   step_num: 6553[K
   n_closed: 270[K
    n_total: 313[K[A[A[A


[K[A[K[A[K[ASimulating...  83%|██████████████████████████████████████████        |  ETA: 0:00:52 ( 1.21  s/it)[K
   step_num: 6567[K
   n_closed: 270[K
    n_total: 313[K[A[A[A


[K[A[K[A[K[ASimulating...  83%|██████████████████████████████████████████        |  ETA: 0:00:52 ( 1.22  s/it)[K
   step_num: 6581[K
   n_closed: 270[K
    n_total: 313[K[A[A[A


[K[A[K[A[K[ASimulating...  83%|██████████████████████████████████████████        |  ETA: 0:00:52 ( 1.22  s/it)[K
   step_num: 6596[K
   n_closed: 270[K
    n_total: 313[K[A[A[A


[K[A[K[A[K[ASimulating...  83%|██████████████████████████████████████████        |  ETA: 0:00:53 ( 1.23  s/it)[K
   step_num: 6615[K
   n_closed: 270[K
    n_total: 313[K[A[A[A


[K[A[K[A[K[ASimulating...  83%|██████████████████████████████████████████        |  ETA: 0:00:53 ( 1.23  s/it)[K
   step_num: 6634[K
   n_closed: 270[K
    n_total: 313[K[A[A[A


[K[A[K[A[K[ASimulating...  83%|██████████████████████████████████████████        |  ETA: 0:00:53 ( 1.24  s/it)[K
   step_num: 6643[K
   n_closed: 270[K
    n_total: 313[K[A[A[A[ Info: [RESPEC] OOD event: A multi-robot transport team is deadlocked while forming: some members are waiting in their carrying positions but the team cannot complete and the build has stalled. Re-establish the stuck transport team(s).



[K[A[K[A[K[ASimulating...  83%|██████████████████████████████████████████        |  ETA: 0:00:53 ( 1.24  s/it)[K
   step_num: 6668[K
   n_closed: 270[K
    n_total: 313[K[A[A[A


[K[A[K[A[K[ASimulating...  83%|██████████████████████████████████████████        |  ETA: 0:00:54 ( 1.25  s/it)[K
   step_num: 6697[K
   n_closed: 270[K
    n_total: 313[K[A[A[A


[K[A[K[A[K[ASimulating...  83%|██████████████████████████████████████████        |  ETA: 0:00:54 ( 1.25  s/it)[K
   step_num: 6726[K
   n_closed: 270[K
    n_total: 313[K[A[A[A


[K[A[K[A[K[ASimulating...  83%|██████████████████████████████████████████        |  ETA: 0:00:54 ( 1.26  s/it)[K
   step_num: 6752[K
   n_closed: 270[K
    n_total: 313[K[A[A[A[ Info: [RESPEC] OOD event: A multi-robot transport team is deadlocked while forming: some members are waiting in their carrying positions but the team cannot complete and the build has stalled. Re-establish the stuck transport team(s).



[K[A[K[A[K[ASimulating...  83%|██████████████████████████████████████████        |  ETA: 0:00:54 ( 1.26  s/it)[K
   step_num: 6769[K
   n_closed: 270[K
    n_total: 313[K[A[A[A


[K[A[K[A[K[ASimulating...  83%|██████████████████████████████████████████        |  ETA: 0:00:54 ( 1.27  s/it)[K
   step_num: 6799[K
   n_closed: 270[K
    n_total: 313[K[A[A[A


[K[A[K[A[K[ASimulating...  83%|██████████████████████████████████████████        |  ETA: 0:00:55 ( 1.27  s/it)[K
   step_num: 6828[K
   n_closed: 270[K
    n_total: 313[K[A[A[A


[K[A[K[A[K[ASimulating...  83%|██████████████████████████████████████████        |  ETA: 0:00:55 ( 1.28  s/it)[K
   step_num: 6853[K
   n_closed: 270[K
    n_total: 313[K[A[A[A


[K[A[K[A[K[ASimulating...  83%|██████████████████████████████████████████        |  ETA: 0:00:55 ( 1.28  s/it)[K
   step_num: 6869[K
   n_closed: 270[K
    n_total: 313[K[A[A[A[ Info: [RESPEC] OOD event: A multi-robot transport team is deadlocked while forming: some members are waiting in their carrying positions but the team cannot complete and the build has stalled. Re-establish the stuck transport team(s).



[K[A[K[A[K[ASimulating...  83%|██████████████████████████████████████████        |  ETA: 0:00:55 ( 1.29  s/it)[K
   step_num: 6886[K
   n_closed: 270[K
    n_total: 313[K[A[A[A


[K[A[K[A[K[ASimulating...  83%|██████████████████████████████████████████        |  ETA: 0:00:56 ( 1.29  s/it)[K
   step_num: 6900[K
   n_closed: 270[K
    n_total: 313[K[A[A[A


[K[A[K[A[K[ASimulating...  83%|██████████████████████████████████████████        |  ETA: 0:00:56 ( 1.30  s/it)[K
   step_num: 6926[K
   n_closed: 270[K
    n_total: 313[K[A[A[A


[K[A[K[A[K[ASimulating...  83%|██████████████████████████████████████████        |  ETA: 0:00:56 ( 1.30  s/it)[K
   step_num: 6947[K
   n_closed: 270[K
    n_total: 313[K[A[A[A


[K[A[K[A[K[ASimulating...  83%|██████████████████████████████████████████        |  ETA: 0:00:56 ( 1.31  s/it)[K
   step_num: 6974[K
   n_closed: 270[K
    n_total: 313[K[A[A[A


[K[A[K[A[K[ASimulating...  83%|██████████████████████████████████████████        |  ETA: 0:00:56 ( 1.31  s/it)[K
   step_num: 6989[K
   n_closed: 270[K
    n_total: 313[K[A[A[A[ Info: [RESPEC] OOD event: A multi-robot transport team is deadlocked while forming: some members are waiting in their carrying positions but the team cannot complete and the build has stalled. Re-establish the stuck transport team(s).



[K[A[K[A[K[ASimulating...  83%|██████████████████████████████████████████        |  ETA: 0:00:57 ( 1.32  s/it)[K
   step_num: 7015[K
   n_closed: 270[K
    n_total: 313[K[A[A[A


[K[A[K[A[K[ASimulating...  83%|██████████████████████████████████████████        |  ETA: 0:00:57 ( 1.32  s/it)[K
   step_num: 7041[K
   n_closed: 270[K
    n_total: 313[K[A[A[A


[K[A[K[A[K[ASimulating...  83%|██████████████████████████████████████████        |  ETA: 0:00:57 ( 1.33  s/it)[K
   step_num: 7069[K
   n_closed: 270[K
    n_total: 313[K[A[A[A


[K[A[K[A[K[ASimulating...  83%|██████████████████████████████████████████        |  ETA: 0:00:57 ( 1.33  s/it)[K
   step_num: 7094[K
   n_closed: 270[K
    n_total: 313[K[A[A[A


[K[A[K[A[K[ASimulating...  83%|██████████████████████████████████████████        |  ETA: 0:00:57 ( 1.33  s/it)[K
   step_num: 7101[K
   n_closed: 270[K
    n_total: 313[K[A[A[A[ Info: [RESPEC] OOD event: A multi-robot transport team is deadlocked while forming: some members are waiting in their carrying positions but the team cannot complete and the build has stalled. Re-establish the stuck transport team(s).



[K[A[K[A[K[ASimulating...  83%|██████████████████████████████████████████        |  ETA: 0:00:58 ( 1.34  s/it)[K
   step_num: 7130[K
   n_closed: 270[K
    n_total: 313[K[A[A[A


[K[A[K[A[K[ASimulating...  83%|██████████████████████████████████████████        |  ETA: 0:00:58 ( 1.34  s/it)[K
   step_num: 7154[K
   n_closed: 270[K
    n_total: 313[K[A[A[A


[K[A[K[A[K[ASimulating...  83%|██████████████████████████████████████████        |  ETA: 0:00:58 ( 1.35  s/it)[K
   step_num: 7177[K
   n_closed: 270[K
    n_total: 313[K[A[A[A


[K[A[K[A[K[ASimulating...  83%|██████████████████████████████████████████        |  ETA: 0:00:58 ( 1.35  s/it)[K
   step_num: 7204[K
   n_closed: 270[K
    n_total: 313[K[A[A[A


[K[A[K[A[K[ASimulating...  83%|██████████████████████████████████████████        |  ETA: 0:00:58 ( 1.36  s/it)[K
   step_num: 7217[K
   n_closed: 270[K
    n_total: 313[K[A[A[A[ Info: [RESPEC] OOD event: A multi-robot transport team is deadlocked while forming: some members are waiting in their carrying positions but the team cannot complete and the build has stalled. Re-establish the stuck transport team(s).



[K[A[K[A[K[ASimulating...  83%|██████████████████████████████████████████        |  ETA: 0:00:59 ( 1.36  s/it)[K
   step_num: 7246[K
   n_closed: 270[K
    n_total: 313[K[A[A[A


[K[A[K[A[K[ASimulating...  83%|██████████████████████████████████████████        |  ETA: 0:00:59 ( 1.37  s/it)[K
   step_num: 7271[K
   n_closed: 270[K
    n_total: 313[K[A[A[A


[K[A[K[A[K[ASimulating...  83%|██████████████████████████████████████████        |  ETA: 0:00:59 ( 1.37  s/it)[K
   step_num: 7302[K
   n_closed: 270[K
    n_total: 313[K[A[A[A


[K[A[K[A[K[ASimulating...  83%|██████████████████████████████████████████        |  ETA: 0:00:59 ( 1.38  s/it)[K
   step_num: 7323[K
   n_closed: 270[K
    n_total: 313[K[A[A[A


[K[A[K[A[K[ASimulating...  83%|██████████████████████████████████████████        |  ETA: 0:01:00 ( 1.38  s/it)[K
   step_num: 7350[K
   n_closed: 270[K
    n_total: 313[K[A[A[A[ Info: [RESPEC] OOD event: A multi-robot transport team is deadlocked while forming: some members are waiting in their carrying positions but the team cannot complete and the build has stalled. Re-establish the stuck transport team(s).



[K[A[K[A[K[ASimulating...  83%|██████████████████████████████████████████        |  ETA: 0:01:00 ( 1.39  s/it)[K
   step_num: 7381[K
   n_closed: 270[K
    n_total: 313[K[A[A[A


[K[A[K[A[K[ASimulating...  83%|██████████████████████████████████████████        |  ETA: 0:01:00 ( 1.39  s/it)[K
   step_num: 7414[K
   n_closed: 270[K
    n_total: 313[K[A[A[A


[K[A[K[A[K[ASimulating...  83%|██████████████████████████████████████████        |  ETA: 0:01:00 ( 1.40  s/it)[K
   step_num: 7436[K
   n_closed: 270[K
    n_total: 313[K[A[A[A


[K[A[K[A[K[ASimulating...  83%|██████████████████████████████████████████        |  ETA: 0:01:00 ( 1.40  s/it)[K
   step_num: 7461[K
   n_closed: 270[K
    n_total: 313[K[A[A[A[ Info: [RESPEC] OOD event: A multi-robot transport team is deadlocked while forming: some members are waiting in their carrying positions but the team cannot complete and the build has stalled. Re-establish the stuck transport team(s).



[K[A[K[A[K[ASimulating...  83%|██████████████████████████████████████████        |  ETA: 0:01:01 ( 1.41  s/it)[K
   step_num: 7489[K
   n_closed: 270[K
    n_total: 313[K[A[A[A


[K[A[K[A[K[ASimulating...  83%|██████████████████████████████████████████        |  ETA: 0:01:01 ( 1.41  s/it)[K
   step_num: 7516[K
   n_closed: 270[K
    n_total: 313[K[A[A[A


[K[A[K[A[K[ASimulating...  83%|██████████████████████████████████████████        |  ETA: 0:01:01 ( 1.42  s/it)[K
   step_num: 7542[K
   n_closed: 270[K
    n_total: 313[K[A[A[A


[K[A[K[A[K[ASimulating...  83%|██████████████████████████████████████████        |  ETA: 0:01:01 ( 1.42  s/it)[K
   step_num: 7562[K
   n_closed: 270[K
    n_total: 313[K[A[A[A


[K[A[K[A[K[ASimulating...  83%|██████████████████████████████████████████        |  ETA: 0:01:01 ( 1.43  s/it)[K
   step_num: 7593[K
   n_closed: 270[K
    n_total: 313[K[A[A[A[ Info: [RESPEC] OOD event: A multi-robot transport team is deadlocked while forming: some members are waiting in their carrying positions but the team cannot complete and the build has stalled. Re-establish the stuck transport team(s).



[K[A[K[A[K[ASimulating...  83%|██████████████████████████████████████████        |  ETA: 0:01:02 ( 1.43  s/it)[K
   step_num: 7620[K
   n_closed: 270[K
    n_total: 313[K[A[A[A


[K[A[K[A[K[ASimulating...  83%|██████████████████████████████████████████        |  ETA: 0:01:02 ( 1.44  s/it)[K
   step_num: 7651[K
   n_closed: 270[K
    n_total: 313[K[A[A[A


[K[A[K[A[K[ASimulating...  83%|██████████████████████████████████████████        |  ETA: 0:01:02 ( 1.44  s/it)[K
   step_num: 7668[K
   n_closed: 270[K
    n_total: 313[K[A[A[A


[K[A[K[A[K[ASimulating...  83%|██████████████████████████████████████████        |  ETA: 0:01:02 ( 1.45  s/it)[K
   step_num: 7702[K
   n_closed: 270[K
    n_total: 313[K[A[A[A[ Info: [RESPEC] OOD event: A multi-robot transport team is deadlocked while forming: some members are waiting in their carrying positions but the team cannot complete and the build has stalled. Re-establish the stuck transport team(s).



[K[A[K[A[K[ASimulating...  83%|██████████████████████████████████████████        |  ETA: 0:01:02 ( 1.45  s/it)[K
   step_num: 7735[K
   n_closed: 270[K
    n_total: 313[K[A[A[A


[K[A[K[A[K[ASimulating...  83%|██████████████████████████████████████████        |  ETA: 0:01:03 ( 1.46  s/it)[K
   step_num: 7764[K
   n_closed: 270[K
    n_total: 313[K[A[A[A


[K[A[K[A[K[ASimulating...  83%|██████████████████████████████████████████        |  ETA: 0:01:03 ( 1.46  s/it)[K
   step_num: 7783[K
   n_closed: 270[K
    n_total: 313[K[A[A[A


[K[A[K[A[K[ASimulating...  83%|██████████████████████████████████████████        |  ETA: 0:01:03 ( 1.47  s/it)[K
   step_num: 7813[K
   n_closed: 270[K
    n_total: 313[K[A[A[A[ Info: [RESPEC] OOD event: A multi-robot transport team is deadlocked while forming: some members are waiting in their carrying positions but the team cannot complete and the build has stalled. Re-establish the stuck transport team(s).



[K[A[K[A[K[ASimulating...  83%|██████████████████████████████████████████        |  ETA: 0:01:03 ( 1.47  s/it)[K
   step_num: 7846[K
   n_closed: 270[K
    n_total: 313[K[A[A[A


[K[A[K[A[K[ASimulating...  83%|██████████████████████████████████████████        |  ETA: 0:01:04 ( 1.48  s/it)[K
   step_num: 7879[K
   n_closed: 270[K
    n_total: 313[K[A[A[A


[K[A[K[A[K[ASimulating...  83%|██████████████████████████████████████████        |  ETA: 0:01:04 ( 1.48  s/it)[K
   step_num: 7893[K
   n_closed: 270[K
    n_total: 313[K[A[A[A


[K[A[K[A[K[ASimulating...  83%|██████████████████████████████████████████        |  ETA: 0:01:04 ( 1.49  s/it)[K
   step_num: 7924[K
   n_closed: 270[K
    n_total: 313[K[A[A[A


[K[A[K[A[K[ASimulating...  83%|██████████████████████████████████████████        |  ETA: 0:01:04 ( 1.49  s/it)[K
   step_num: 7952[K
   n_closed: 270[K
    n_total: 313[K[A[A[A[ Info: [RESPEC] OOD event: A multi-robot transport team is deadlocked while forming: some members are waiting in their carrying positions but the team cannot complete and the build has stalled. Re-establish the stuck transport team(s).



[K[A[K[A[K[ASimulating...  83%|██████████████████████████████████████████        |  ETA: 0:01:04 ( 1.50  s/it)[K
   step_num: 7982[K
   n_closed: 270[K
    n_total: 313[K[A[A[A


[K[A[K[A[K[ASimulating...  83%|██████████████████████████████████████████        |  ETA: 0:01:05 ( 1.50  s/it)[K
   step_num: 8003[K
   n_closed: 270[K
    n_total: 313[K[A[A[A


[K[A[K[A[K[ASimulating...  83%|██████████████████████████████████████████        |  ETA: 0:01:05 ( 1.51  s/it)[K
   step_num: 8030[K
   n_closed: 270[K
    n_total: 313[K[A[A[A


[K[A[K[A[K[ASimulating...  83%|██████████████████████████████████████████        |  ETA: 0:01:05 ( 1.51  s/it)[K
   step_num: 8063[K
   n_closed: 270[K
    n_total: 313[K[A[A[A[ Info: [RESPEC] OOD event: A multi-robot transport team is deadlocked while forming: some members are waiting in their carrying positions but the team cannot complete and the build has stalled. Re-establish the stuck transport team(s).



[K[A[K[A[K[ASimulating...  83%|██████████████████████████████████████████        |  ETA: 0:01:05 ( 1.52  s/it)[K
   step_num: 8096[K
   n_closed: 270[K
    n_total: 313[K[A[A[A


[K[A[K[A[K[ASimulating...  83%|██████████████████████████████████████████        |  ETA: 0:01:05 ( 1.52  s/it)[K
   step_num: 8116[K
   n_closed: 270[K
    n_total: 313[K[A[A[A


[K[A[K[A[K[ASimulating...  83%|██████████████████████████████████████████        |  ETA: 0:01:06 ( 1.53  s/it)[K
   step_num: 8147[K
   n_closed: 270[K
    n_total: 313[K[A[A[A


[K[A[K[A[K[ASimulating...  83%|██████████████████████████████████████████        |  ETA: 0:01:06 ( 1.53  s/it)[K
   step_num: 8177[K
   n_closed: 270[K
    n_total: 313[K[A[A[A[ Info: [RESPEC] OOD event: A multi-robot transport team is deadlocked while forming: some members are waiting in their carrying positions but the team cannot complete and the build has stalled. Re-establish the stuck transport team(s).



[K[A[K[A[K[ASimulating...  83%|██████████████████████████████████████████        |  ETA: 0:01:06 ( 1.54  s/it)[K
   step_num: 8208[K
   n_closed: 270[K
    n_total: 313[K[A[A[A


[K[A[K[A[K[ASimulating...  83%|██████████████████████████████████████████        |  ETA: 0:01:06 ( 1.54  s/it)[K
   step_num: 8229[K
   n_closed: 270[K
    n_total: 313[K[A[A[A


[K[A[K[A[K[ASimulating...  83%|██████████████████████████████████████████        |  ETA: 0:01:06 ( 1.55  s/it)[K
   step_num: 8263[K
   n_closed: 270[K
    n_total: 313[K[A[A[A


[K[A[K[A[K[ASimulating...  83%|██████████████████████████████████████████        |  ETA: 0:01:07 ( 1.55  s/it)[K
   step_num: 8294[K
   n_closed: 270[K
    n_total: 313[K[A[A[A[ Info: [RESPEC] OOD event: A multi-robot transport team is deadlocked while forming: some members are waiting in their carrying positions but the team cannot complete and the build has stalled. Re-establish the stuck transport team(s).



[K[A[K[A[K[ASimulating...  83%|██████████████████████████████████████████        |  ETA: 0:01:07 ( 1.56  s/it)[K
   step_num: 8326[K
   n_closed: 270[K
    n_total: 313[K[A[A[A


[K[A[K[A[K[ASimulating...  83%|██████████████████████████████████████████        |  ETA: 0:01:07 ( 1.56  s/it)[K
   step_num: 8343[K
   n_closed: 270[K
    n_total: 313[K[A[A[A


[K[A[K[A[K[ASimulating...  83%|██████████████████████████████████████████        |  ETA: 0:01:07 ( 1.57  s/it)[K
   step_num: 8376[K
   n_closed: 270[K
    n_total: 313[K[A[A[A


[K[A[K[A[K[ASimulating...  83%|██████████████████████████████████████████        |  ETA: 0:01:08 ( 1.57  s/it)[K
   step_num: 8410[K
   n_closed: 270[K
    n_total: 313[K[A[A[A


[K[A[K[A[K[ASimulating...  83%|██████████████████████████████████████████        |  ETA: 0:01:08 ( 1.58  s/it)[K
   step_num: 8439[K
   n_closed: 270[K
    n_total: 313[K[A[A[A[ Info: [RESPEC] OOD event: A multi-robot transport team is deadlocked while forming: some members are waiting in their carrying positions but the team cannot complete and the build has stalled. Re-establish the stuck transport team(s).



[K[A[K[A[K[ASimulating...  83%|██████████████████████████████████████████        |  ETA: 0:01:08 ( 1.58  s/it)[K
   step_num: 8456[K
   n_closed: 270[K
    n_total: 313[K[A[A[A


[K[A[K[A[K[ASimulating...  83%|██████████████████████████████████████████        |  ETA: 0:01:08 ( 1.59  s/it)[K
   step_num: 8487[K
   n_closed: 270[K
    n_total: 313[K[A[A[A


[K[A[K[A[K[ASimulating...  83%|██████████████████████████████████████████        |  ETA: 0:01:08 ( 1.59  s/it)[K
   step_num: 8514[K
   n_closed: 270[K
    n_total: 313[K[A[A[A


[K[A[K[A[K[ASimulating...  83%|██████████████████████████████████████████        |  ETA: 0:01:09 ( 1.59  s/it)[K
   step_num: 8546[K
   n_closed: 270[K
    n_total: 313[K[A[A[A[ Info: [RESPEC] OOD event: A multi-robot transport team is deadlocked while forming: some members are waiting in their carrying positions but the team cannot complete and the build has stalled. Re-establish the stuck transport team(s).



[K[A[K[A[K[ASimulating...  83%|██████████████████████████████████████████        |  ETA: 0:01:09 ( 1.60  s/it)[K
   step_num: 8569[K
   n_closed: 270[K
    n_total: 313[K[A[A[A


[K[A[K[A[K[ASimulating...  83%|██████████████████████████████████████████        |  ETA: 0:01:09 ( 1.61  s/it)[K
   step_num: 8603[K
   n_closed: 270[K
    n_total: 313[K[A[A[A


[K[A[K[A[K[ASimulating...  83%|██████████████████████████████████████████        |  ETA: 0:01:09 ( 1.61  s/it)[K
   step_num: 8638[K
   n_closed: 270[K
    n_total: 313[K[A[A[A


[K[A[K[A[K[ASimulating...  83%|██████████████████████████████████████████        |  ETA: 0:01:09 ( 1.62  s/it)[K
   step_num: 8668[K
   n_closed: 270[K
    n_total: 313[K[A[A[A[ Info: [RESPEC] OOD event: A multi-robot transport team is deadlocked while forming: some members are waiting in their carrying positions but the team cannot complete and the build has stalled. Re-establish the stuck transport team(s).



[K[A[K[A[K[ASimulating...  83%|██████████████████████████████████████████        |  ETA: 0:01:10 ( 1.62  s/it)[K
   step_num: 8690[K
   n_closed: 270[K
    n_total: 313[K[A[A[A


[K[A[K[A[K[ASimulating...  83%|██████████████████████████████████████████        |  ETA: 0:01:10 ( 1.62  s/it)[K
   step_num: 8724[K
   n_closed: 270[K
    n_total: 313[K[A[A[A


[K[A[K[A[K[ASimulating...  83%|██████████████████████████████████████████        |  ETA: 0:01:10 ( 1.63  s/it)[K
   step_num: 8753[K
   n_closed: 270[K
    n_total: 313[K[A[A[A


[K[A[K[A[K[ASimulating...  83%|██████████████████████████████████████████        |  ETA: 0:01:10 ( 1.63  s/it)[K
   step_num: 8783[K
   n_closed: 270[K
    n_total: 313[K[A[A[A


[K[A[K[A[K[ASimulating...  83%|██████████████████████████████████████████        |  ETA: 0:01:10 ( 1.64  s/it)[K
   step_num: 8799[K
   n_closed: 270[K
    n_total: 313[K[A[A[A[ Info: [RESPEC] OOD event: A multi-robot transport team is deadlocked while forming: some members are waiting in their carrying positions but the team cannot complete and the build has stalled. Re-establish the stuck transport team(s).



[K[A[K[A[K[ASimulating...  83%|██████████████████████████████████████████        |  ETA: 0:01:11 ( 1.64  s/it)[K
   step_num: 8832[K
   n_closed: 270[K
    n_total: 313[K[A[A[A


[K[A[K[A[K[ASimulating...  83%|██████████████████████████████████████████        |  ETA: 0:01:11 ( 1.65  s/it)[K
   step_num: 8867[K
   n_closed: 270[K
    n_total: 313[K[A[A[A


[K[A[K[A[K[ASimulating...  83%|██████████████████████████████████████████        |  ETA: 0:01:11 ( 1.65  s/it)[K
   step_num: 8900[K
   n_closed: 270[K
    n_total: 313[K[A[A[A


[K[A[K[A[K[ASimulating...  83%|██████████████████████████████████████████        |  ETA: 0:01:11 ( 1.66  s/it)[K
   step_num: 8922[K
   n_closed: 270[K
    n_total: 313[K[A[A[A[ Info: [RESPEC] OOD event: A multi-robot transport team is deadlocked while forming: some members are waiting in their carrying positions but the team cannot complete and the build has stalled. Re-establish the stuck transport team(s).



[K[A[K[A[K[ASimulating...  83%|██████████████████████████████████████████        |  ETA: 0:01:12 ( 1.66  s/it)[K
   step_num: 8956[K
   n_closed: 270[K
    n_total: 313[K[A[A[A


[K[A[K[A[K[ASimulating...  83%|██████████████████████████████████████████        |  ETA: 0:01:12 ( 1.67  s/it)[K
   step_num: 8989[K
   n_closed: 270[K
    n_total: 313[K[A[A[A


[K[A[K[A[K[ASimulating...  83%|██████████████████████████████████████████        |  ETA: 0:01:12 ( 1.67  s/it)[K
   step_num: 9021[K
   n_closed: 270[K
    n_total: 313[K[A[A[A


[K[A[K[A[K[ASimulating...  83%|██████████████████████████████████████████        |  ETA: 0:01:12 ( 1.68  s/it)[K
   step_num: 9044[K
   n_closed: 270[K
    n_total: 313[K[A[A[A[ Info: [RESPEC] OOD event: A multi-robot transport team is deadlocked while forming: some members are waiting in their carrying positions but the team cannot complete and the build has stalled. Re-establish the stuck transport team(s).



[K[A[K[A[K[ASimulating...  83%|██████████████████████████████████████████        |  ETA: 0:01:12 ( 1.68  s/it)[K
   step_num: 9077[K
   n_closed: 270[K
    n_total: 313[K[A[A[A


[K[A[K[A[K[ASimulating...  83%|██████████████████████████████████████████        |  ETA: 0:01:13 ( 1.69  s/it)[K
   step_num: 9107[K
   n_closed: 270[K
    n_total: 313[K[A[A[A


[K[A[K[A[K[ASimulating...  83%|██████████████████████████████████████████        |  ETA: 0:01:13 ( 1.69  s/it)[K
   step_num: 9136[K
   n_closed: 270[K
    n_total: 313[K[A[A[A


[K[A[K[A[K[ASimulating...  83%|██████████████████████████████████████████        |  ETA: 0:01:13 ( 1.70  s/it)[K
   step_num: 9164[K
   n_closed: 270[K
    n_total: 313[K[A[A[A[ Info: [RESPEC] OOD event: A multi-robot transport team is deadlocked while forming: some members are waiting in their carrying positions but the team cannot complete and the build has stalled. Re-establish the stuck transport team(s).



[K[A[K[A[K[ASimulating...  83%|██████████████████████████████████████████        |  ETA: 0:01:13 ( 1.70  s/it)[K
   step_num: 9199[K
   n_closed: 270[K
    n_total: 313[K[A[A[A


[K[A[K[A[K[ASimulating...  83%|██████████████████████████████████████████        |  ETA: 0:01:13 ( 1.71  s/it)[K
   step_num: 9234[K
   n_closed: 270[K
    n_total: 313[K[A[A[A┌ Warning: No progress for 8000 iterations. Terminating.
└ @ ConstructionBots C:\Users\chahj\PythonCodes\venv\ConstructionBots.jl\src\demo_utils.jl:213



[K[A[K[A[K[ASimulating... 100%|██████████████████████████████████████████████████| Time: 0:06:02 ( 1.42  s/it)[K
