Processing file...   3%|██                                                |  ETA: 0:00:29 ( 0.48  s/it)[KProcessing file... 100%|██████████████████████████████████████████████████| Time: 0:00:02 (38.97 ms/it)[K
Processing file...   8%|█████                                             |  ETA: 0:00:02 (47.67 ms/it)[KProcessing file...  62%|████████████████████████████████                  |  ETA: 0:00:00 (14.35 ms/it)[KProcessing file... 100%|██████████████████████████████████████████████████| Time: 0:00:00 ( 9.00 ms/it)[K
Processing file...  31%|████████████████                                  |  ETA: 0:00:00 (11.87 ms/it)[KProcessing file... 100%|██████████████████████████████████████████████████| Time: 0:00:00 ( 3.73 ms/it)[K
Processing file...  50%|██████████████████████████                        |  ETA: 0:00:00 ( 4.54 ms/it)[KProcessing file... 100%|██████████████████████████████████████████████████| Time: 0:00:00 ( 2.28 ms/it)[K
Processing file...  38%|███████████████████                               |  ETA: 0:00:00 ( 5.25 ms/it)[KProcessing file... 100%|██████████████████████████████████████████████████| Time: 0:00:00 ( 1.99 ms/it)[K
Processing file...  77%|███████████████████████████████████████           |  ETA: 0:00:00 ( 1.45 ms/it)[KProcessing file...  85%|███████████████████████████████████████████       |  ETA: 0:00:00 ( 2.77 ms/it)[KProcessing file... 100%|██████████████████████████████████████████████████| Time: 0:00:00 ( 2.35 ms/it)[K
Processing file...  94%|████████████████████████████████████████████████  |  ETA: 0:00:00 ( 8.75 ms/it)[KProcessing file... 100%|██████████████████████████████████████████████████| Time: 0:00:00 ( 8.29 ms/it)[K
[ Info: incorporating geometry from C:\Users\chahj\Documents\ldraw\p\4-4edge.dat into C:\Users\chahj\Documents\ldraw\p\stud3.dat
[ Info: incorporating geometry from C:\Users\chahj\Documents\ldraw\p\4-4edge.dat into C:\Users\chahj\Documents\ldraw\p\stud3.dat
[ Info: incorporating geometry from C:\Users\chahj\Documents\ldraw\p\4-4disc.dat into C:\Users\chahj\Documents\ldraw\p\stud3.dat
[ Info: incorporating geometry from C:\Users\chahj\Documents\ldraw\p\4-4cyli.dat into C:\Users\chahj\Documents\ldraw\p\stud3.dat
[ Info: incorporating geometry from C:\Users\chahj\Documents\ldraw\p\stud3.dat into C:\Users\chahj\Documents/ldraw\parts\s\3004s01.dat
[ Info: incorporating geometry from C:\Users\chahj\Documents\ldraw\p\box5.dat into C:\Users\chahj\Documents/ldraw\parts\s\3004s01.dat
[ Info: incorporating geometry from C:\Users\chahj\Documents\ldraw\p\box4t.dat into C:\Users\chahj\Documents/ldraw\parts\s\3004s01.dat
[ Info: incorporating geometry from C:\Users\chahj\Documents\ldraw\p\4-4edge.dat into C:\Users\chahj\Documents\ldraw\p\stud.dat
[ Info: incorporating geometry from C:\Users\chahj\Documents\ldraw\p\4-4edge.dat into C:\Users\chahj\Documents\ldraw\p\stud.dat
[ Info: incorporating geometry from C:\Users\chahj\Documents\ldraw\p\4-4cyli.dat into C:\Users\chahj\Documents\ldraw\p\stud.dat
[ Info: incorporating geometry from C:\Users\chahj\Documents\ldraw\p\4-4disc.dat into C:\Users\chahj\Documents\ldraw\p\stud.dat
[ Info: incorporating geometry from C:\Users\chahj\Documents\ldraw\p\stud.dat into C:\Users\chahj\Documents/ldraw\parts\s\3004s01.dat
[ Info: incorporating geometry from C:\Users\chahj\Documents\ldraw\p\stud.dat into C:\Users\chahj\Documents/ldraw\parts\s\3004s01.dat
[ Info: incorporating geometry from C:\Users\chahj\Documents\ldraw\p\4-4edge.dat into C:\Users\chahj\Documents/ldraw\parts\s\3062bs01.dat
[ Info: incorporating geometry from C:\Users\chahj\Documents\ldraw\p\4-4edge.dat into C:\Users\chahj\Documents/ldraw\parts\s\3062bs01.dat
[ Info: incorporating geometry from C:\Users\chahj\Documents\ldraw\p\4-4edge.dat into C:\Users\chahj\Documents/ldraw\parts\s\3062bs01.dat
[ Info: incorporating geometry from C:\Users\chahj\Documents\ldraw\p\4-4edge.dat into C:\Users\chahj\Documents/ldraw\parts\s\3062bs01.dat
[ Info: incorporating geometry from C:\Users\chahj\Documents\ldraw\p\4-4cyli.dat into C:\Users\chahj\Documents/ldraw\parts\s\3062bs01.dat
[ Info: incorporating geometry from C:\Users\chahj\Documents\ldraw\p\4-4edge.dat into C:\Users\chahj\Documents\ldraw\p\stud2a.dat
[ Info: incorporating geometry from C:\Users\chahj\Documents\ldraw\p\4-4edge.dat into C:\Users\chahj\Documents\ldraw\p\stud2a.dat
[ Info: incorporating geometry from C:\Users\chahj\Documents\ldraw\p\4-4cyli.dat into C:\Users\chahj\Documents\ldraw\p\stud2a.dat
[ Info: incorporating geometry from C:\Users\chahj\Documents\ldraw\p\4-4cyli.dat into C:\Users\chahj\Documents\ldraw\p\stud2a.dat
[ Info: incorporating geometry from C:\Users\chahj\Documents\ldraw\p\4-4ring2.dat into C:\Users\chahj\Documents\ldraw\p\stud2a.dat
[ Info: incorporating geometry from C:\Users\chahj\Documents\ldraw\p\stud2a.dat into C:\Users\chahj\Documents/ldraw\parts\s\3062bs01.dat
[ Info: incorporating geometry from C:\Users\chahj\Documents\ldraw\p\4-4ring3.dat into C:\Users\chahj\Documents/ldraw\parts\s\3062bs01.dat
[ Info: incorporating geometry from C:\Users\chahj\Documents\ldraw\p\4-4ring2.dat into C:\Users\chahj\Documents/ldraw\parts\s\3062bs01.dat
[ Info: incorporating geometry from C:\Users\chahj\Documents\ldraw\p\4-4ring4.dat into C:\Users\chahj\Documents/ldraw\parts\s\3062bs01.dat
[ Info: incorporating geometry from C:\Users\chahj\Documents\ldraw\p\4-4ring4.dat into C:\Users\chahj\Documents/ldraw\parts\s\3062bs01.dat
[ Info: incorporating geometry from C:\Users\chahj\Documents\ldraw\p\4-4edge.dat into C:\Users\chahj\Documents\ldraw\p\4-4cylo.dat
[ Info: incorporating geometry from C:\Users\chahj\Documents\ldraw\p\4-4edge.dat into C:\Users\chahj\Documents\ldraw\p\4-4cylo.dat
[ Info: incorporating geometry from C:\Users\chahj\Documents\ldraw\p\4-4cyli.dat into C:\Users\chahj\Documents\ldraw\p\4-4cylo.dat
[ Info: incorporating geometry from C:\Users\chahj\Documents\ldraw\p\4-4cylo.dat into C:\Users\chahj\Documents/ldraw\parts\s\3062bs01.dat
[ Info: incorporating geometry from C:\Users\chahj\Documents\ldraw\p\4-4ring3.dat into C:\Users\chahj\Documents\ldraw\p\stud4od.dat
[ Info: incorporating geometry from C:\Users\chahj\Documents\ldraw\p\4-4cylo.dat into C:\Users\chahj\Documents\ldraw\p\stud4od.dat
[ Info: incorporating geometry from C:\Users\chahj\Documents\ldraw\p\stud4od.dat into C:\Users\chahj\Documents/ldraw\parts\s\3062bs01.dat
[ Info: incorporating geometry from C:\Users\chahj\Documents/ldraw\parts\s\3062bs01.dat into C:\Users\chahj\Documents\ldraw\parts\3062b.dat
[ Info: incorporating geometry from C:\Users\chahj\Documents\ldraw\p\4-4cyli.dat into C:\Users\chahj\Documents\ldraw\parts\3062b.dat
[ Info: incorporating geometry from C:\Users\chahj\Documents\ldraw\p\1-8ring17.dat into C:\Users\chahj\Documents/ldraw\parts\s\4624s01.dat
[ Info: incorporating geometry from C:\Users\chahj\Documents\ldraw\p\1-8ring9.dat into C:\Users\chahj\Documents/ldraw\parts\s\4624s01.dat
[ Info: incorporating geometry from C:\Users\chahj\Documents\ldraw\p\empty.dat into C:\Users\chahj\Documents\ldraw\p\1-16chrd.dat
[ Info: incorporating geometry from C:\Users\chahj\Documents\ldraw\p\1-16chrd.dat into C:\Users\chahj\Documents/ldraw\parts\s\4624s01.dat
[ Info: incorporating geometry from C:\Users\chahj\Documents\ldraw\p\1-8disc.dat into C:\Users\chahj\Documents/ldraw\parts\s\4624s01.dat
[ Info: incorporating geometry from C:\Users\chahj\Documents\ldraw\p\1-8ring4.dat into C:\Users\chahj\Documents/ldraw\parts\s\4624s01.dat
[ Info: incorporating geometry from C:\Users\chahj\Documents\ldraw\p\1-8ring3.dat into C:\Users\chahj\Documents/ldraw\parts\s\4624s01.dat
[ Info: incorporating geometry from C:\Users\chahj\Documents\ldraw\p\1-16chrd.dat into C:\Users\chahj\Documents/ldraw\parts\s\4624s01.dat
[ Info: incorporating geometry from C:\Users\chahj\Documents\ldraw\p\1-16ring2.dat into C:\Users\chahj\Documents/ldraw\parts\s\4624s01.dat
[ Info: incorporating geometry from C:\Users\chahj\Documents\ldraw\p\1-16con3.dat into C:\Users\chahj\Documents/ldraw\parts\s\4624s01.dat
[ Info: incorporating geometry from C:\Users\chahj\Documents\ldraw\p\1-16con16.dat into C:\Users\chahj\Documents/ldraw\parts\s\4624s01.dat
[ Info: incorporating geometry from C:\Users\chahj\Documents\ldraw\p\1-16edge.dat into C:\Users\chahj\Documents/ldraw\parts\s\4624s01.dat
[ Info: incorporating geometry from C:\Users\chahj\Documents\ldraw\p\1-16ring2.dat into C:\Users\chahj\Documents/ldraw\parts\s\4624s01.dat
[ Info: incorporating geometry from C:\Users\chahj\Documents\ldraw\p\1-8disc.dat into C:\Users\chahj\Documents/ldraw\parts\s\4624s01.dat
[ Info: incorporating geometry from C:\Users\chahj\Documents\ldraw\p\1-16cyli.dat into C:\Users\chahj\Documents\ldraw\p\1-16cylo.dat
[ Info: incorporating geometry from C:\Users\chahj\Documents\ldraw\p\1-16edge.dat into C:\Users\chahj\Documents\ldraw\p\1-16cylo.dat
[ Info: incorporating geometry from C:\Users\chahj\Documents\ldraw\p\1-16edge.dat into C:\Users\chahj\Documents\ldraw\p\1-16cylo.dat
[ Info: incorporating geometry from C:\Users\chahj\Documents\ldraw\p\1-16cylo.dat into C:\Users\chahj\Documents/ldraw\parts\s\4624s01.dat
[ Info: incorporating geometry from C:\Users\chahj\Documents\ldraw\p\rect.dat into C:\Users\chahj\Documents/ldraw\parts\s\4624s01.dat
[ Info: incorporating geometry from C:\Users\chahj\Documents\ldraw\p\1-16cylo.dat into C:\Users\chahj\Documents/ldraw\parts\s\4624s01.dat
[ Info: incorporating geometry from C:\Users\chahj\Documents\ldraw\p\1-16cyli.dat into C:\Users\chahj\Documents/ldraw\parts\s\4624s01.dat
[ Info: incorporating geometry from C:\Users\chahj\Documents\ldraw\p\1-16edge.dat into C:\Users\chahj\Documents/ldraw\parts\s\4624s01.dat
[ Info: incorporating geometry from C:\Users\chahj\Documents\ldraw\p\1-16edge.dat into C:\Users\chahj\Documents/ldraw\parts\s\4624s01.dat
[ Info: incorporating geometry from C:\Users\chahj\Documents\ldraw\p\rect2p.dat into C:\Users\chahj\Documents/ldraw\parts\s\4624s01.dat
[ Info: incorporating geometry from C:\Users\chahj\Documents\ldraw\p\1-8edge.dat into C:\Users\chahj\Documents\ldraw\p\1-8cylo.dat
[ Info: incorporating geometry from C:\Users\chahj\Documents\ldraw\p\1-8edge.dat into C:\Users\chahj\Documents\ldraw\p\1-8cylo.dat
[ Info: incorporating geometry from C:\Users\chahj\Documents\ldraw\p\1-8cyli.dat into C:\Users\chahj\Documents\ldraw\p\1-8cylo.dat
[ Info: incorporating geometry from C:\Users\chahj\Documents\ldraw\p\1-8cylo.dat into C:\Users\chahj\Documents/ldraw\parts\s\4624s01.dat
[ Info: incorporating geometry from C:\Users\chahj\Documents\ldraw\p\1-8con4.dat into C:\Users\chahj\Documents/ldraw\parts\s\4624s01.dat
[ Info: incorporating geometry from C:\Users\chahj\Documents\ldraw\p\1-8cylo.dat into C:\Users\chahj\Documents/ldraw\parts\s\4624s01.dat
[ Info: incorporating geometry from C:\Users\chahj\Documents\ldraw\p\1-8con4.dat into C:\Users\chahj\Documents/ldraw\parts\s\4624s01.dat
[ Info: incorporating geometry from C:\Users\chahj\Documents\ldraw\p\1-8cylo.dat into C:\Users\chahj\Documents/ldraw\parts\s\4624s01.dat
[ Info: incorporating geometry from C:\Users\chahj\Documents/ldraw\parts\s\4624s01.dat into C:\Users\chahj\Documents\ldraw\parts\4624.dat
[ Info: incorporating geometry from C:\Users\chahj\Documents/ldraw\parts\s\4624s01.dat into C:\Users\chahj\Documents\ldraw\parts\4624.dat
[ Info: incorporating geometry from C:\Users\chahj\Documents/ldraw\parts\s\4624s01.dat into C:\Users\chahj\Documents\ldraw\parts\4624.dat
[ Info: incorporating geometry from C:\Users\chahj\Documents/ldraw\parts\s\4624s01.dat into C:\Users\chahj\Documents\ldraw\parts\4624.dat
[ Info: incorporating geometry from C:\Users\chahj\Documents/ldraw\parts\s\4624s01.dat into C:\Users\chahj\Documents\ldraw\parts\4624.dat
[ Info: incorporating geometry from C:\Users\chahj\Documents/ldraw\parts\s\4624s01.dat into C:\Users\chahj\Documents\ldraw\parts\4624.dat
[ Info: incorporating geometry from C:\Users\chahj\Documents/ldraw\parts\s\4624s01.dat into C:\Users\chahj\Documents\ldraw\parts\4624.dat
[ Info: incorporating geometry from C:\Users\chahj\Documents/ldraw\parts\s\4624s01.dat into C:\Users\chahj\Documents\ldraw\parts\4624.dat
[ Info: incorporating geometry from C:\Users\chahj\Documents\ldraw\p\4-4edge.dat into C:\Users\chahj\Documents\ldraw\p\stud4.dat
[ Info: incorporating geometry from C:\Users\chahj\Documents\ldraw\p\4-4edge.dat into C:\Users\chahj\Documents\ldraw\p\stud4.dat
[ Info: incorporating geometry from C:\Users\chahj\Documents\ldraw\p\4-4edge.dat into C:\Users\chahj\Documents\ldraw\p\stud4.dat
[ Info: incorporating geometry from C:\Users\chahj\Documents\ldraw\p\4-4edge.dat into C:\Users\chahj\Documents\ldraw\p\stud4.dat
[ Info: incorporating geometry from C:\Users\chahj\Documents\ldraw\p\4-4cyli.dat into C:\Users\chahj\Documents\ldraw\p\stud4.dat
[ Info: incorporating geometry from C:\Users\chahj\Documents\ldraw\p\4-4cyli.dat into C:\Users\chahj\Documents\ldraw\p\stud4.dat
[ Info: incorporating geometry from C:\Users\chahj\Documents\ldraw\p\4-4ring3.dat into C:\Users\chahj\Documents\ldraw\p\stud4.dat
[ Info: incorporating geometry from C:\Users\chahj\Documents\ldraw\p\stud4.dat into C:\Users\chahj\Documents/ldraw\parts\s\3001s01.dat
[ Info: incorporating geometry from C:\Users\chahj\Documents\ldraw\p\stud4.dat into C:\Users\chahj\Documents/ldraw\parts\s\3001s01.dat
[ Info: incorporating geometry from C:\Users\chahj\Documents\ldraw\p\stud4.dat into C:\Users\chahj\Documents/ldraw\parts\s\3001s01.dat
[ Info: incorporating geometry from C:\Users\chahj\Documents\ldraw\p\box5.dat into C:\Users\chahj\Documents/ldraw\parts\s\3001s01.dat
[ Info: incorporating geometry from C:\Users\chahj\Documents\ldraw\p\box3u2p.dat into C:\Users\chahj\Documents/ldraw\parts\s\3001s01.dat
[ Info: incorporating geometry from C:\Users\chahj\Documents\ldraw\p\stud.dat into C:\Users\chahj\Documents/ldraw\parts\s\3001s01.dat
[ Info: incorporating geometry from C:\Users\chahj\Documents\ldraw\p\stud.dat into C:\Users\chahj\Documents/ldraw\parts\s\3001s01.dat
[ Info: incorporating geometry from C:\Users\chahj\Documents\ldraw\p\stud.dat into C:\Users\chahj\Documents/ldraw\parts\s\3001s01.dat
[ Info: incorporating geometry from C:\Users\chahj\Documents\ldraw\p\stud.dat into C:\Users\chahj\Documents/ldraw\parts\s\3001s01.dat
[ Info: incorporating geometry from C:\Users\chahj\Documents\ldraw\p\stud.dat into C:\Users\chahj\Documents/ldraw\parts\s\3001s01.dat
[ Info: incorporating geometry from C:\Users\chahj\Documents\ldraw\p\stud.dat into C:\Users\chahj\Documents/ldraw\parts\s\3001s01.dat
[ Info: incorporating geometry from C:\Users\chahj\Documents\ldraw\p\stud.dat into C:\Users\chahj\Documents/ldraw\parts\s\3001s01.dat
[ Info: incorporating geometry from C:\Users\chahj\Documents\ldraw\p\stud.dat into C:\Users\chahj\Documents/ldraw\parts\s\3001s01.dat
[ Info: incorporating geometry from C:\Users\chahj\Documents\ldraw\p\1-16tndis.dat into C:\Users\chahj\Documents\ldraw\p\st4jfil4.dat
[ Info: incorporating geometry from C:\Users\chahj\Documents\ldraw\p\1-16tndis.dat into C:\Users\chahj\Documents\ldraw\p\st4jfil4.dat
[ Info: incorporating geometry from C:\Users\chahj\Documents/ldraw\parts\s\3001s01.dat into C:\Users\chahj\Documents\ldraw\parts\3001.dat
[ Info: incorporating geometry from C:\Users\chahj\Documents\ldraw\p\1-4edge.dat into C:\Users\chahj\Documents\ldraw\p\wpin2.dat
[ Info: incorporating geometry from C:\Users\chahj\Documents\ldraw\p\1-4edge.dat into C:\Users\chahj\Documents\ldraw\p\wpin2.dat
[ Info: incorporating geometry from C:\Users\chahj\Documents\ldraw\p\1-4cyli.dat into C:\Users\chahj\Documents\ldraw\p\wpin2.dat
[ Info: incorporating geometry from C:\Users\chahj\Documents\ldraw\p\1-4chrd.dat into C:\Users\chahj\Documents\ldraw\p\wpin2.dat
[ Info: incorporating geometry from C:\Users\chahj\Documents\ldraw\p\1-4chrd.dat into C:\Users\chahj\Documents\ldraw\p\wpin2.dat
[ Info: incorporating geometry from C:\Users\chahj\Documents\ldraw\p\3-8chrd.dat into C:\Users\chahj\Documents\ldraw\p\wpin.dat
[ Info: incorporating geometry from C:\Users\chahj\Documents\ldraw\p\3-8chrd.dat into C:\Users\chahj\Documents\ldraw\p\wpin.dat
[ Info: incorporating geometry from C:\Users\chahj\Documents\ldraw\p\3-8cyli.dat into C:\Users\chahj\Documents\ldraw\p\wpin.dat
[ Info: incorporating geometry from C:\Users\chahj\Documents\ldraw\p\3-8edge.dat into C:\Users\chahj\Documents\ldraw\p\3-8cylo.dat
[ Info: incorporating geometry from C:\Users\chahj\Documents\ldraw\p\3-8edge.dat into C:\Users\chahj\Documents\ldraw\p\3-8cylo.dat
[ Info: incorporating geometry from C:\Users\chahj\Documents\ldraw\p\3-8cyli.dat into C:\Users\chahj\Documents\ldraw\p\3-8cylo.dat
[ Info: incorporating geometry from C:\Users\chahj\Documents\ldraw\p\3-8cylo.dat into C:\Users\chahj\Documents\ldraw\p\wpin.dat
[ Info: incorporating geometry from C:\Users\chahj\Documents\ldraw\p\3-8edge.dat into C:\Users\chahj\Documents\ldraw\p\wpin.dat
[ Info: incorporating geometry from C:\Users\chahj\Documents\ldraw\p\3-8edge.dat into C:\Users\chahj\Documents\ldraw\p\wpin.dat
[ Info: incorporating geometry from C:\Users\chahj\Documents\ldraw\p\3-8cylo.dat into C:\Users\chahj\Documents\ldraw\p\wpin.dat
[ Info: incorporating geometry from C:\Users\chahj\Documents\ldraw\p\3-8cylo.dat into C:\Users\chahj\Documents\ldraw\p\wpin.dat
[ Info: incorporating geometry from C:\Users\chahj\Documents\ldraw\p\1-16cyli.dat into C:\Users\chahj\Documents\ldraw\p\wpin.dat
[ Info: incorporating geometry from C:\Users\chahj\Documents\ldraw\p\1-16cyli.dat into C:\Users\chahj\Documents\ldraw\p\wpin.dat
[ Info: incorporating geometry from C:\Users\chahj\Documents\ldraw\p\1-16edge.dat into C:\Users\chahj\Documents\ldraw\p\wpin.dat
[ Info: incorporating geometry from C:\Users\chahj\Documents\ldraw\p\1-16edge.dat into C:\Users\chahj\Documents\ldraw\p\wpin.dat
[ Info: incorporating geometry from C:\Users\chahj\Documents\ldraw\p\1-16cyli.dat into C:\Users\chahj\Documents\ldraw\p\wpin.dat
[ Info: incorporating geometry from C:\Users\chahj\Documents\ldraw\p\1-16cyli.dat into C:\Users\chahj\Documents\ldraw\p\wpin.dat
[ Info: incorporating geometry from C:\Users\chahj\Documents\ldraw\p\1-16edge.dat into C:\Users\chahj\Documents\ldraw\p\wpin.dat
[ Info: incorporating geometry from C:\Users\chahj\Documents\ldraw\p\1-16edge.dat into C:\Users\chahj\Documents\ldraw\p\wpin.dat
[ Info: incorporating geometry from C:\Users\chahj\Documents\ldraw\p\3-8ring12.dat into C:\Users\chahj\Documents\ldraw\p\wpin.dat
[ Info: incorporating geometry from C:\Users\chahj\Documents\ldraw\p\3-8ring12.dat into C:\Users\chahj\Documents\ldraw\p\wpin.dat
[ Info: incorporating geometry from C:\Users\chahj\Documents\ldraw\p\3-8edge.dat into C:\Users\chahj\Documents\ldraw\p\wpin.dat
[ Info: incorporating geometry from C:\Users\chahj\Documents\ldraw\p\3-8edge.dat into C:\Users\chahj\Documents\ldraw\p\wpin.dat
[ Info: incorporating geometry from C:\Users\chahj\Documents/ldraw\p\8\1-4edge.dat into C:\Users\chahj\Documents\ldraw\p\wpin.dat
[ Info: incorporating geometry from C:\Users\chahj\Documents/ldraw\p\8\1-4edge.dat into C:\Users\chahj\Documents\ldraw\p\wpin.dat
[ Info: incorporating geometry from C:\Users\chahj\Documents/ldraw\p\8\1-4edge.dat into C:\Users\chahj\Documents\ldraw\p\wpin.dat
[ Info: incorporating geometry from C:\Users\chahj\Documents/ldraw\p\8\1-4edge.dat into C:\Users\chahj\Documents\ldraw\p\wpin.dat
[ Info: incorporating geometry from C:\Users\chahj\Documents/ldraw\p\8\1-4ndis.dat into C:\Users\chahj\Documents\ldraw\p\wpin.dat
[ Info: incorporating geometry from C:\Users\chahj\Documents/ldraw\p\8\1-4ndis.dat into C:\Users\chahj\Documents\ldraw\p\wpin.dat
[ Info: incorporating geometry from C:\Users\chahj\Documents/ldraw\p\8\1-4ndis.dat into C:\Users\chahj\Documents\ldraw\p\wpin.dat
[ Info: incorporating geometry from C:\Users\chahj\Documents/ldraw\p\8\1-4ndis.dat into C:\Users\chahj\Documents\ldraw\p\wpin.dat
[ Info: incorporating geometry from C:\Users\chahj\Documents/ldraw\p\8\1-4cyli.dat into C:\Users\chahj\Documents\ldraw\p\wpin.dat
[ Info: incorporating geometry from C:\Users\chahj\Documents/ldraw\p\8\1-4cyli.dat into C:\Users\chahj\Documents\ldraw\p\wpin.dat
[ Info: incorporating geometry from C:\Users\chahj\Documents/ldraw\p\8\1-4cyls.dat into C:\Users\chahj\Documents\ldraw\p\wpin.dat
[ Info: incorporating geometry from C:\Users\chahj\Documents/ldraw\p\8\1-4cyls.dat into C:\Users\chahj\Documents\ldraw\p\wpin.dat
[ Info: incorporating geometry from C:\Users\chahj\Documents\ldraw\p\wpin.dat into C:\Users\chahj\Documents\ldraw\p\wpin2a.dat
[ Info: incorporating geometry from C:\Users\chahj\Documents\ldraw\p\1-4edge.dat into C:\Users\chahj\Documents\ldraw\p\1-4cylo.dat
[ Info: incorporating geometry from C:\Users\chahj\Documents\ldraw\p\1-4edge.dat into C:\Users\chahj\Documents\ldraw\p\1-4cylo.dat
[ Info: incorporating geometry from C:\Users\chahj\Documents\ldraw\p\1-4cyli.dat into C:\Users\chahj\Documents\ldraw\p\1-4cylo.dat
[ Info: incorporating geometry from C:\Users\chahj\Documents\ldraw\p\1-4cylo.dat into C:\Users\chahj\Documents\ldraw\p\wpin2a.dat
[ Info: incorporating geometry from C:\Users\chahj\Documents\ldraw\p\1-4chrd.dat into C:\Users\chahj\Documents\ldraw\p\wpin2a.dat
[ Info: incorporating geometry from C:\Users\chahj\Documents\ldraw\p\wpin2a.dat into C:\Users\chahj\Documents\ldraw\p\wpin2.dat
[ Info: incorporating geometry from C:\Users\chahj\Documents\ldraw\p\stud3.dat into C:\Users\chahj\Documents/ldraw\parts\s\3023bs01.dat
[ Info: incorporating geometry from C:\Users\chahj\Documents\ldraw\p\box5.dat into C:\Users\chahj\Documents/ldraw\parts\s\3023bs01.dat
[ Info: incorporating geometry from C:\Users\chahj\Documents\ldraw\p\box4t.dat into C:\Users\chahj\Documents/ldraw\parts\s\3023bs01.dat
[ Info: incorporating geometry from C:\Users\chahj\Documents\ldraw\p\stud.dat into C:\Users\chahj\Documents\ldraw\p\stug-1x2.dat
[ Info: incorporating geometry from C:\Users\chahj\Documents\ldraw\p\stud.dat into C:\Users\chahj\Documents\ldraw\p\stug-1x2.dat
[ Info: incorporating geometry from C:\Users\chahj\Documents\ldraw\p\stug-1x2.dat into C:\Users\chahj\Documents/ldraw\parts\s\3023bs01.dat
[ Info: incorporating geometry from C:\Users\chahj\Documents/ldraw\parts\s\3004s01.dat into C:\Users\chahj\Documents\ldraw\parts\3004.dat
[ Info: incorporating geometry from C:\Users\chahj\Documents\ldraw\p\stug-1x2.dat into C:\Users\chahj\Documents/ldraw\parts\s\3039s01.dat
[ Info: incorporating geometry from C:\Users\chahj\Documents\ldraw\p\4-4edge.dat into C:\Users\chahj\Documents\ldraw\p\stud4a.dat
[ Info: incorporating geometry from C:\Users\chahj\Documents\ldraw\p\4-4edge.dat into C:\Users\chahj\Documents\ldraw\p\stud4a.dat
[ Info: incorporating geometry from C:\Users\chahj\Documents\ldraw\p\4-4cyli.dat into C:\Users\chahj\Documents\ldraw\p\stud4a.dat
[ Info: incorporating geometry from C:\Users\chahj\Documents\ldraw\p\4-4cyli.dat into C:\Users\chahj\Documents\ldraw\p\stud4a.dat
[ Info: incorporating geometry from C:\Users\chahj\Documents\ldraw\p\4-4ring3.dat into C:\Users\chahj\Documents\ldraw\p\stud4a.dat
[ Info: incorporating geometry from C:\Users\chahj\Documents\ldraw\p\stud4a.dat into C:\Users\chahj\Documents/ldraw\parts\s\3039s01.dat
[ Info: incorporating geometry from C:\Users\chahj\Documents\ldraw\p\2-4cyli.dat into C:\Users\chahj\Documents/ldraw\parts\s\3039s01.dat
[ Info: incorporating geometry from C:\Users\chahj\Documents\ldraw\p\2-4cyli.dat into C:\Users\chahj\Documents/ldraw\parts\s\3039s01.dat
[ Info: incorporating geometry from C:\Users\chahj\Documents\ldraw\p\1-4cyls.dat into C:\Users\chahj\Documents/ldraw\parts\s\3039s01.dat
[ Info: incorporating geometry from C:\Users\chahj\Documents\ldraw\p\1-4cyls.dat into C:\Users\chahj\Documents/ldraw\parts\s\3039s01.dat
[ Info: incorporating geometry from C:\Users\chahj\Documents\ldraw\p\2-4cyli.dat into C:\Users\chahj\Documents/ldraw\parts\s\3039s01.dat
[ Info: incorporating geometry from C:\Users\chahj\Documents\ldraw\p\1-4cyls.dat into C:\Users\chahj\Documents/ldraw\parts\s\3039s01.dat
[ Info: incorporating geometry from C:\Users\chahj\Documents\ldraw\p\1-4cyls.dat into C:\Users\chahj\Documents/ldraw\parts\s\3039s01.dat
[ Info: incorporating geometry from C:\Users\chahj\Documents\ldraw\p\2-4edge.dat into C:\Users\chahj\Documents/ldraw\parts\s\3039s01.dat
[ Info: incorporating geometry from C:\Users\chahj\Documents\ldraw\p\2-4edge.dat into C:\Users\chahj\Documents/ldraw\parts\s\3039s01.dat
[ Info: incorporating geometry from C:\Users\chahj\Documents\ldraw\p\2-4edge.dat into C:\Users\chahj\Documents/ldraw\parts\s\3039s01.dat
[ Info: incorporating geometry from C:\Users\chahj\Documents\ldraw\p\2-4edge.dat into C:\Users\chahj\Documents/ldraw\parts\s\3039s01.dat
[ Info: incorporating geometry from C:\Users\chahj\Documents\ldraw\p\2-4chrd.dat into C:\Users\chahj\Documents/ldraw\parts\s\3039s01.dat
[ Info: incorporating geometry from C:\Users\chahj\Documents\ldraw\p\2-4ndis.dat into C:\Users\chahj\Documents/ldraw\parts\s\3039s01.dat
[ Info: incorporating geometry from C:\Users\chahj\Documents\ldraw\p\2-4chrd.dat into C:\Users\chahj\Documents/ldraw\parts\s\3039s01.dat
[ Info: incorporating geometry from C:\Users\chahj\Documents\ldraw\p\2-4ndis.dat into C:\Users\chahj\Documents/ldraw\parts\s\3039s01.dat
[ Info: incorporating geometry from C:\Users\chahj\Documents\ldraw\p\box3u4a.dat into C:\Users\chahj\Documents/ldraw\parts\s\3039s01.dat
[ Info: incorporating geometry from C:\Users\chahj\Documents\ldraw\p\rect.dat into C:\Users\chahj\Documents/ldraw\parts\s\3039s01.dat
[ Info: incorporating geometry from C:\Users\chahj\Documents\ldraw\p\box4-4a.dat into C:\Users\chahj\Documents/ldraw\parts\s\3039s01.dat
[ Info: incorporating geometry from C:\Users\chahj\Documents\ldraw\p\rect.dat into C:\Users\chahj\Documents/ldraw\parts\s\3039s01.dat
[ Info: incorporating geometry from C:\Users\chahj\Documents/ldraw\parts\s\3039s01.dat into C:\Users\chahj\Documents\ldraw\parts\3039.dat
[ Info: incorporating geometry from C:\Users\chahj\Documents\ldraw\p\stud4.dat into C:\Users\chahj\Documents\ldraw\parts\3022.dat
[ Info: incorporating geometry from C:\Users\chahj\Documents\ldraw\p\box5.dat into C:\Users\chahj\Documents\ldraw\parts\3022.dat
[ Info: incorporating geometry from C:\Users\chahj\Documents\ldraw\p\box5.dat into C:\Users\chahj\Documents\ldraw\parts\3022.dat
[ Info: incorporating geometry from C:\Users\chahj\Documents\ldraw\p\stud.dat into C:\Users\chahj\Documents\ldraw\parts\3022.dat
[ Info: incorporating geometry from C:\Users\chahj\Documents\ldraw\p\stud.dat into C:\Users\chahj\Documents\ldraw\parts\3022.dat
[ Info: incorporating geometry from C:\Users\chahj\Documents\ldraw\p\stud.dat into C:\Users\chahj\Documents\ldraw\parts\3022.dat
[ Info: incorporating geometry from C:\Users\chahj\Documents\ldraw\p\stud.dat into C:\Users\chahj\Documents\ldraw\parts\3022.dat
[ Info: incorporating geometry from C:\Users\chahj\Documents\ldraw\p\rect3.dat into C:\Users\chahj\Documents/ldraw\parts\s\87697s01.dat
[ Info: incorporating geometry from C:\Users\chahj\Documents\ldraw\p\rect1.dat into C:\Users\chahj\Documents/ldraw\parts\s\87697s01.dat
[ Info: incorporating geometry from C:\Users\chahj\Documents\ldraw\p\rect.dat into C:\Users\chahj\Documents/ldraw\parts\s\87697s01.dat
[ Info: incorporating geometry from C:\Users\chahj\Documents\ldraw\p\4-4edge.dat into C:\Users\chahj\Documents/ldraw\parts\s\6014s01.dat
[ Info: incorporating geometry from C:\Users\chahj\Documents\ldraw\p\3-8edge.dat into C:\Users\chahj\Documents/ldraw\parts\s\6014s01.dat
[ Info: incorporating geometry from C:\Users\chahj\Documents\ldraw\p\3-8edge.dat into C:\Users\chahj\Documents/ldraw\parts\s\6014s01.dat
[ Info: incorporating geometry from C:\Users\chahj\Documents\ldraw\p\1-4edge.dat into C:\Users\chahj\Documents/ldraw\parts\s\6014s01.dat
[ Info: incorporating geometry from C:\Users\chahj\Documents\ldraw\p\1-4edge.dat into C:\Users\chahj\Documents/ldraw\parts\s\6014s01.dat
[ Info: incorporating geometry from C:\Users\chahj\Documents\ldraw\p\4-4edge.dat into C:\Users\chahj\Documents/ldraw\parts\s\6014s01.dat
[ Info: incorporating geometry from C:\Users\chahj\Documents\ldraw\p\4-4edge.dat into C:\Users\chahj\Documents/ldraw\parts\s\6014s01.dat
[ Info: incorporating geometry from C:\Users\chahj\Documents\ldraw\p\4-4con4.dat into C:\Users\chahj\Documents/ldraw\parts\s\6014s01.dat
[ Info: incorporating geometry from C:\Users\chahj\Documents\ldraw\p\4-4con10.dat into C:\Users\chahj\Documents/ldraw\parts\s\6014s01.dat
[ Info: incorporating geometry from C:\Users\chahj\Documents\ldraw\p\4-4edge.dat into C:\Users\chahj\Documents/ldraw\parts\s\6014s01.dat
[ Info: incorporating geometry from C:\Users\chahj\Documents\ldraw\p\1-4ring3.dat into C:\Users\chahj\Documents/ldraw\parts\s\6014s01.dat
[ Info: incorporating geometry from C:\Users\chahj\Documents\ldraw\p\1-4ring3.dat into C:\Users\chahj\Documents/ldraw\parts\s\6014s01.dat
[ Info: incorporating geometry from C:\Users\chahj\Documents\ldraw\p\4-4disc.dat into C:\Users\chahj\Documents/ldraw\parts\s\6014s01.dat
[ Info: incorporating geometry from C:\Users\chahj\Documents\ldraw\p\1-8cylo.dat into C:\Users\chahj\Documents/ldraw\parts\s\6014s01.dat
[ Info: incorporating geometry from C:\Users\chahj\Documents\ldraw\p\1-8cylo.dat into C:\Users\chahj\Documents/ldraw\parts\s\6014s01.dat
[ Info: incorporating geometry from C:\Users\chahj\Documents\ldraw\p\1-8cylo.dat into C:\Users\chahj\Documents/ldraw\parts\s\6014s01.dat
[ Info: incorporating geometry from C:\Users\chahj\Documents\ldraw\p\1-8cylo.dat into C:\Users\chahj\Documents/ldraw\parts\s\6014s01.dat
[ Info: incorporating geometry from C:\Users\chahj\Documents\ldraw\p\1-8chrd.dat into C:\Users\chahj\Documents/ldraw\parts\s\6014s01.dat
[ Info: incorporating geometry from C:\Users\chahj\Documents\ldraw\p\1-8chrd.dat into C:\Users\chahj\Documents/ldraw\parts\s\6014s01.dat
[ Info: incorporating geometry from C:\Users\chahj\Documents\ldraw\p\1-4ring4.dat into C:\Users\chahj\Documents/ldraw\parts\s\6014s01.dat
[ Info: incorporating geometry from C:\Users\chahj\Documents\ldraw\p\1-4ring4.dat into C:\Users\chahj\Documents/ldraw\parts\s\6014s01.dat
[ Info: incorporating geometry from C:\Users\chahj\Documents\ldraw\p\1-4cyli.dat into C:\Users\chahj\Documents/ldraw\parts\s\6014s01.dat
[ Info: incorporating geometry from C:\Users\chahj\Documents\ldraw\p\1-4cyli.dat into C:\Users\chahj\Documents/ldraw\parts\s\6014s01.dat
[ Info: incorporating geometry from C:\Users\chahj\Documents\ldraw\p\4-4edge.dat into C:\Users\chahj\Documents/ldraw\parts\s\6014s01.dat
[ Info: incorporating geometry from C:\Users\chahj\Documents\ldraw\p\4-4cylo.dat into C:\Users\chahj\Documents/ldraw\parts\s\6014s01.dat
[ Info: incorporating geometry from C:\Users\chahj\Documents\ldraw\p\4-4cylo.dat into C:\Users\chahj\Documents/ldraw\parts\s\6014s01.dat
[ Info: incorporating geometry from C:\Users\chahj\Documents\ldraw\p\4-4cyli.dat into C:\Users\chahj\Documents/ldraw\parts\s\6014s01.dat
[ Info: incorporating geometry from C:\Users\chahj\Documents\ldraw\p\3-8cyli.dat into C:\Users\chahj\Documents/ldraw\parts\s\6014s01.dat
[ Info: incorporating geometry from C:\Users\chahj\Documents\ldraw\p\3-8cyli.dat into C:\Users\chahj\Documents/ldraw\parts\s\6014s01.dat
[ Info: incorporating geometry from C:\Users\chahj\Documents\ldraw\p\4-4con5.dat into C:\Users\chahj\Documents/ldraw\parts\s\6014s01.dat
[ Info: incorporating geometry from C:\Users\chahj\Documents\ldraw\p\4-4con12.dat into C:\Users\chahj\Documents/ldraw\parts\s\6014s01.dat
[ Info: incorporating geometry from C:\Users\chahj\Documents\ldraw\p\1-4con5.dat into C:\Users\chahj\Documents/ldraw\parts\s\6014s01.dat
[ Info: incorporating geometry from C:\Users\chahj\Documents\ldraw\p\1-4con5.dat into C:\Users\chahj\Documents/ldraw\parts\s\6014s01.dat
[ Info: incorporating geometry from C:\Users\chahj\Documents\ldraw\p\3-8con12.dat into C:\Users\chahj\Documents/ldraw\parts\s\6014s01.dat
[ Info: incorporating geometry from C:\Users\chahj\Documents\ldraw\p\3-8con12.dat into C:\Users\chahj\Documents/ldraw\parts\s\6014s01.dat
[ Info: incorporating geometry from C:\Users\chahj\Documents\ldraw\p\1-4cyli.dat into C:\Users\chahj\Documents/ldraw\parts\s\6014s01.dat
[ Info: incorporating geometry from C:\Users\chahj\Documents\ldraw\p\1-4cyli.dat into C:\Users\chahj\Documents/ldraw\parts\s\6014s01.dat
[ Info: incorporating geometry from C:\Users\chahj\Documents\ldraw\p\4-4cylo.dat into C:\Users\chahj\Documents/ldraw\parts\s\6014s01.dat
[ Info: incorporating geometry from C:\Users\chahj\Documents\ldraw\p\4-4cylo.dat into C:\Users\chahj\Documents/ldraw\parts\s\6014s01.dat
[ Info: incorporating geometry from C:\Users\chahj\Documents\ldraw\p\4-4ring11.dat into C:\Users\chahj\Documents/ldraw\parts\s\6014s01.dat
[ Info: incorporating geometry from C:\Users\chahj\Documents\ldraw\p\4-4ring12.dat into C:\Users\chahj\Documents/ldraw\parts\s\6014s01.dat
[ Info: incorporating geometry from C:\Users\chahj\Documents\ldraw\p\4-4ring11.dat into C:\Users\chahj\Documents/ldraw\parts\s\6014s01.dat
[ Info: incorporating geometry from C:\Users\chahj\Documents\ldraw\p\4-4ring12.dat into C:\Users\chahj\Documents/ldraw\parts\s\6014s01.dat
[ Info: incorporating geometry from C:\Users\chahj\Documents\ldraw\p\4-4ring9.dat into C:\Users\chahj\Documents/ldraw\parts\s\6014s01.dat
[ Info: incorporating geometry from C:\Users\chahj\Documents\ldraw\p\4-4ring10.dat into C:\Users\chahj\Documents/ldraw\parts\s\6014s01.dat
[ Info: incorporating geometry from C:\Users\chahj\Documents\ldraw\p\4-4ring2.dat into C:\Users\chahj\Documents/ldraw\parts\s\6014s01.dat
[ Info: incorporating geometry from C:\Users\chahj\Documents\ldraw\p\4-4ndis.dat into C:\Users\chahj\Documents/ldraw\parts\s\6014s01.dat
[ Info: incorporating geometry from C:\Users\chahj\Documents\ldraw\p\rect3.dat into C:\Users\chahj\Documents/ldraw\parts\s\6014s01.dat
[ Info: incorporating geometry from C:\Users\chahj\Documents\ldraw\p\rect3.dat into C:\Users\chahj\Documents/ldraw\parts\s\6014s01.dat
[ Info: incorporating geometry from C:\Users\chahj\Documents\ldraw\p\rect3.dat into C:\Users\chahj\Documents/ldraw\parts\s\6014s01.dat
[ Info: incorporating geometry from C:\Users\chahj\Documents\ldraw\p\rect3.dat into C:\Users\chahj\Documents/ldraw\parts\s\6014s01.dat
[ Info: incorporating geometry from C:\Users\chahj\Documents\ldraw\p\st4jfil4.dat into C:\Users\chahj\Documents\ldraw\p\stud4f2w.dat
[ Info: incorporating geometry from C:\Users\chahj\Documents\ldraw\p\st4jfil4.dat into C:\Users\chahj\Documents\ldraw\p\stud4f2w.dat
[ Info: incorporating geometry from C:\Users\chahj\Documents\ldraw\p\4-4edge.dat into C:\Users\chahj\Documents\ldraw\p\stud4f2w.dat
[ Info: incorporating geometry from C:\Users\chahj\Documents\ldraw\p\4-4cyli.dat into C:\Users\chahj\Documents\ldraw\p\stud4f2w.dat
[ Info: incorporating geometry from C:\Users\chahj\Documents\ldraw\p\3-8ring3.dat into C:\Users\chahj\Documents\ldraw\p\stud4f2w.dat
[ Info: incorporating geometry from C:\Users\chahj\Documents\ldraw\p\3-8ring3.dat into C:\Users\chahj\Documents\ldraw\p\stud4f2w.dat
[ Info: incorporating geometry from C:\Users\chahj\Documents\ldraw\p\3-8cylo.dat into C:\Users\chahj\Documents\ldraw\p\stud4f2w.dat
[ Info: incorporating geometry from C:\Users\chahj\Documents\ldraw\p\3-8cylo.dat into C:\Users\chahj\Documents\ldraw\p\stud4f2w.dat
[ Info: incorporating geometry from C:\Users\chahj\Documents/ldraw\parts\s\6014s01.dat into C:\Users\chahj\Documents\ldraw\parts\6014a.dat
[ Info: incorporating geometry from C:\Users\chahj\Documents\ldraw\p\4-4cyli.dat into C:\Users\chahj\Documents\ldraw\parts\6014a.dat
[ Info: incorporating geometry from C:\Users\chahj\Documents\ldraw\p\4-4edge.dat into C:\Users\chahj\Documents\ldraw\parts\6014a.dat
[ Info: incorporating geometry from C:\Users\chahj\Documents\ldraw\p\4-4ring2.dat into C:\Users\chahj\Documents\ldraw\parts\6014a.dat
[ Info: incorporating geometry from C:\Users\chahj\Documents\ldraw\p\4-4cylo.dat into C:\Users\chahj\Documents\ldraw\parts\87697.dat
[ Info: incorporating geometry from C:\Users\chahj\Documents\ldraw\p\4-4cylo.dat into C:\Users\chahj\Documents\ldraw\parts\87697.dat
[ Info: incorporating geometry from C:\Users\chahj\Documents\ldraw\p\4-4cylo.dat into C:\Users\chahj\Documents\ldraw\parts\87697.dat
[ Info: incorporating geometry from C:\Users\chahj\Documents\ldraw\p\4-4con12.dat into C:\Users\chahj\Documents\ldraw\parts\87697.dat
[ Info: incorporating geometry from C:\Users\chahj\Documents\ldraw\p\4-4con12.dat into C:\Users\chahj\Documents\ldraw\parts\87697.dat
[ Info: incorporating geometry from C:\Users\chahj\Documents\ldraw\p\1-4ndis.dat into C:\Users\chahj\Documents/ldraw\parts\s\6015s02.dat
[ Info: incorporating geometry from C:\Users\chahj\Documents/ldraw\parts\s\6015s02.dat into C:\Users\chahj\Documents\ldraw\parts\87697.dat
[ Info: incorporating geometry from C:\Users\chahj\Documents/ldraw\parts\s\6015s02.dat into C:\Users\chahj\Documents\ldraw\parts\87697.dat
[ Info: incorporating geometry from C:\Users\chahj\Documents/ldraw\parts\s\6015s02.dat into C:\Users\chahj\Documents\ldraw\parts\87697.dat
[ Info: incorporating geometry from C:\Users\chahj\Documents/ldraw\parts\s\6015s02.dat into C:\Users\chahj\Documents\ldraw\parts\87697.dat
[ Info: incorporating geometry from C:\Users\chahj\Documents/ldraw\parts\s\6015s02.dat into C:\Users\chahj\Documents\ldraw\parts\87697.dat
[ Info: incorporating geometry from C:\Users\chahj\Documents/ldraw\parts\s\6015s02.dat into C:\Users\chahj\Documents\ldraw\parts\87697.dat
[ Info: incorporating geometry from C:\Users\chahj\Documents/ldraw\parts\s\6015s02.dat into C:\Users\chahj\Documents\ldraw\parts\87697.dat
[ Info: incorporating geometry from C:\Users\chahj\Documents/ldraw\parts\s\6015s02.dat into C:\Users\chahj\Documents\ldraw\parts\87697.dat
[ Info: incorporating geometry from C:\Users\chahj\Documents/ldraw\parts\s\87697s01.dat into C:\Users\chahj\Documents\ldraw\parts\87697.dat
[ Info: incorporating geometry from C:\Users\chahj\Documents/ldraw\parts\s\87697s01.dat into C:\Users\chahj\Documents\ldraw\parts\87697.dat
[ Info: incorporating geometry from C:\Users\chahj\Documents/ldraw\parts\s\87697s01.dat into C:\Users\chahj\Documents\ldraw\parts\87697.dat
[ Info: incorporating geometry from C:\Users\chahj\Documents/ldraw\parts\s\87697s01.dat into C:\Users\chahj\Documents\ldraw\parts\87697.dat
[ Info: incorporating geometry from C:\Users\chahj\Documents/ldraw\parts\s\87697s01.dat into C:\Users\chahj\Documents\ldraw\parts\87697.dat
[ Info: incorporating geometry from C:\Users\chahj\Documents/ldraw\parts\s\87697s01.dat into C:\Users\chahj\Documents\ldraw\parts\87697.dat
[ Info: incorporating geometry from C:\Users\chahj\Documents/ldraw\parts\s\87697s01.dat into C:\Users\chahj\Documents\ldraw\parts\87697.dat
[ Info: incorporating geometry from C:\Users\chahj\Documents/ldraw\parts\s\87697s01.dat into C:\Users\chahj\Documents\ldraw\parts\87697.dat
[ Info: incorporating geometry from C:\Users\chahj\Documents/ldraw\parts\s\87697s01.dat into C:\Users\chahj\Documents\ldraw\parts\87697.dat
[ Info: incorporating geometry from C:\Users\chahj\Documents/ldraw\parts\s\87697s01.dat into C:\Users\chahj\Documents\ldraw\parts\87697.dat
[ Info: incorporating geometry from C:\Users\chahj\Documents/ldraw\parts\s\87697s01.dat into C:\Users\chahj\Documents\ldraw\parts\87697.dat
[ Info: incorporating geometry from C:\Users\chahj\Documents/ldraw\parts\s\87697s01.dat into C:\Users\chahj\Documents\ldraw\parts\87697.dat
[ Info: incorporating geometry from C:\Users\chahj\Documents/ldraw\parts\s\87697s01.dat into C:\Users\chahj\Documents\ldraw\parts\87697.dat
[ Info: incorporating geometry from C:\Users\chahj\Documents/ldraw\parts\s\87697s01.dat into C:\Users\chahj\Documents\ldraw\parts\87697.dat
[ Info: incorporating geometry from C:\Users\chahj\Documents/ldraw\parts\s\87697s01.dat into C:\Users\chahj\Documents\ldraw\parts\87697.dat
[ Info: incorporating geometry from C:\Users\chahj\Documents/ldraw\parts\s\87697s01.dat into C:\Users\chahj\Documents\ldraw\parts\87697.dat
[ Info: incorporating geometry from C:\Users\chahj\Documents/ldraw\parts\s\87697s01.dat into C:\Users\chahj\Documents\ldraw\parts\87697.dat
[ Info: incorporating geometry from C:\Users\chahj\Documents/ldraw\parts\s\87697s01.dat into C:\Users\chahj\Documents\ldraw\parts\87697.dat
[ Info: incorporating geometry from C:\Users\chahj\Documents/ldraw\parts\s\87697s01.dat into C:\Users\chahj\Documents\ldraw\parts\87697.dat
[ Info: incorporating geometry from C:\Users\chahj\Documents/ldraw\parts\s\87697s01.dat into C:\Users\chahj\Documents\ldraw\parts\87697.dat
[ Info: incorporating geometry from C:\Users\chahj\Documents/ldraw\parts\s\87697s01.dat into C:\Users\chahj\Documents\ldraw\parts\87697.dat
[ Info: incorporating geometry from C:\Users\chahj\Documents/ldraw\parts\s\87697s01.dat into C:\Users\chahj\Documents\ldraw\parts\87697.dat
[ Info: incorporating geometry from C:\Users\chahj\Documents/ldraw\parts\s\87697s01.dat into C:\Users\chahj\Documents\ldraw\parts\87697.dat
[ Info: incorporating geometry from C:\Users\chahj\Documents/ldraw\parts\s\87697s01.dat into C:\Users\chahj\Documents\ldraw\parts\87697.dat
[ Info: incorporating geometry from C:\Users\chahj\Documents/ldraw\parts\s\87697s01.dat into C:\Users\chahj\Documents\ldraw\parts\87697.dat
[ Info: incorporating geometry from C:\Users\chahj\Documents/ldraw\parts\s\87697s01.dat into C:\Users\chahj\Documents\ldraw\parts\87697.dat
[ Info: incorporating geometry from C:\Users\chahj\Documents/ldraw\parts\s\87697s01.dat into C:\Users\chahj\Documents\ldraw\parts\87697.dat
[ Info: incorporating geometry from C:\Users\chahj\Documents/ldraw\parts\s\87697s01.dat into C:\Users\chahj\Documents\ldraw\parts\87697.dat
[ Info: incorporating geometry from C:\Users\chahj\Documents/ldraw\parts\s\87697s01.dat into C:\Users\chahj\Documents\ldraw\parts\87697.dat
[ Info: incorporating geometry from C:\Users\chahj\Documents/ldraw\parts\s\87697s01.dat into C:\Users\chahj\Documents\ldraw\parts\87697.dat
[ Info: incorporating geometry from C:\Users\chahj\Documents/ldraw\parts\s\87697s01.dat into C:\Users\chahj\Documents\ldraw\parts\87697.dat
[ Info: incorporating geometry from C:\Users\chahj\Documents/ldraw\parts\s\87697s01.dat into C:\Users\chahj\Documents\ldraw\parts\87697.dat
[ Info: incorporating geometry from C:\Users\chahj\Documents/ldraw\parts\s\87697s01.dat into C:\Users\chahj\Documents\ldraw\parts\87697.dat
[ Info: incorporating geometry from C:\Users\chahj\Documents/ldraw\parts\s\87697s01.dat into C:\Users\chahj\Documents\ldraw\parts\87697.dat
[ Info: incorporating geometry from C:\Users\chahj\Documents/ldraw\parts\s\87697s01.dat into C:\Users\chahj\Documents\ldraw\parts\87697.dat
[ Info: incorporating geometry from C:\Users\chahj\Documents/ldraw\parts\s\87697s01.dat into C:\Users\chahj\Documents\ldraw\parts\87697.dat
[ Info: incorporating geometry from C:\Users\chahj\Documents\ldraw\p\rect3.dat into C:\Users\chahj\Documents/ldraw\parts\s\87414s01.dat
[ Info: incorporating geometry from C:\Users\chahj\Documents\ldraw\p\rect.dat into C:\Users\chahj\Documents/ldraw\parts\s\87414s01.dat
[ Info: incorporating geometry from C:\Users\chahj\Documents\ldraw\p\rect3.dat into C:\Users\chahj\Documents/ldraw\parts\s\87414s01.dat
[ Info: incorporating geometry from C:\Users\chahj\Documents\ldraw\p\rect2a.dat into C:\Users\chahj\Documents/ldraw\parts\s\87414s01.dat
[ Info: incorporating geometry from C:\Users\chahj\Documents/ldraw\parts\s\87414s01.dat into C:\Users\chahj\Documents\ldraw\parts\87414.dat
[ Info: incorporating geometry from C:\Users\chahj\Documents/ldraw\parts\s\87414s01.dat into C:\Users\chahj\Documents\ldraw\parts\87414.dat
[ Info: incorporating geometry from C:\Users\chahj\Documents/ldraw\parts\s\87414s01.dat into C:\Users\chahj\Documents\ldraw\parts\87414.dat
[ Info: incorporating geometry from C:\Users\chahj\Documents/ldraw\parts\s\87414s01.dat into C:\Users\chahj\Documents\ldraw\parts\87414.dat
[ Info: incorporating geometry from C:\Users\chahj\Documents/ldraw\parts\s\87414s01.dat into C:\Users\chahj\Documents\ldraw\parts\87414.dat
[ Info: incorporating geometry from C:\Users\chahj\Documents/ldraw\parts\s\87414s01.dat into C:\Users\chahj\Documents\ldraw\parts\87414.dat
[ Info: incorporating geometry from C:\Users\chahj\Documents/ldraw\parts\s\87414s01.dat into C:\Users\chahj\Documents\ldraw\parts\87414.dat
[ Info: incorporating geometry from C:\Users\chahj\Documents/ldraw\parts\s\87414s01.dat into C:\Users\chahj\Documents\ldraw\parts\87414.dat
[ Info: incorporating geometry from C:\Users\chahj\Documents/ldraw\parts\s\87414s01.dat into C:\Users\chahj\Documents\ldraw\parts\87414.dat
[ Info: incorporating geometry from C:\Users\chahj\Documents/ldraw\parts\s\87414s01.dat into C:\Users\chahj\Documents\ldraw\parts\87414.dat
[ Info: incorporating geometry from C:\Users\chahj\Documents/ldraw\parts\s\87414s01.dat into C:\Users\chahj\Documents\ldraw\parts\87414.dat
[ Info: incorporating geometry from C:\Users\chahj\Documents/ldraw\parts\s\87414s01.dat into C:\Users\chahj\Documents\ldraw\parts\87414.dat
[ Info: incorporating geometry from C:\Users\chahj\Documents/ldraw\parts\s\87414s01.dat into C:\Users\chahj\Documents\ldraw\parts\87414.dat
[ Info: incorporating geometry from C:\Users\chahj\Documents/ldraw\parts\s\87414s01.dat into C:\Users\chahj\Documents\ldraw\parts\87414.dat
[ Info: incorporating geometry from C:\Users\chahj\Documents/ldraw\parts\s\87414s01.dat into C:\Users\chahj\Documents\ldraw\parts\87414.dat
[ Info: incorporating geometry from C:\Users\chahj\Documents/ldraw\parts\s\87414s01.dat into C:\Users\chahj\Documents\ldraw\parts\87414.dat
[ Info: incorporating geometry from C:\Users\chahj\Documents\ldraw\p\4-4cylo.dat into C:\Users\chahj\Documents\ldraw\parts\87414.dat
[ Info: incorporating geometry from C:\Users\chahj\Documents\ldraw\p\4-4cylo.dat into C:\Users\chahj\Documents\ldraw\parts\87414.dat
[ Info: incorporating geometry from C:\Users\chahj\Documents\ldraw\p\4-4cylo.dat into C:\Users\chahj\Documents\ldraw\parts\87414.dat
[ Info: incorporating geometry from C:\Users\chahj\Documents\ldraw\p\4-4con7.dat into C:\Users\chahj\Documents\ldraw\parts\87414.dat
[ Info: incorporating geometry from C:\Users\chahj\Documents\ldraw\p\4-4cylo.dat into C:\Users\chahj\Documents\ldraw\parts\87414.dat
[ Info: incorporating geometry from C:\Users\chahj\Documents\ldraw\p\4-4con7.dat into C:\Users\chahj\Documents\ldraw\parts\87414.dat
[ Info: incorporating geometry from C:\Users\chahj\Documents\ldraw\p\4-4cylo.dat into C:\Users\chahj\Documents\ldraw\parts\87414.dat
[ Info: incorporating geometry from C:\Users\chahj\Documents\ldraw\p\4-4ring16.dat into C:\Users\chahj\Documents\ldraw\parts\87414.dat
[ Info: incorporating geometry from C:\Users\chahj\Documents\ldraw\p\4-4ring16.dat into C:\Users\chahj\Documents\ldraw\parts\87414.dat
[ Info: incorporating geometry from C:\Users\chahj\Documents/ldraw\parts\s\3023bs01.dat into C:\Users\chahj\Documents\ldraw\parts\3023b.dat
[ Info: incorporating geometry from C:\Users\chahj\Documents\ldraw\parts\3023b.dat into C:\Users\chahj\Documents\ldraw\parts\3023.dat
[ Info: incorporating geometry from C:\Users\chahj\Documents\ldraw\p\stud4.dat into C:\Users\chahj\Documents\ldraw\parts\3021.dat
[ Info: incorporating geometry from C:\Users\chahj\Documents\ldraw\p\stud4.dat into C:\Users\chahj\Documents\ldraw\parts\3021.dat
[ Info: incorporating geometry from C:\Users\chahj\Documents\ldraw\p\box5.dat into C:\Users\chahj\Documents\ldraw\parts\3021.dat
[ Info: incorporating geometry from C:\Users\chahj\Documents\ldraw\p\box5.dat into C:\Users\chahj\Documents\ldraw\parts\3021.dat
[ Info: incorporating geometry from C:\Users\chahj\Documents\ldraw\p\stud.dat into C:\Users\chahj\Documents\ldraw\parts\3021.dat
[ Info: incorporating geometry from C:\Users\chahj\Documents\ldraw\p\stud.dat into C:\Users\chahj\Documents\ldraw\parts\3021.dat
[ Info: incorporating geometry from C:\Users\chahj\Documents\ldraw\p\stud.dat into C:\Users\chahj\Documents\ldraw\parts\3021.dat
[ Info: incorporating geometry from C:\Users\chahj\Documents\ldraw\p\stud.dat into C:\Users\chahj\Documents\ldraw\parts\3021.dat
[ Info: incorporating geometry from C:\Users\chahj\Documents\ldraw\p\stud.dat into C:\Users\chahj\Documents\ldraw\parts\3021.dat
[ Info: incorporating geometry from C:\Users\chahj\Documents\ldraw\p\stud.dat into C:\Users\chahj\Documents\ldraw\parts\3021.dat
[ Info: incorporating geometry from C:\Users\chahj\Documents\ldraw\p\stud4f2w.dat into C:\Users\chahj\Documents\ldraw\parts\4600.dat
[ Info: incorporating geometry from C:\Users\chahj\Documents\ldraw\p\4-4edge.dat into C:\Users\chahj\Documents\ldraw\parts\4600.dat
[ Info: incorporating geometry from C:\Users\chahj\Documents\ldraw\p\box3u8p.dat into C:\Users\chahj\Documents\ldraw\parts\4600.dat
[ Info: incorporating geometry from C:\Users\chahj\Documents\ldraw\p\box3u8p.dat into C:\Users\chahj\Documents\ldraw\parts\4600.dat
[ Info: incorporating geometry from C:\Users\chahj\Documents\ldraw\p\box3u2p.dat into C:\Users\chahj\Documents\ldraw\parts\4600.dat
[ Info: incorporating geometry from C:\Users\chahj\Documents\ldraw\p\rect2a.dat into C:\Users\chahj\Documents\ldraw\parts\4600.dat
[ Info: incorporating geometry from C:\Users\chahj\Documents\ldraw\p\rect2a.dat into C:\Users\chahj\Documents\ldraw\parts\4600.dat
[ Info: incorporating geometry from C:\Users\chahj\Documents\ldraw\p\rect2a.dat into C:\Users\chahj\Documents\ldraw\parts\4600.dat
[ Info: incorporating geometry from C:\Users\chahj\Documents\ldraw\p\rect2a.dat into C:\Users\chahj\Documents\ldraw\parts\4600.dat
[ Info: incorporating geometry from C:\Users\chahj\Documents\ldraw\p\box5-4a.dat into C:\Users\chahj\Documents\ldraw\parts\4600.dat
[ Info: incorporating geometry from C:\Users\chahj\Documents\ldraw\p\wpin2.dat into C:\Users\chahj\Documents\ldraw\parts\4600.dat
[ Info: incorporating geometry from C:\Users\chahj\Documents\ldraw\p\wpin2.dat into C:\Users\chahj\Documents\ldraw\parts\4600.dat
[ Info: incorporating geometry from C:\Users\chahj\Documents\ldraw\p\stud.dat into C:\Users\chahj\Documents\ldraw\p\stug-2x2.dat
[ Info: incorporating geometry from C:\Users\chahj\Documents\ldraw\p\stud.dat into C:\Users\chahj\Documents\ldraw\p\stug-2x2.dat
[ Info: incorporating geometry from C:\Users\chahj\Documents\ldraw\p\stud.dat into C:\Users\chahj\Documents\ldraw\p\stug-2x2.dat
[ Info: incorporating geometry from C:\Users\chahj\Documents\ldraw\p\stud.dat into C:\Users\chahj\Documents\ldraw\p\stug-2x2.dat
[ Info: incorporating geometry from C:\Users\chahj\Documents\ldraw\p\stug-2x2.dat into C:\Users\chahj\Documents\ldraw\parts\4600.dat
[ Info: incorporating geometry from C:\Users\chahj\Documents\ldraw\parts\6014a.dat into C:\Users\chahj\Documents\ldraw\parts\6014.dat
[ Info: incorporating geometry from C:\Users\chahj\Documents\ldraw\parts\3039.dat into C:\Users\chahj\Documents\ldraw\parts\6227.dat
[ Info: incorporating geometry from C:\Users\chahj\Documents\ldraw\parts\3021.dat into C:\Users\chahj\Documents\ldraw\parts\3021.dat
[ Info: incorporating geometry from C:\Users\chahj\Documents\ldraw\parts\3001.dat into C:\Users\chahj\Documents\ldraw\parts\3001.dat
[ Info: incorporating geometry from rear_axle.ldr into rear_axle.ldr
[ Info: incorporating geometry from rear_wheel_and_tire.ldr into rear_wheel_and_tire.ldr
[ Info: incorporating geometry from front_wheel_and_tire.ldr into front_wheel_and_tire.ldr
[ Info: incorporating geometry from C:\Users\chahj\Documents\ldraw\parts\4600.dat into C:\Users\chahj\Documents\ldraw\parts\4600.dat
[ Info: incorporating geometry from C:\Users\chahj\Documents\ldraw\parts\3004.dat into C:\Users\chahj\Documents\ldraw\parts\3004.dat
[ Info: incorporating geometry from C:\Users\chahj\Documents\ldraw\parts\87697.dat into C:\Users\chahj\Documents\ldraw\parts\87697.dat
[ Info: incorporating geometry from C:\Users\chahj\Documents\ldraw\parts\3062b.dat into C:\Users\chahj\Documents\ldraw\parts\3062b.dat
[ Info: incorporating geometry from C:\Users\chahj\Documents\ldraw\parts\4624.dat into C:\Users\chahj\Documents\ldraw\parts\4624.dat
[ Info: incorporating geometry from C:\Users\chahj\Documents\ldraw\parts\87414.dat into C:\Users\chahj\Documents\ldraw\parts\87414.dat
[ Info: incorporating geometry from chassis.ldr into chassis.ldr
[ Info: incorporating geometry from C:\Users\chahj\Documents\ldraw\parts\3022.dat into C:\Users\chahj\Documents\ldraw\parts\3022.dat
[ Info: incorporating geometry from C:\Users\chahj\Documents\ldraw\parts\6014.dat into C:\Users\chahj\Documents\ldraw\parts\6014.dat
[ Info: incorporating geometry from front_axle.ldr into front_axle.ldr
[ Info: incorporating geometry from C:\Users\chahj\Documents\ldraw\parts\6227.dat into C:\Users\chahj\Documents\ldraw\parts\6227.dat
[ Info: incorporating geometry from C:\Users\chahj\Documents\ldraw\parts\3023.dat into C:\Users\chahj\Documents\ldraw\parts\3023.dat
[ Info: incorporating geometry from C:\Users\chahj\Documents\ldraw\p\4-4con4.dat into C:\Users\chahj\Documents\ldraw\p\4-4con4.dat
[ Info: incorporating geometry from C:\Users\chahj\Documents/ldraw\p\8\1-4cyls.dat into C:\Users\chahj\Documents/ldraw\p\8\1-4cyls.dat
[ Info: incorporating geometry from C:\Users\chahj\Documents\ldraw\p\1-16con16.dat into C:\Users\chahj\Documents\ldraw\p\1-16con16.dat
[ Info: incorporating geometry from C:\Users\chahj\Documents\ldraw\p\1-8cyli.dat into C:\Users\chahj\Documents\ldraw\p\1-8cyli.dat
[ Info: incorporating geometry from C:\Users\chahj\Documents\ldraw\p\1-8chrd.dat into C:\Users\chahj\Documents\ldraw\p\1-8chrd.dat
[ Info: incorporating geometry from C:\Users\chahj\Documents/ldraw\parts\s\3004s01.dat into C:\Users\chahj\Documents/ldraw\parts\s\3004s01.dat
[ Info: incorporating geometry from C:\Users\chahj\Documents\ldraw\p\1-8disc.dat into C:\Users\chahj\Documents\ldraw\p\1-8disc.dat
[ Info: incorporating geometry from C:\Users\chahj\Documents\ldraw\p\4-4ring11.dat into C:\Users\chahj\Documents\ldraw\p\4-4ring11.dat
[ Info: incorporating geometry from C:\Users\chahj\Documents\ldraw\p\1-16con3.dat into C:\Users\chahj\Documents\ldraw\p\1-16con3.dat
[ Info: incorporating geometry from C:\Users\chahj\Documents\ldraw\p\4-4ring10.dat into C:\Users\chahj\Documents\ldraw\p\4-4ring10.dat
[ Info: incorporating geometry from C:\Users\chahj\Documents/ldraw\parts\s\3001s01.dat into C:\Users\chahj\Documents/ldraw\parts\s\3001s01.dat
[ Info: incorporating geometry from C:\Users\chahj\Documents\ldraw\p\1-4ring3.dat into C:\Users\chahj\Documents\ldraw\p\1-4ring3.dat
[ Info: incorporating geometry from C:\Users\chahj\Documents\ldraw\p\box3u8p.dat into C:\Users\chahj\Documents\ldraw\p\box3u8p.dat
[ Info: incorporating geometry from C:\Users\chahj\Documents\ldraw\p\stud.dat into C:\Users\chahj\Documents\ldraw\p\stud.dat
[ Info: incorporating geometry from C:\Users\chahj\Documents\ldraw\p\box3u4a.dat into C:\Users\chahj\Documents\ldraw\p\box3u4a.dat
[ Info: incorporating geometry from C:\Users\chahj\Documents/ldraw\parts\s\3062bs01.dat into C:\Users\chahj\Documents/ldraw\parts\s\3062bs01.dat
[ Info: incorporating geometry from C:\Users\chahj\Documents\ldraw\p\1-4ndis.dat into C:\Users\chahj\Documents\ldraw\p\1-4ndis.dat
[ Info: incorporating geometry from C:\Users\chahj\Documents\ldraw\p\1-16cylo.dat into C:\Users\chahj\Documents\ldraw\p\1-16cylo.dat
[ Info: incorporating geometry from C:\Users\chahj\Documents\ldraw\p\st4jfil4.dat into C:\Users\chahj\Documents\ldraw\p\st4jfil4.dat
[ Info: incorporating geometry from C:\Users\chahj\Documents\ldraw\p\1-4chrd.dat into C:\Users\chahj\Documents\ldraw\p\1-4chrd.dat
[ Info: incorporating geometry from C:\Users\chahj\Documents\ldraw\p\empty.dat into C:\Users\chahj\Documents\ldraw\p\empty.dat
[ Info: incorporating geometry from C:\Users\chahj\Documents\ldraw\p\wpin2.dat into C:\Users\chahj\Documents\ldraw\p\wpin2.dat
[ Info: incorporating geometry from C:\Users\chahj\Documents/ldraw\parts\s\3023bs01.dat into C:\Users\chahj\Documents/ldraw\parts\s\3023bs01.dat
[ Info: incorporating geometry from C:\Users\chahj\Documents\ldraw\p\3-8ring3.dat into C:\Users\chahj\Documents\ldraw\p\3-8ring3.dat
[ Info: incorporating geometry from C:\Users\chahj\Documents\ldraw\p\1-8ring4.dat into C:\Users\chahj\Documents\ldraw\p\1-8ring4.dat
[ Info: incorporating geometry from C:\Users\chahj\Documents\ldraw\p\4-4ndis.dat into C:\Users\chahj\Documents\ldraw\p\4-4ndis.dat
[ Info: incorporating geometry from C:\Users\chahj\Documents\ldraw\p\2-4ndis.dat into C:\Users\chahj\Documents\ldraw\p\2-4ndis.dat
[ Info: incorporating geometry from C:\Users\chahj\Documents\ldraw\p\1-8cylo.dat into C:\Users\chahj\Documents\ldraw\p\1-8cylo.dat
[ Info: incorporating geometry from C:\Users\chahj\Documents\ldraw\p\1-8con4.dat into C:\Users\chahj\Documents\ldraw\p\1-8con4.dat
[ Info: incorporating geometry from C:\Users\chahj\Documents\ldraw\p\4-4ring4.dat into C:\Users\chahj\Documents\ldraw\p\4-4ring4.dat
[ Info: incorporating geometry from C:\Users\chahj\Documents\ldraw\p\3-8chrd.dat into C:\Users\chahj\Documents\ldraw\p\3-8chrd.dat
[ Info: incorporating geometry from C:\Users\chahj\Documents\ldraw\p\4-4edge.dat into C:\Users\chahj\Documents\ldraw\p\4-4edge.dat
[ Info: incorporating geometry from C:\Users\chahj\Documents\ldraw\p\wpin.dat into C:\Users\chahj\Documents\ldraw\p\wpin.dat
[ Info: incorporating geometry from C:\Users\chahj\Documents\ldraw\parts\3039.dat into C:\Users\chahj\Documents\ldraw\parts\3039.dat
[ Info: incorporating geometry from C:\Users\chahj\Documents\ldraw\p\4-4ring16.dat into C:\Users\chahj\Documents\ldraw\p\4-4ring16.dat
[ Info: incorporating geometry from C:\Users\chahj\Documents/ldraw\p\8\1-4edge.dat into C:\Users\chahj\Documents/ldraw\p\8\1-4edge.dat
[ Info: incorporating geometry from C:\Users\chahj\Documents\ldraw\p\4-4cylo.dat into C:\Users\chahj\Documents\ldraw\p\4-4cylo.dat
[ Info: incorporating geometry from C:\Users\chahj\Documents/ldraw\parts\s\87697s01.dat into C:\Users\chahj\Documents/ldraw\parts\s\87697s01.dat
[ Info: incorporating geometry from C:\Users\chahj\Documents\ldraw\p\rect1.dat into C:\Users\chahj\Documents\ldraw\p\rect1.dat
[ Info: incorporating geometry from C:\Users\chahj\Documents\ldraw\p\4-4ring12.dat into C:\Users\chahj\Documents\ldraw\p\4-4ring12.dat
[ Info: incorporating geometry from C:\Users\chahj\Documents/ldraw\parts\s\6014s01.dat into C:\Users\chahj\Documents/ldraw\parts\s\6014s01.dat
[ Info: incorporating geometry from C:\Users\chahj\Documents\ldraw\p\4-4con12.dat into C:\Users\chahj\Documents\ldraw\p\4-4con12.dat
[ Info: incorporating geometry from C:\Users\chahj\Documents\ldraw\p\stud4f2w.dat into C:\Users\chahj\Documents\ldraw\p\stud4f2w.dat
[ Info: incorporating geometry from C:\Users\chahj\Documents\ldraw\p\4-4ring3.dat into C:\Users\chahj\Documents\ldraw\p\4-4ring3.dat
[ Info: incorporating geometry from C:\Users\chahj\Documents\ldraw\p\1-4cyli.dat into C:\Users\chahj\Documents\ldraw\p\1-4cyli.dat
[ Info: incorporating geometry from C:\Users\chahj\Documents\ldraw\p\2-4chrd.dat into C:\Users\chahj\Documents\ldraw\p\2-4chrd.dat
[ Info: incorporating geometry from C:\Users\chahj\Documents\ldraw\p\4-4disc.dat into C:\Users\chahj\Documents\ldraw\p\4-4disc.dat
[ Info: incorporating geometry from C:\Users\chahj\Documents\ldraw\p\4-4ring2.dat into C:\Users\chahj\Documents\ldraw\p\4-4ring2.dat
[ Info: incorporating geometry from C:\Users\chahj\Documents\ldraw\parts\6014a.dat into C:\Users\chahj\Documents\ldraw\parts\6014a.dat
[ Info: incorporating geometry from C:\Users\chahj\Documents\ldraw\p\1-16ring2.dat into C:\Users\chahj\Documents\ldraw\p\1-16ring2.dat
[ Info: incorporating geometry from C:\Users\chahj\Documents\ldraw\p\1-4con5.dat into C:\Users\chahj\Documents\ldraw\p\1-4con5.dat
[ Info: incorporating geometry from C:\Users\chahj\Documents\ldraw\p\3-8con12.dat into C:\Users\chahj\Documents\ldraw\p\3-8con12.dat
[ Info: incorporating geometry from C:\Users\chahj\Documents\ldraw\p\4-4con7.dat into C:\Users\chahj\Documents\ldraw\p\4-4con7.dat
[ Info: incorporating geometry from C:\Users\chahj\Documents\ldraw\p\1-16tndis.dat into C:\Users\chahj\Documents\ldraw\p\1-16tndis.dat
[ Info: incorporating geometry from C:\Users\chahj\Documents\ldraw\p\3-8cylo.dat into C:\Users\chahj\Documents\ldraw\p\3-8cylo.dat
[ Info: incorporating geometry from C:\Users\chahj\Documents\ldraw\p\box5-4a.dat into C:\Users\chahj\Documents\ldraw\p\box5-4a.dat
[ Info: incorporating geometry from C:\Users\chahj\Documents\ldraw\p\1-4edge.dat into C:\Users\chahj\Documents\ldraw\p\1-4edge.dat
[ Info: incorporating geometry from C:\Users\chahj\Documents/ldraw\parts\s\4624s01.dat into C:\Users\chahj\Documents/ldraw\parts\s\4624s01.dat
[ Info: incorporating geometry from C:\Users\chahj\Documents\ldraw\p\3-8edge.dat into C:\Users\chahj\Documents\ldraw\p\3-8edge.dat
[ Info: incorporating geometry from C:\Users\chahj\Documents\ldraw\p\3-8cyli.dat into C:\Users\chahj\Documents\ldraw\p\3-8cyli.dat
[ Info: incorporating geometry from C:\Users\chahj\Documents/ldraw\parts\s\6015s02.dat into C:\Users\chahj\Documents/ldraw\parts\s\6015s02.dat
[ Info: incorporating geometry from C:\Users\chahj\Documents\ldraw\p\3-8ring12.dat into C:\Users\chahj\Documents\ldraw\p\3-8ring12.dat
[ Info: incorporating geometry from C:\Users\chahj\Documents\ldraw\p\1-16cyli.dat into C:\Users\chahj\Documents\ldraw\p\1-16cyli.dat
[ Info: incorporating geometry from C:\Users\chahj\Documents\ldraw\p\stug-1x2.dat into C:\Users\chahj\Documents\ldraw\p\stug-1x2.dat
[ Info: incorporating geometry from C:\Users\chahj\Documents\ldraw\p\2-4edge.dat into C:\Users\chahj\Documents\ldraw\p\2-4edge.dat
[ Info: incorporating geometry from C:\Users\chahj\Documents\ldraw\p\box4-4a.dat into C:\Users\chahj\Documents\ldraw\p\box4-4a.dat
[ Info: incorporating geometry from C:\Users\chahj\Documents\ldraw\p\1-4cylo.dat into C:\Users\chahj\Documents\ldraw\p\1-4cylo.dat
[ Info: incorporating geometry from C:\Users\chahj\Documents/ldraw\p\8\1-4ndis.dat into C:\Users\chahj\Documents/ldraw\p\8\1-4ndis.dat
[ Info: incorporating geometry from C:\Users\chahj\Documents\ldraw\p\box5.dat into C:\Users\chahj\Documents\ldraw\p\box5.dat
[ Info: incorporating geometry from C:\Users\chahj\Documents\ldraw\p\1-16chrd.dat into C:\Users\chahj\Documents\ldraw\p\1-16chrd.dat
[ Info: incorporating geometry from C:\Users\chahj\Documents\ldraw\p\rect2a.dat into C:\Users\chahj\Documents\ldraw\p\rect2a.dat
[ Info: incorporating geometry from C:\Users\chahj\Documents\ldraw\p\4-4con5.dat into C:\Users\chahj\Documents\ldraw\p\4-4con5.dat
[ Info: incorporating geometry from C:\Users\chahj\Documents\ldraw\p\1-16edge.dat into C:\Users\chahj\Documents\ldraw\p\1-16edge.dat
[ Info: incorporating geometry from C:\Users\chahj\Documents\ldraw\p\4-4cyli.dat into C:\Users\chahj\Documents\ldraw\p\4-4cyli.dat
[ Info: incorporating geometry from C:\Users\chahj\Documents/ldraw\parts\s\87414s01.dat into C:\Users\chahj\Documents/ldraw\parts\s\87414s01.dat
[ Info: incorporating geometry from C:\Users\chahj\Documents\ldraw\p\stud2a.dat into C:\Users\chahj\Documents\ldraw\p\stud2a.dat
[ Info: incorporating geometry from C:\Users\chahj\Documents\ldraw\p\1-4ring4.dat into C:\Users\chahj\Documents\ldraw\p\1-4ring4.dat
[ Info: incorporating geometry from C:\Users\chahj\Documents\ldraw\p\1-8ring17.dat into C:\Users\chahj\Documents\ldraw\p\1-8ring17.dat
[ Info: incorporating geometry from C:\Users\chahj\Documents\ldraw\p\wpin2a.dat into C:\Users\chahj\Documents\ldraw\p\wpin2a.dat
[ Info: incorporating geometry from C:\Users\chahj\Documents\ldraw\p\stud4a.dat into C:\Users\chahj\Documents\ldraw\p\stud4a.dat
[ Info: incorporating geometry from C:\Users\chahj\Documents\ldraw\p\2-4cyli.dat into C:\Users\chahj\Documents\ldraw\p\2-4cyli.dat
[ Info: incorporating geometry from C:\Users\chahj\Documents\ldraw\p\4-4ring9.dat into C:\Users\chahj\Documents\ldraw\p\4-4ring9.dat
[ Info: incorporating geometry from C:\Users\chahj\Documents\ldraw\p\4-4con10.dat into C:\Users\chahj\Documents\ldraw\p\4-4con10.dat
[ Info: incorporating geometry from C:\Users\chahj\Documents\ldraw\p\stud3.dat into C:\Users\chahj\Documents\ldraw\p\stud3.dat
[ Info: incorporating geometry from C:\Users\chahj\Documents/ldraw\parts\s\3039s01.dat into C:\Users\chahj\Documents/ldraw\parts\s\3039s01.dat
[ Info: incorporating geometry from C:\Users\chahj\Documents\ldraw\p\1-8ring3.dat into C:\Users\chahj\Documents\ldraw\p\1-8ring3.dat
[ Info: incorporating geometry from C:\Users\chahj\Documents\ldraw\p\1-8ring9.dat into C:\Users\chahj\Documents\ldraw\p\1-8ring9.dat
[ Info: incorporating geometry from C:\Users\chahj\Documents\ldraw\p\box3u2p.dat into C:\Users\chahj\Documents\ldraw\p\box3u2p.dat
[ Info: incorporating geometry from C:\Users\chahj\Documents\ldraw\p\stug-2x2.dat into C:\Users\chahj\Documents\ldraw\p\stug-2x2.dat
[ Info: incorporating geometry from C:\Users\chahj\Documents\ldraw\p\1-8edge.dat into C:\Users\chahj\Documents\ldraw\p\1-8edge.dat
[ Info: incorporating geometry from C:\Users\chahj\Documents\ldraw\p\stud4od.dat into C:\Users\chahj\Documents\ldraw\p\stud4od.dat
[ Info: incorporating geometry from C:\Users\chahj\Documents\ldraw\p\1-4cyls.dat into C:\Users\chahj\Documents\ldraw\p\1-4cyls.dat
[ Info: incorporating geometry from C:\Users\chahj\Documents\ldraw\p\stud4.dat into C:\Users\chahj\Documents\ldraw\p\stud4.dat
[ Info: incorporating geometry from C:\Users\chahj\Documents/ldraw\p\8\1-4cyli.dat into C:\Users\chahj\Documents/ldraw\p\8\1-4cyli.dat
[ Info: incorporating geometry from C:\Users\chahj\Documents\ldraw\parts\3023b.dat into C:\Users\chahj\Documents\ldraw\parts\3023b.dat
[ Info: incorporating geometry from C:\Users\chahj\Documents\ldraw\p\rect2p.dat into C:\Users\chahj\Documents\ldraw\p\rect2p.dat
[ Info: incorporating geometry from C:\Users\chahj\Documents\ldraw\p\rect3.dat into C:\Users\chahj\Documents\ldraw\p\rect3.dat
[ Info: incorporating geometry from C:\Users\chahj\Documents\ldraw\p\box4t.dat into C:\Users\chahj\Documents\ldraw\p\box4t.dat
[ Info: incorporating geometry from C:\Users\chahj\Documents\ldraw\p\rect.dat into C:\Users\chahj\Documents\ldraw\p\rect.dat
[ Info: SUB FILE PART: C:\Users\chahj\Documents\ldraw\parts\3023.dat-1
[ Info: Attaching full_assembly.ldr => C:\Users\chahj\Documents\ldraw\parts\3023.dat-1
[ Info: full_assembly.ldr => C:\Users\chahj\Documents\ldraw\parts\3023.dat-1 is true
[ Info: SUB FILE PART: C:\Users\chahj\Documents\ldraw\parts\3023.dat-2
[ Info: Attaching full_assembly.ldr => C:\Users\chahj\Documents\ldraw\parts\3023.dat-2
[ Info: full_assembly.ldr => C:\Users\chahj\Documents\ldraw\parts\3023.dat-2 is true
[ Info: SUB FILE PART: C:\Users\chahj\Documents\ldraw\parts\3062b.dat-1
[ Info: Attaching full_assembly.ldr => C:\Users\chahj\Documents\ldraw\parts\3062b.dat-1
[ Info: full_assembly.ldr => C:\Users\chahj\Documents\ldraw\parts\3062b.dat-1 is true
[ Info: SUB FILE PART: C:\Users\chahj\Documents\ldraw\parts\6227.dat-1
[ Info: Attaching full_assembly.ldr => C:\Users\chahj\Documents\ldraw\parts\6227.dat-1
[ Info: full_assembly.ldr => C:\Users\chahj\Documents\ldraw\parts\6227.dat-1 is true
[ Info: SUB FILE PART: C:\Users\chahj\Documents\ldraw\parts\3004.dat-1
[ Info: Attaching full_assembly.ldr => C:\Users\chahj\Documents\ldraw\parts\3004.dat-1
[ Info: full_assembly.ldr => C:\Users\chahj\Documents\ldraw\parts\3004.dat-1 is true
[ Info: Attaching full_assembly.ldr => front_axle.ldr-2
[ Info: full_assembly.ldr => front_axle.ldr-2 is true
[ Info: Attaching full_assembly.ldr => rear_axle.ldr-2
[ Info: full_assembly.ldr => rear_axle.ldr-2 is true
[ Info: Attaching full_assembly.ldr => chassis.ldr-2
[ Info: full_assembly.ldr => chassis.ldr-2 is true
[ Info: SUB FILE PART: C:\Users\chahj\Documents\ldraw\parts\3001.dat-2
[ Info: Attaching chassis.ldr-2 => C:\Users\chahj\Documents\ldraw\parts\3001.dat-2
[ Info: chassis.ldr-2 => C:\Users\chahj\Documents\ldraw\parts\3001.dat-2 is true
[ Info: SUB FILE PART: C:\Users\chahj\Documents\ldraw\parts\3004.dat-3
[ Info: Attaching chassis.ldr-2 => C:\Users\chahj\Documents\ldraw\parts\3004.dat-3
[ Info: chassis.ldr-2 => C:\Users\chahj\Documents\ldraw\parts\3004.dat-3 is true
[ Info: SUB FILE PART: C:\Users\chahj\Documents\ldraw\parts\3021.dat-4
[ Info: Attaching chassis.ldr-2 => C:\Users\chahj\Documents\ldraw\parts\3021.dat-4
[ Info: chassis.ldr-2 => C:\Users\chahj\Documents\ldraw\parts\3021.dat-4 is true
[ Info: SUB FILE PART: C:\Users\chahj\Documents\ldraw\parts\3022.dat-2
[ Info: Attaching chassis.ldr-2 => C:\Users\chahj\Documents\ldraw\parts\3022.dat-2
[ Info: chassis.ldr-2 => C:\Users\chahj\Documents\ldraw\parts\3022.dat-2 is true
[ Info: SUB FILE PART: C:\Users\chahj\Documents\ldraw\parts\3021.dat-3
[ Info: Attaching chassis.ldr-2 => C:\Users\chahj\Documents\ldraw\parts\3021.dat-3
[ Info: chassis.ldr-2 => C:\Users\chahj\Documents\ldraw\parts\3021.dat-3 is true
[ Info: Attaching rear_axle.ldr-2 => rear_wheel_and_tire.ldr-8
[ Info: rear_axle.ldr-2 => rear_wheel_and_tire.ldr-8 is true
[ Info: Attaching rear_axle.ldr-2 => rear_wheel_and_tire.ldr-7
[ Info: rear_axle.ldr-2 => rear_wheel_and_tire.ldr-7 is true
[ Info: SUB FILE PART: C:\Users\chahj\Documents\ldraw\parts\4600.dat-3
[ Info: Attaching rear_axle.ldr-2 => C:\Users\chahj\Documents\ldraw\parts\4600.dat-3
[ Info: rear_axle.ldr-2 => C:\Users\chahj\Documents\ldraw\parts\4600.dat-3 is true
[ Info: SUB FILE PART: C:\Users\chahj\Documents\ldraw\parts\87697.dat-4
[ Info: Attaching rear_wheel_and_tire.ldr-7 => C:\Users\chahj\Documents\ldraw\parts\87697.dat-4
[ Info: rear_wheel_and_tire.ldr-7 => C:\Users\chahj\Documents\ldraw\parts\87697.dat-4 is true
[ Info: SUB FILE PART: C:\Users\chahj\Documents\ldraw\parts\6014.dat-4
[ Info: Attaching rear_wheel_and_tire.ldr-7 => C:\Users\chahj\Documents\ldraw\parts\6014.dat-4
[ Info: rear_wheel_and_tire.ldr-7 => C:\Users\chahj\Documents\ldraw\parts\6014.dat-4 is true
[ Info: SUB FILE PART: C:\Users\chahj\Documents\ldraw\parts\87697.dat-5
[ Info: Attaching rear_wheel_and_tire.ldr-8 => C:\Users\chahj\Documents\ldraw\parts\87697.dat-5
[ Info: rear_wheel_and_tire.ldr-8 => C:\Users\chahj\Documents\ldraw\parts\87697.dat-5 is true
[ Info: SUB FILE PART: C:\Users\chahj\Documents\ldraw\parts\6014.dat-5
[ Info: Attaching rear_wheel_and_tire.ldr-8 => C:\Users\chahj\Documents\ldraw\parts\6014.dat-5
[ Info: rear_wheel_and_tire.ldr-8 => C:\Users\chahj\Documents\ldraw\parts\6014.dat-5 is true
[ Info: Attaching front_axle.ldr-2 => front_wheel_and_tire.ldr-8
[ Info: front_axle.ldr-2 => front_wheel_and_tire.ldr-8 is true
[ Info: Attaching front_axle.ldr-2 => front_wheel_and_tire.ldr-7
[ Info: front_axle.ldr-2 => front_wheel_and_tire.ldr-7 is true
[ Info: SUB FILE PART: C:\Users\chahj\Documents\ldraw\parts\4600.dat-4
[ Info: Attaching front_axle.ldr-2 => C:\Users\chahj\Documents\ldraw\parts\4600.dat-4
[ Info: front_axle.ldr-2 => C:\Users\chahj\Documents\ldraw\parts\4600.dat-4 is true
[ Info: SUB FILE PART: C:\Users\chahj\Documents\ldraw\parts\87414.dat-4
[ Info: Attaching front_wheel_and_tire.ldr-7 => C:\Users\chahj\Documents\ldraw\parts\87414.dat-4
[ Info: front_wheel_and_tire.ldr-7 => C:\Users\chahj\Documents\ldraw\parts\87414.dat-4 is true
[ Info: SUB FILE PART: C:\Users\chahj\Documents\ldraw\parts\4624.dat-4
[ Info: Attaching front_wheel_and_tire.ldr-7 => C:\Users\chahj\Documents\ldraw\parts\4624.dat-4
[ Info: front_wheel_and_tire.ldr-7 => C:\Users\chahj\Documents\ldraw\parts\4624.dat-4 is true
[ Info: SUB FILE PART: C:\Users\chahj\Documents\ldraw\parts\87414.dat-5
[ Info: Attaching front_wheel_and_tire.ldr-8 => C:\Users\chahj\Documents\ldraw\parts\87414.dat-5
[ Info: front_wheel_and_tire.ldr-8 => C:\Users\chahj\Documents\ldraw\parts\87414.dat-5 is true
[ Info: SUB FILE PART: C:\Users\chahj\Documents\ldraw\parts\4624.dat-5
[ Info: Attaching front_wheel_and_tire.ldr-8 => C:\Users\chahj\Documents\ldraw\parts\4624.dat-5
[ Info: front_wheel_and_tire.ldr-8 => C:\Users\chahj\Documents\ldraw\parts\4624.dat-5 is true
[ Info: number of robots in transport unit: 2
[ Info: number of robots in transport unit: 4
[ Info: number of robots in transport unit: 1
[ Info: number of robots in transport unit: 1
[ Info: number of robots in transport unit: 2
[ Info: number of robots in transport unit: 2
[ Info: number of robots in transport unit: 3
[ Info: number of robots in transport unit: 4
[ Info: number of robots in transport unit: 1
[ Info: number of robots in transport unit: 1
[ Info: number of robots in transport unit: 2
[ Info: number of robots in transport unit: 1
[ Info: number of robots in transport unit: 1
[ Info: number of robots in transport unit: 4
[ Info: number of robots in transport unit: 3
[ Info: number of robots in transport unit: 2
[ Info: number of robots in transport unit: 2
[ Info: number of robots in transport unit: 1
[ Info: number of robots in transport unit: 2
[ Info: number of robots in transport unit: 1
[ Info: number of robots in transport unit: 2
[ Info: number of robots in transport unit: 1
[ Info: number of robots in transport unit: 1
[ Info: number of robots in transport unit: 2
[ Info: number of robots in transport unit: 2
[ Info: number of robots in transport unit: 1
[ Info: number of robots in transport unit: 1
[ Info: number of robots in transport unit: 1
[ Info: [OOD-1-1] injected 12 spare robots (3/pool x 4 dirs); pools=[:east, :south, :west, :north]
[ Info: Staging config: setting GOAL config of ConstructionBots.TemplatedID{Tuple{ConstructionBots.LiftIntoPlace, ConstructionBots.ObjectID}}(17) to TransformNode(133) - ConstructionBots.CachedElement{CoordinateTransformations.Transformation}(AffineMap([1.0 0.0 0.0; 0.0 1.0 0.0; 0.0 0.0 1.0], [0.0, 0.0, 0.064]), true, 905.0)
[ Info: Staging config: setting GOAL config of ConstructionBots.TemplatedID{Tuple{ConstructionBots.LiftIntoPlace, ConstructionBots.ObjectID}}(18) to TransformNode(147) - ConstructionBots.CachedElement{CoordinateTransformations.Transformation}(AffineMap([1.0 0.0 0.0; 0.0 1.0 0.0; 0.0 0.0 1.0], [0.0, 0.0, 0.064]), true, 960.0)
[ Info: Staging config: setting GOAL config of ConstructionBots.TemplatedID{Tuple{ConstructionBots.LiftIntoPlace, ConstructionBots.ObjectID}}(19) to TransformNode(164) - ConstructionBots.CachedElement{CoordinateTransformations.Transformation}(AffineMap([1.0 0.0 0.0; 0.0 1.0 0.0; 0.0 0.0 1.0], [0.0, 0.0, 0.064]), true, 1032.0)
[ Info: Staging config: setting GOAL config of ConstructionBots.TemplatedID{Tuple{ConstructionBots.LiftIntoPlace, ConstructionBots.ObjectID}}(20) to TransformNode(178) - ConstructionBots.CachedElement{CoordinateTransformations.Transformation}(AffineMap([1.0 0.0 0.0; 0.0 1.0 0.0; 0.0 0.0 1.0], [0.0, 0.0, 0.064]), true, 1087.0)
[ Info: Staging config: setting GOAL config of ConstructionBots.TemplatedID{Tuple{ConstructionBots.LiftIntoPlace, ConstructionBots.ObjectID}}(12) to TransformNode(195) - ConstructionBots.CachedElement{CoordinateTransformations.Transformation}(AffineMap([1.0 0.0 0.0; 0.0 1.0 0.0; 0.0 0.0 1.0], [0.0, 0.032, 0.10400000000000001]), true, 1159.0)
[ Info: Staging config: setting GOAL config of ConstructionBots.TemplatedID{Tuple{ConstructionBots.LiftIntoPlace, ConstructionBots.ObjectID}}(13) to TransformNode(209) - ConstructionBots.CachedElement{CoordinateTransformations.Transformation}(AffineMap([1.0 0.0 0.0; 0.0 1.0 0.0; 0.0 0.0 1.0], [0.0, 0.08, 0.10400000000000001]), true, 1214.0)
[ Info: Staging config: setting GOAL config of ConstructionBots.TemplatedID{Tuple{ConstructionBots.LiftIntoPlace, ConstructionBots.ObjectID}}(14) to TransformNode(226) - ConstructionBots.CachedElement{CoordinateTransformations.Transformation}(AffineMap([1.0 0.0 0.0; 0.0 1.0 0.0; 0.0 0.0 1.0], [0.0, 0.032, 0.10400000000000001]), true, 1286.0)
[ Info: Staging config: setting GOAL config of ConstructionBots.TemplatedID{Tuple{ConstructionBots.LiftIntoPlace, ConstructionBots.ObjectID}}(15) to TransformNode(240) - ConstructionBots.CachedElement{CoordinateTransformations.Transformation}(AffineMap([1.0 0.0 0.0; 0.0 1.0 0.0; 0.0 0.0 1.0], [0.0, 0.08, 0.10400000000000001]), true, 1341.0)
[ Info: Staging config: setting GOAL config of ConstructionBots.TemplatedID{Tuple{ConstructionBots.LiftIntoPlace, ConstructionBots.ObjectID}}(7) to TransformNode(257) - ConstructionBots.CachedElement{CoordinateTransformations.Transformation}(AffineMap([0.0 -1.0 0.0; 1.0 0.0 0.0; 0.0 0.0 1.0], [0.4, 0.0, 0.32]), true, 1413.0)
[ Info: Staging config: setting GOAL config of ConstructionBots.TemplatedID{Tuple{ConstructionBots.LiftIntoPlace, ConstructionBots.ObjectID}}(6) to TransformNode(269) - ConstructionBots.CachedElement{CoordinateTransformations.Transformation}(AffineMap([1.0 0.0 0.0; 0.0 1.0 0.0; 0.0 0.0 1.0], [0.0, 0.0, 0.32]), true, 1460.0)
[ Info: Staging config: setting GOAL config of ConstructionBots.TemplatedID{Tuple{ConstructionBots.LiftIntoPlace, ConstructionBots.ObjectID}}(8) to TransformNode(283) - ConstructionBots.CachedElement{CoordinateTransformations.Transformation}(AffineMap([1.0 0.0 0.0; 0.0 1.0 0.0; 0.0 0.0 1.0], [0.24, 0.0, 0.128]), true, 1515.0)
[ Info: Staging config: setting GOAL config of ConstructionBots.TemplatedID{Tuple{ConstructionBots.LiftIntoPlace, ConstructionBots.ObjectID}}(9) to TransformNode(295) - ConstructionBots.CachedElement{CoordinateTransformations.Transformation}(AffineMap([1.0 0.0 0.0; 0.0 1.0 0.0; 0.0 0.0 1.0], [-0.16, 0.0, 0.128]), true, 1562.0)
[ Info: Staging config: setting GOAL config of ConstructionBots.TemplatedID{Tuple{ConstructionBots.LiftIntoPlace, ConstructionBots.ObjectID}}(10) to TransformNode(309) - ConstructionBots.CachedElement{CoordinateTransformations.Transformation}(AffineMap([1.0 0.0 0.0; 0.0 1.0 0.0; 0.0 0.0 1.0], [-0.08, 0.0, 0.064]), true, 1617.0)
[ Info: Staging config: setting GOAL config of ConstructionBots.TemplatedID{Tuple{ConstructionBots.LiftIntoPlace, ConstructionBots.AssemblyID}}(6) to TransformNode(326) - ConstructionBots.CachedElement{CoordinateTransformations.Transformation}(AffineMap([0.0 1.0 0.0; -1.0 0.0 0.0; 0.0 0.0 1.0], [-0.32, 0.0, -0.064]), true, 1689.0)
[ Info: Staging config: setting GOAL config of ConstructionBots.TemplatedID{Tuple{ConstructionBots.LiftIntoPlace, ConstructionBots.AssemblyID}}(5) to TransformNode(340) - ConstructionBots.CachedElement{CoordinateTransformations.Transformation}(AffineMap([0.0 -1.0 0.0; 1.0 0.0 0.0; 0.0 0.0 1.0], [0.32, 0.0, -0.064]), true, 1743.0)
[ Info: Staging config: setting GOAL config of ConstructionBots.TemplatedID{Tuple{ConstructionBots.LiftIntoPlace, ConstructionBots.ObjectID}}(11) to TransformNode(356) - ConstructionBots.CachedElement{CoordinateTransformations.Transformation}(AffineMap([1.0 0.0 0.0; 0.0 1.0 0.0; 0.0 0.0 1.0], [0.0, 0.0, 0.08]), true, 1805.0)
[ Info: Staging config: setting GOAL config of ConstructionBots.TemplatedID{Tuple{ConstructionBots.LiftIntoPlace, ConstructionBots.AssemblyID}}(8) to TransformNode(373) - ConstructionBots.CachedElement{CoordinateTransformations.Transformation}(AffineMap([0.0 1.0 0.0; -1.0 0.0 0.0; 0.0 0.0 1.0], [-0.24, 0.0, -0.04]), true, 1877.0)
[ Info: Staging config: setting GOAL config of ConstructionBots.TemplatedID{Tuple{ConstructionBots.LiftIntoPlace, ConstructionBots.AssemblyID}}(7) to TransformNode(387) - ConstructionBots.CachedElement{CoordinateTransformations.Transformation}(AffineMap([0.0 -1.0 0.0; 1.0 0.0 0.0; 0.0 0.0 1.0], [0.24, 0.0, -0.04]), true, 1931.0)
[ Info: Staging config: setting GOAL config of ConstructionBots.TemplatedID{Tuple{ConstructionBots.LiftIntoPlace, ConstructionBots.ObjectID}}(16) to TransformNode(403) - ConstructionBots.CachedElement{CoordinateTransformations.Transformation}(AffineMap([1.0 0.0 0.0; 0.0 1.0 0.0; 0.0 0.0 1.0], [0.0, 0.0, 0.064]), true, 1993.0)
[ Info: Staging config: setting GOAL config of ConstructionBots.TemplatedID{Tuple{ConstructionBots.LiftIntoPlace, ConstructionBots.ObjectID}}(1) to TransformNode(421) - ConstructionBots.CachedElement{CoordinateTransformations.Transformation}(AffineMap([1.0 0.0 0.0; 0.0 1.0 0.0; 0.0 0.0 1.0], [0.32, -0.08, 0.5760000000000001]), true, 2067.0)
[ Info: Staging config: setting GOAL config of ConstructionBots.TemplatedID{Tuple{ConstructionBots.LiftIntoPlace, ConstructionBots.ObjectID}}(3) to TransformNode(433) - ConstructionBots.CachedElement{CoordinateTransformations.Transformation}(AffineMap([1.0 0.0 0.0; 0.0 1.0 0.0; 0.0 0.0 1.0], [-0.16, 0.0, 0.504]), true, 2114.0)
[ Info: Staging config: setting GOAL config of ConstructionBots.TemplatedID{Tuple{ConstructionBots.LiftIntoPlace, ConstructionBots.ObjectID}}(2) to TransformNode(445) - ConstructionBots.CachedElement{CoordinateTransformations.Transformation}(AffineMap([-1.0 0.0 0.0; 0.0 -1.0 0.0; 0.0 0.0 1.0], [0.32, 0.08, 0.5760000000000001]), true, 2161.0)
[ Info: Staging config: setting GOAL config of ConstructionBots.TemplatedID{Tuple{ConstructionBots.LiftIntoPlace, ConstructionBots.ObjectID}}(4) to TransformNode(459) - ConstructionBots.CachedElement{CoordinateTransformations.Transformation}(AffineMap([0.0 1.0 0.0; -1.0 0.0 0.0; 0.0 0.0 1.0], [0.24, 0.0, 0.512]), true, 2216.0)
[ Info: Staging config: setting GOAL config of ConstructionBots.TemplatedID{Tuple{ConstructionBots.LiftIntoPlace, ConstructionBots.ObjectID}}(5) to TransformNode(471) - ConstructionBots.CachedElement{CoordinateTransformations.Transformation}(AffineMap([0.0 -1.0 0.0; 1.0 0.0 0.0; 0.0 0.0 1.0], [0.4, 0.0, 0.512]), true, 2263.0)
[ Info: Staging config: setting GOAL config of ConstructionBots.TemplatedID{Tuple{ConstructionBots.LiftIntoPlace, ConstructionBots.AssemblyID}}(2) to TransformNode(485) - ConstructionBots.CachedElement{CoordinateTransformations.Transformation}(AffineMap([0.0 1.0 0.0; -1.0 0.0 0.0; 0.0 0.0 1.0], [-0.16, 0.0, -0.064]), true, 2318.0)
[ Info: Staging config: setting GOAL config of ConstructionBots.TemplatedID{Tuple{ConstructionBots.LiftIntoPlace, ConstructionBots.AssemblyID}}(3) to TransformNode(499) - ConstructionBots.CachedElement{CoordinateTransformations.Transformation}(AffineMap([0.0 -1.0 0.0; 1.0 0.0 0.0; 0.0 0.0 1.0], [0.32, 0.0, -0.016]), true, 2372.0)
[ Info: Staging config: setting GOAL config of ConstructionBots.TemplatedID{Tuple{ConstructionBots.LiftIntoPlace, ConstructionBots.AssemblyID}}(4) to TransformNode(515) - ConstructionBots.CachedElement{CoordinateTransformations.Transformation}(AffineMap([1.0 0.0 0.0; 0.0 1.0 0.0; 0.0 0.0 1.0], [0.0, 0.0, 0.0]), true, 2434.0)
[ Info: Only 1 component to place at first build step--no need for ring optimization - ConstructionBots.AssemblyID(4)
[ Info: Only 1 component to place at first build step--R = 0
[ Info: Updating staging_circle for ConstructionBots.AssemblyID(1) to LazySets.Ball2Module.Ball2{Float64, StaticArraysCore.SVector{2, Float64}}([0.08218207165779438, 0.00545517964224686], 0.5841171287777026) based on ConstructionBots.TemplatedID{ConstructionBots.OpenBuildStep}(19)
[ Info: Only 1 component to place at first build step--no need for ring optimization - ConstructionBots.ObjectID(16)
[ Info: Only 1 component to place at first build step--R = 0
[ Info: Updating staging_circle for ConstructionBots.AssemblyID(2) to LazySets.Ball2Module.Ball2{Float64, StaticArraysCore.SVector{2, Float64}}([-6.598422160140219e-15, 4.899002509750264e-14], 0.41697289891955347) based on ConstructionBots.TemplatedID{ConstructionBots.OpenBuildStep}(15)
[ Info: Updating staging_circle for ConstructionBots.AssemblyID(2) to LazySets.Ball2Module.Ball2{Float64, StaticArraysCore.SVector{2, Float64}}([3.740823691086665e-12, 1.4286576412708769e-6], 0.9569905384268537) based on ConstructionBots.TemplatedID{ConstructionBots.OpenBuildStep}(14)
[ Info: Only 1 component to place at first build step--no need for ring optimization - ConstructionBots.ObjectID(11)
[ Info: Only 1 component to place at first build step--R = 0
[ Info: Updating staging_circle for ConstructionBots.AssemblyID(3) to LazySets.Ball2Module.Ball2{Float64, StaticArraysCore.SVector{2, Float64}}([-6.382629356209068e-15, 4.900453791486866e-14], 0.41697289891955347) based on ConstructionBots.TemplatedID{ConstructionBots.OpenBuildStep}(13)
[ Info: Updating staging_circle for ConstructionBots.AssemblyID(3) to LazySets.Ball2Module.Ball2{Float64, StaticArraysCore.SVector{2, Float64}}([4.46309796609416e-12, 0.031985276082193155], 1.2398662996240026) based on ConstructionBots.TemplatedID{ConstructionBots.OpenBuildStep}(12)
[ Info: Only 1 component to place at first build step--no need for ring optimization - ConstructionBots.ObjectID(10)
[ Info: Only 1 component to place at first build step--R = 0
[ Info: Updating staging_circle for ConstructionBots.AssemblyID(4) to LazySets.Ball2Module.Ball2{Float64, StaticArraysCore.SVector{2, Float64}}([-0.03999999987313704, -1.2913755321917329e-17], 0.4712166309488202) based on ConstructionBots.TemplatedID{ConstructionBots.OpenBuildStep}(11)
[ Info: Updating staging_circle for ConstructionBots.AssemblyID(4) to LazySets.Ball2Module.Ball2{Float64, StaticArraysCore.SVector{2, Float64}}([-0.017830070135163217, 3.357181358736533e-7], 1.3014799914227937) based on ConstructionBots.TemplatedID{ConstructionBots.OpenBuildStep}(10)
[ Info: Updating staging_circle for ConstructionBots.AssemblyID(4) to LazySets.Ball2Module.Ball2{Float64, StaticArraysCore.SVector{2, Float64}}([-0.1582418140244194, 2.452285094492142e-7], 1.441891732260215) based on ConstructionBots.TemplatedID{ConstructionBots.OpenBuildStep}(9)
[ Info: Updating staging_circle for ConstructionBots.AssemblyID(1) to LazySets.Ball2Module.Ball2{Float64, StaticArraysCore.SVector{2, Float64}}([0.19317033534316322, -0.021837463155978638], 1.7397231281106043) based on ConstructionBots.TemplatedID{ConstructionBots.OpenBuildStep}(18)
[ Info: Only 1 component to place at first build step--no need for ring optimization - ConstructionBots.ObjectID(15)
[ Info: Only 1 component to place at first build step--R = 0
[ Info: Updating staging_circle for ConstructionBots.AssemblyID(5) to LazySets.Ball2Module.Ball2{Float64, StaticArraysCore.SVector{2, Float64}}([1.8082837015929097e-12, -0.008000006165778378], 0.2538083323383307) based on ConstructionBots.TemplatedID{ConstructionBots.OpenBuildStep}(8)
[ Info: Updating staging_circle for ConstructionBots.AssemblyID(5) to LazySets.Ball2Module.Ball2{Float64, StaticArraysCore.SVector{2, Float64}}([-0.001272357542839318, -0.29812507422207457], 0.7065742160406852) based on ConstructionBots.TemplatedID{ConstructionBots.OpenBuildStep}(7)
[ Info: Only 1 component to place at first build step--no need for ring optimization - ConstructionBots.ObjectID(13)
[ Info: Only 1 component to place at first build step--R = 0
[ Info: Updating staging_circle for ConstructionBots.AssemblyID(6) to LazySets.Ball2Module.Ball2{Float64, StaticArraysCore.SVector{2, Float64}}([1.8082837015929101e-12, -0.008000006165778378], 0.25380833233833067) based on ConstructionBots.TemplatedID{ConstructionBots.OpenBuildStep}(6)
[ Info: Updating staging_circle for ConstructionBots.AssemblyID(6) to LazySets.Ball2Module.Ball2{Float64, StaticArraysCore.SVector{2, Float64}}([-0.0012714885458574878, -0.29812507757019036], 0.7065742160406853) based on ConstructionBots.TemplatedID{ConstructionBots.OpenBuildStep}(5)
[ Info: Only 1 component to place at first build step--no need for ring optimization - ConstructionBots.ObjectID(20)
[ Info: Only 1 component to place at first build step--R = 0
[ Info: Updating staging_circle for ConstructionBots.AssemblyID(7) to LazySets.Ball2Module.Ball2{Float64, StaticArraysCore.SVector{2, Float64}}([-1.0094387069708868e-13, 2.1806923168419704e-14], 0.1766120493055417) based on ConstructionBots.TemplatedID{ConstructionBots.OpenBuildStep}(4)
[ Info: Updating staging_circle for ConstructionBots.AssemblyID(7) to LazySets.Ball2Module.Ball2{Float64, StaticArraysCore.SVector{2, Float64}}([-4.5348226474614004e-8, 0.24081178121871308], 0.475819255034983) based on ConstructionBots.TemplatedID{ConstructionBots.OpenBuildStep}(3)
[ Info: Only 1 component to place at first build step--no need for ring optimization - ConstructionBots.ObjectID(18)
[ Info: Only 1 component to place at first build step--R = 0
[ Info: Updating staging_circle for ConstructionBots.AssemblyID(8) to LazySets.Ball2Module.Ball2{Float64, StaticArraysCore.SVector{2, Float64}}([-1.0094387069708496e-13, 2.1806923168419897e-14], 0.17661204930558239) based on ConstructionBots.TemplatedID{ConstructionBots.OpenBuildStep}(2)
[ Info: Updating staging_circle for ConstructionBots.AssemblyID(8) to LazySets.Ball2Module.Ball2{Float64, StaticArraysCore.SVector{2, Float64}}([-4.5348226474613964e-8, 0.24081178121871302], 0.4758192550349831) based on ConstructionBots.TemplatedID{ConstructionBots.OpenBuildStep}(1)
┌ Info: ring placement solution ConstructionBots.TemplatedID{ConstructionBots.OpenBuildStep}(17)
│   assembly_radius = 0.7829572453142153
│   radii = 2-element Vector{Float64}: …
│   θ_des = 2-element Vector{Float64}: …
│   θ_star = 2-element Vector{Float64}: …
└   Δθ = 2-element Vector{Float64}: …
[ Info: Updating staging_circle for ConstructionBots.AssemblyID(1) to LazySets.Ball2Module.Ball2{Float64, StaticArraysCore.SVector{2, Float64}}([0.19317033654743998, -0.021837463508941918], 1.739723119422754) based on ConstructionBots.TemplatedID{ConstructionBots.OpenBuildStep}(17)
[ Info: Updating staging_circle for ConstructionBots.AssemblyID(1) to LazySets.Ball2Module.Ball2{Float64, StaticArraysCore.SVector{2, Float64}}([0.19317033657342095, -0.021837463494866306], 1.7397231187891113) based on ConstructionBots.TemplatedID{ConstructionBots.OpenBuildStep}(16)
[ Info: Selecting staging location for ConstructionBots.AssemblyID(3)
[ Info: Updating staging_circle for ConstructionBots.AssemblyID(3) to LazySets.Ball2Module.Ball2{Float64, StaticArraysCore.SVector{2, Float64}}([-8.126075207944536e-5, -0.5827645138408979], 3.793704106618533)
[ Info: Selecting staging location for ConstructionBots.AssemblyID(2)
[ Info: Updating staging_circle for ConstructionBots.AssemblyID(2) to LazySets.Ball2Module.Ball2{Float64, StaticArraysCore.SVector{2, Float64}}([4.820674587724254e-8, 0.40245756360489865], 3.079008014910239)
[ Info: Selecting staging location for ConstructionBots.AssemblyID(1)
[ Info: Updating staging_circle for ConstructionBots.AssemblyID(1) to LazySets.Ball2Module.Ball2{Float64, StaticArraysCore.SVector{2, Float64}}([1.496018205358188, 0.9619410521282962], 9.643081689271405)
[ Info: Beginning task assignment
[ Info: Assignment: closing build step ConstructionBots.TemplatedID{ConstructionBots.OpenBuildStep}(8). 1/19 complete. 
[ Info: Assignment: closing build step ConstructionBots.TemplatedID{ConstructionBots.OpenBuildStep}(2). 2/19 complete. 
[ Info: Assignment: closing build step ConstructionBots.TemplatedID{ConstructionBots.OpenBuildStep}(1). 3/19 complete. 
[ Info: Closing Assembly ConstructionBots.AssemblyID(8)
[ Info: Assignment: closing build step ConstructionBots.TemplatedID{ConstructionBots.OpenBuildStep}(13). 4/19 complete. 
[ Info: Assignment: closing build step ConstructionBots.TemplatedID{ConstructionBots.OpenBuildStep}(6). 5/19 complete. 
[ Info: Assignment: closing build step ConstructionBots.TemplatedID{ConstructionBots.OpenBuildStep}(5). 6/19 complete. 
[ Info: Closing Assembly ConstructionBots.AssemblyID(6)
[ Info: Assignment: closing build step ConstructionBots.TemplatedID{ConstructionBots.OpenBuildStep}(11). 7/19 complete. 
[ Info: Assignment: closing build step ConstructionBots.TemplatedID{ConstructionBots.OpenBuildStep}(4). 8/19 complete. 
[ Info: Assignment: closing build step ConstructionBots.TemplatedID{ConstructionBots.OpenBuildStep}(3). 9/19 complete. 
[ Info: Closing Assembly ConstructionBots.AssemblyID(7)
[ Info: Assignment: closing build step ConstructionBots.TemplatedID{ConstructionBots.OpenBuildStep}(7). 10/19 complete. 
[ Info: Closing Assembly ConstructionBots.AssemblyID(5)
[ Info: Assignment: closing build step ConstructionBots.TemplatedID{ConstructionBots.OpenBuildStep}(12). 11/19 complete. 
[ Info: Closing Assembly ConstructionBots.AssemblyID(3)
[ Info: Assignment: closing build step ConstructionBots.TemplatedID{ConstructionBots.OpenBuildStep}(10). 12/19 complete. 
[ Info: Assignment: closing build step ConstructionBots.TemplatedID{ConstructionBots.OpenBuildStep}(9). 13/19 complete. 
[ Info: Closing Assembly ConstructionBots.AssemblyID(4)
[ Info: Assignment: closing build step ConstructionBots.TemplatedID{ConstructionBots.OpenBuildStep}(19). 14/19 complete. 
[ Info: Assignment: closing build step ConstructionBots.TemplatedID{ConstructionBots.OpenBuildStep}(15). 15/19 complete. 
[ Info: Assignment: closing build step ConstructionBots.TemplatedID{ConstructionBots.OpenBuildStep}(14). 16/19 complete. 
[ Info: Closing Assembly ConstructionBots.AssemblyID(2)
[ Info: Assignment: closing build step ConstructionBots.TemplatedID{ConstructionBots.OpenBuildStep}(18). 17/19 complete. 
[ Info: Assignment: closing build step ConstructionBots.TemplatedID{ConstructionBots.OpenBuildStep}(17). 18/19 complete. 
[ Info: Assignment: closing build step ConstructionBots.TemplatedID{ConstructionBots.OpenBuildStep}(16). 19/19 complete. 
[ Info: Closing Assembly ConstructionBots.AssemblyID(1)
[ Info: Assignment Complete!
[ Info: node ConstructionBots.TemplatedID{Tuple{ConstructionBots.RobotStart, ConstructionBots.BotID{ConstructionBots.DeliveryBot}}}(19) finished.
[ Info: node ConstructionBots.TemplatedID{Tuple{ConstructionBots.ObjectStart, ConstructionBots.ObjectID}}(20) finished.
[ Info: node ConstructionBots.TemplatedID{Tuple{ConstructionBots.ObjectStart, ConstructionBots.ObjectID}}(1) finished.
[ Info: node ConstructionBots.TemplatedID{Tuple{ConstructionBots.ObjectStart, ConstructionBots.ObjectID}}(7) finished.
[ Info: node ConstructionBots.TemplatedID{Tuple{ConstructionBots.RobotStart, ConstructionBots.BotID{ConstructionBots.DeliveryBot}}}(7) finished.
[ Info: node ConstructionBots.TemplatedID{Tuple{ConstructionBots.RobotStart, ConstructionBots.BotID{ConstructionBots.DeliveryBot}}}(2) finished.
[ Info: node ConstructionBots.TemplatedID{Tuple{ConstructionBots.ObjectStart, ConstructionBots.ObjectID}}(15) finished.
[ Info: node ConstructionBots.TemplatedID{Tuple{ConstructionBots.RobotStart, ConstructionBots.BotID{ConstructionBots.DeliveryBot}}}(14) finished.
[ Info: node ConstructionBots.TemplatedID{Tuple{ConstructionBots.ObjectStart, ConstructionBots.ObjectID}}(9) finished.
[ Info: node ConstructionBots.TemplatedID{Tuple{ConstructionBots.ObjectStart, ConstructionBots.ObjectID}}(3) finished.
[ Info: node ConstructionBots.TemplatedID{Tuple{ConstructionBots.RobotStart, ConstructionBots.BotID{ConstructionBots.DeliveryBot}}}(18) finished.
[ Info: node ConstructionBots.TemplatedID{Tuple{ConstructionBots.RobotStart, ConstructionBots.BotID{ConstructionBots.DeliveryBot}}}(21) finished.
[ Info: node ConstructionBots.TemplatedID{Tuple{ConstructionBots.RobotStart, ConstructionBots.BotID{ConstructionBots.DeliveryBot}}}(3) finished.
[ Info: node ConstructionBots.TemplatedID{Tuple{ConstructionBots.ObjectStart, ConstructionBots.ObjectID}}(12) finished.
[ Info: node ConstructionBots.TemplatedID{Tuple{ConstructionBots.ObjectStart, ConstructionBots.ObjectID}}(8) finished.
[ Info: node ConstructionBots.TemplatedID{Tuple{ConstructionBots.RobotStart, ConstructionBots.BotID{ConstructionBots.DeliveryBot}}}(11) finished.
[ Info: node ConstructionBots.TemplatedID{Tuple{ConstructionBots.AssemblyStart, ConstructionBots.AssemblyID}}(2) finished.
[ Info: node ConstructionBots.TemplatedID{Tuple{ConstructionBots.ObjectStart, ConstructionBots.ObjectID}}(4) finished.
[ Info: node ConstructionBots.TemplatedID{Tuple{ConstructionBots.RobotStart, ConstructionBots.BotID{ConstructionBots.DeliveryBot}}}(17) finished.
[ Info: node ConstructionBots.TemplatedID{Tuple{ConstructionBots.ObjectStart, ConstructionBots.ObjectID}}(19) finished.
[ Info: node ConstructionBots.TemplatedID{Tuple{ConstructionBots.AssemblyStart, ConstructionBots.AssemblyID}}(4) finished.
[ Info: node ConstructionBots.TemplatedID{Tuple{ConstructionBots.AssemblyStart, ConstructionBots.AssemblyID}}(6) finished.
[ Info: node ConstructionBots.TemplatedID{Tuple{ConstructionBots.AssemblyStart, ConstructionBots.AssemblyID}}(5) finished.
[ Info: node ConstructionBots.TemplatedID{Tuple{ConstructionBots.RobotStart, ConstructionBots.BotID{ConstructionBots.DeliveryBot}}}(13) finished.
[ Info: node ConstructionBots.TemplatedID{Tuple{ConstructionBots.AssemblyStart, ConstructionBots.AssemblyID}}(8) finished.
[ Info: node ConstructionBots.TemplatedID{Tuple{ConstructionBots.AssemblyStart, ConstructionBots.AssemblyID}}(7) finished.
[ Info: node ConstructionBots.TemplatedID{Tuple{ConstructionBots.RobotStart, ConstructionBots.BotID{ConstructionBots.DeliveryBot}}}(6) finished.
[ Info: node ConstructionBots.TemplatedID{Tuple{ConstructionBots.ObjectStart, ConstructionBots.ObjectID}}(5) finished.
[ Info: node ConstructionBots.TemplatedID{Tuple{ConstructionBots.ObjectStart, ConstructionBots.ObjectID}}(11) finished.
[ Info: node ConstructionBots.TemplatedID{Tuple{ConstructionBots.RobotStart, ConstructionBots.BotID{ConstructionBots.DeliveryBot}}}(10) finished.
[ Info: node ConstructionBots.TemplatedID{Tuple{ConstructionBots.RobotStart, ConstructionBots.BotID{ConstructionBots.DeliveryBot}}}(9) finished.
[ Info: node ConstructionBots.TemplatedID{Tuple{ConstructionBots.ObjectStart, ConstructionBots.ObjectID}}(18) finished.
[ Info: node ConstructionBots.TemplatedID{Tuple{ConstructionBots.ObjectStart, ConstructionBots.ObjectID}}(16) finished.
[ Info: node ConstructionBots.TemplatedID{Tuple{ConstructionBots.ObjectStart, ConstructionBots.ObjectID}}(17) finished.
[ Info: node ConstructionBots.TemplatedID{Tuple{ConstructionBots.AssemblyStart, ConstructionBots.AssemblyID}}(1) finished.
[ Info: node ConstructionBots.TemplatedID{Tuple{ConstructionBots.RobotStart, ConstructionBots.BotID{ConstructionBots.DeliveryBot}}}(20) finished.
[ Info: node ConstructionBots.TemplatedID{Tuple{ConstructionBots.RobotStart, ConstructionBots.BotID{ConstructionBots.DeliveryBot}}}(15) finished.
[ Info: node ConstructionBots.TemplatedID{Tuple{ConstructionBots.ObjectStart, ConstructionBots.ObjectID}}(14) finished.
[ Info: node ConstructionBots.TemplatedID{Tuple{ConstructionBots.RobotStart, ConstructionBots.BotID{ConstructionBots.DeliveryBot}}}(22) finished.
[ Info: node ConstructionBots.TemplatedID{Tuple{ConstructionBots.RobotStart, ConstructionBots.BotID{ConstructionBots.DeliveryBot}}}(5) finished.
[ Info: node ConstructionBots.TemplatedID{Tuple{ConstructionBots.ObjectStart, ConstructionBots.ObjectID}}(6) finished.
[ Info: node ConstructionBots.TemplatedID{Tuple{ConstructionBots.RobotStart, ConstructionBots.BotID{ConstructionBots.DeliveryBot}}}(1) finished.
[ Info: node ConstructionBots.TemplatedID{Tuple{ConstructionBots.RobotStart, ConstructionBots.BotID{ConstructionBots.DeliveryBot}}}(4) finished.
[ Info: node ConstructionBots.TemplatedID{Tuple{ConstructionBots.AssemblyStart, ConstructionBots.AssemblyID}}(3) finished.
[ Info: node ConstructionBots.TemplatedID{Tuple{ConstructionBots.RobotStart, ConstructionBots.BotID{ConstructionBots.DeliveryBot}}}(12) finished.
[ Info: node ConstructionBots.TemplatedID{Tuple{ConstructionBots.RobotStart, ConstructionBots.BotID{ConstructionBots.DeliveryBot}}}(8) finished.
[ Info: node ConstructionBots.TemplatedID{Tuple{ConstructionBots.RobotStart, ConstructionBots.BotID{ConstructionBots.DeliveryBot}}}(16) finished.
[ Info: node ConstructionBots.TemplatedID{Tuple{ConstructionBots.ObjectStart, ConstructionBots.ObjectID}}(2) finished.
[ Info: node ConstructionBots.TemplatedID{Tuple{ConstructionBots.ObjectStart, ConstructionBots.ObjectID}}(13) finished.
[ Info: node ConstructionBots.TemplatedID{Tuple{ConstructionBots.ObjectStart, ConstructionBots.ObjectID}}(10) finished.
[ Info: node ConstructionBots.TemplatedID{ConstructionBots.OpenBuildStep}(19) finished.
[ Info: node ConstructionBots.TemplatedID{ConstructionBots.OpenBuildStep}(13) finished.
[ Info: node ConstructionBots.TemplatedID{ConstructionBots.OpenBuildStep}(11) finished.
[ Info: node ConstructionBots.TemplatedID{ConstructionBots.OpenBuildStep}(6) finished.
[ Info: node ConstructionBots.TemplatedID{ConstructionBots.OpenBuildStep}(2) finished.
[ Info: node ConstructionBots.TemplatedID{ConstructionBots.OpenBuildStep}(15) finished.
[ Info: node ConstructionBots.TemplatedID{ConstructionBots.OpenBuildStep}(8) finished.
[ Info: node ConstructionBots.TemplatedID{ConstructionBots.OpenBuildStep}(4) finished.
Simulating...   0%|█                                                 |  ETA: N/A (  N/A  s/it)[K
   step_num: 2[K
   n_closed: 58[K
    n_total: 313[K[A[A[A[ Info: node ConstructionBots.ActionID(2) finished.
[ Info: node ConstructionBots.ActionID(46) finished.
[ Info: New RVO simulation
[ Info: [RESPEC] OOD event: A no-go exclusion zone has appeared at (0.16, 0.0) over the central build area, covering 8 of the 8 final-assembly delivery points; the work region must be moved clear of the restricted region.



[K[A[K[A[K[ASimulating...   1%|█                                                 |  ETA: 1:07:17 (15.96  s/it)[K
   step_num: 10[K
   n_closed: 60[K
    n_total: 313[K[A[A[A[ Info: node ConstructionBots.TemplatedID{Tuple{ConstructionBots.FormTransportUnit, ConstructionBots.TemplatedID{Tuple{ConstructionBots.TransportUnitNode, ConstructionBots.ObjectID}}}}(17) finished.



[K[A[K[A[K[ASimulating...   1%|█                                                 |  ETA: 0:46:15 (11.01  s/it)[K
   step_num: 12[K
   n_closed: 61[K
    n_total: 313[K[A[A[A[ Info: node ConstructionBots.ActionID(16) finished.
[ Info: node ConstructionBots.ActionID(18) finished.
[ Info: node ConstructionBots.ActionID(64) finished.
[ Info: New RVO simulation
[ Info: node ConstructionBots.TemplatedID{Tuple{ConstructionBots.FormTransportUnit, ConstructionBots.TemplatedID{Tuple{ConstructionBots.TransportUnitNode, ConstructionBots.ObjectID}}}}(15) finished.
[ Info: node ConstructionBots.ActionID(4) finished.
[ Info: node ConstructionBots.ActionID(48) finished.
[ Info: New RVO simulation
[ Info: node ConstructionBots.TemplatedID{Tuple{ConstructionBots.FormTransportUnit, ConstructionBots.TemplatedID{Tuple{ConstructionBots.TransportUnitNode, ConstructionBots.ObjectID}}}}(18) finished.
[ Info: node ConstructionBots.ActionID(8) finished.
[ Info: node ConstructionBots.ActionID(6) finished.
[ Info: node ConstructionBots.ActionID(58) finished.
[ Info: New RVO simulation
[ Info: node ConstructionBots.ActionID(14) finished.
[ Info: node ConstructionBots.ActionID(55) finished.
[ Info: node ConstructionBots.ActionID(56) finished.
[ Info: New RVO simulation
[ Info: node ConstructionBots.TemplatedID{Tuple{ConstructionBots.FormTransportUnit, ConstructionBots.TemplatedID{Tuple{ConstructionBots.TransportUnitNode, ConstructionBots.ObjectID}}}}(13) finished.
[ Info: node ConstructionBots.TemplatedID{Tuple{ConstructionBots.FormTransportUnit, ConstructionBots.TemplatedID{Tuple{ConstructionBots.TransportUnitNode, ConstructionBots.ObjectID}}}}(12) finished.
[ Info: node ConstructionBots.ActionID(20) finished.
[ Info: node ConstructionBots.ActionID(94) finished.
[ Info: node ConstructionBots.ActionID(93) finished.
[ Info: New RVO simulation
[ Info: node ConstructionBots.TemplatedID{Tuple{ConstructionBots.FormTransportUnit, ConstructionBots.TemplatedID{Tuple{ConstructionBots.TransportUnitNode, ConstructionBots.ObjectID}}}}(11) finished.



[K[A[K[A[K[ASimulating...   9%|█████                                             |  ETA: 0:06:01 ( 1.55  s/it)[K
   step_num: 38[K
   n_closed: 80[K
    n_total: 313[K[A[A[A[ Info: node ConstructionBots.TemplatedID{Tuple{ConstructionBots.TransportUnitGo, ConstructionBots.TemplatedID{Tuple{ConstructionBots.TransportUnitNode, ConstructionBots.ObjectID}}}}(18) finished.



[K[A[K[A[K[ASimulating...   9%|█████                                             |  ETA: 0:05:55 ( 1.53  s/it)[K
   step_num: 90[K
   n_closed: 81[K
    n_total: 313[K[A[A[A[ Info: node ConstructionBots.TemplatedID{Tuple{ConstructionBots.DepositCargo, ConstructionBots.TemplatedID{Tuple{ConstructionBots.TransportUnitNode, ConstructionBots.ObjectID}}}}(18) finished.
[ Info: node ConstructionBots.TemplatedID{Tuple{ConstructionBots.LiftIntoPlace, ConstructionBots.ObjectID}}(18) finished.
[ Info: Closing BuildingStep ConstructionBots.TemplatedID{ConstructionBots.CloseBuildStep}(2)
[ Info: node ConstructionBots.TemplatedID{ConstructionBots.CloseBuildStep}(2) finished.
[ Info: node ConstructionBots.TemplatedID{ConstructionBots.OpenBuildStep}(1) finished.
[ Info: New RVO simulation



[K[A[K[A[K[ASimulating...  11%|██████                                            |  ETA: 0:05:09 ( 1.35  s/it)[K
   step_num: 93[K
   n_closed: 85[K
    n_total: 313[K[A[A[A[ Info: node ConstructionBots.TemplatedID{Tuple{ConstructionBots.TransportUnitGo, ConstructionBots.TemplatedID{Tuple{ConstructionBots.TransportUnitNode, ConstructionBots.ObjectID}}}}(11) finished.
[ Info: node ConstructionBots.TemplatedID{Tuple{ConstructionBots.TransportUnitGo, ConstructionBots.TemplatedID{Tuple{ConstructionBots.TransportUnitNode, ConstructionBots.ObjectID}}}}(13) finished.
[ Info: node ConstructionBots.TemplatedID{Tuple{ConstructionBots.DepositCargo, ConstructionBots.TemplatedID{Tuple{ConstructionBots.TransportUnitNode, ConstructionBots.ObjectID}}}}(11) finished.
[ Info: node ConstructionBots.TemplatedID{Tuple{ConstructionBots.LiftIntoPlace, ConstructionBots.ObjectID}}(11) finished.
[ Info: Closing BuildingStep ConstructionBots.TemplatedID{ConstructionBots.CloseBuildStep}(13)
[ Info: node ConstructionBots.TemplatedID{ConstructionBots.CloseBuildStep}(13) finished.
[ Info: node ConstructionBots.TemplatedID{ConstructionBots.OpenBuildStep}(12) finished.
[ Info: New RVO simulation
[ Info: node ConstructionBots.TemplatedID{Tuple{ConstructionBots.DepositCargo, ConstructionBots.TemplatedID{Tuple{ConstructionBots.TransportUnitNode, ConstructionBots.ObjectID}}}}(13) finished.
[ Info: node ConstructionBots.TemplatedID{Tuple{ConstructionBots.LiftIntoPlace, ConstructionBots.ObjectID}}(13) finished.
[ Info: Closing BuildingStep ConstructionBots.TemplatedID{ConstructionBots.CloseBuildStep}(6)
[ Info: node ConstructionBots.TemplatedID{ConstructionBots.CloseBuildStep}(6) finished.
[ Info: node ConstructionBots.TemplatedID{ConstructionBots.OpenBuildStep}(5) finished.
[ Info: New RVO simulation
[ Info: node ConstructionBots.TemplatedID{Tuple{ConstructionBots.TransportUnitGo, ConstructionBots.TemplatedID{Tuple{ConstructionBots.TransportUnitNode, ConstructionBots.ObjectID}}}}(17) finished.
[ Info: node ConstructionBots.TemplatedID{Tuple{ConstructionBots.DepositCargo, ConstructionBots.TemplatedID{Tuple{ConstructionBots.TransportUnitNode, ConstructionBots.ObjectID}}}}(17) finished.
[ Info: New RVO simulation



[K[A[K[A[K[ASimulating...  15%|████████                                          |  ETA: 0:03:30 ( 0.97  s/it)[K
   step_num: 132[K
   n_closed: 97[K
    n_total: 313[K[A[A[A[ Info: node ConstructionBots.TemplatedID{Tuple{ConstructionBots.LiftIntoPlace, ConstructionBots.ObjectID}}(17) finished.
[ Info: Closing BuildingStep ConstructionBots.TemplatedID{ConstructionBots.CloseBuildStep}(1)
[ Info: node ConstructionBots.TemplatedID{ConstructionBots.CloseBuildStep}(1) finished.
[ Info: node ConstructionBots.TemplatedID{Tuple{ConstructionBots.AssemblyComplete, ConstructionBots.AssemblyID}}(8) finished.
[ Info: node ConstructionBots.ActionID(47) finished.
[ Info: node ConstructionBots.ActionID(52) finished.
[ Info: New RVO simulation
[ Info: node ConstructionBots.TemplatedID{Tuple{ConstructionBots.FormTransportUnit, ConstructionBots.TemplatedID{Tuple{ConstructionBots.TransportUnitNode, ConstructionBots.ObjectID}}}}(20) finished.
[ Info: node ConstructionBots.TemplatedID{Tuple{ConstructionBots.TransportUnitGo, ConstructionBots.TemplatedID{Tuple{ConstructionBots.TransportUnitNode, ConstructionBots.ObjectID}}}}(12) finished.
[ Info: node ConstructionBots.TemplatedID{Tuple{ConstructionBots.DepositCargo, ConstructionBots.TemplatedID{Tuple{ConstructionBots.TransportUnitNode, ConstructionBots.ObjectID}}}}(12) finished.
[ Info: New RVO simulation
[ Info: node ConstructionBots.TemplatedID{Tuple{ConstructionBots.LiftIntoPlace, ConstructionBots.ObjectID}}(12) finished.
[ Info: Closing BuildingStep ConstructionBots.TemplatedID{ConstructionBots.CloseBuildStep}(5)
[ Info: node ConstructionBots.TemplatedID{ConstructionBots.CloseBuildStep}(5) finished.
[ Info: node ConstructionBots.TemplatedID{Tuple{ConstructionBots.AssemblyComplete, ConstructionBots.AssemblyID}}(6) finished.
[ Info: node ConstructionBots.ActionID(57) finished.
[ Info: node ConstructionBots.TemplatedID{Tuple{ConstructionBots.TransportUnitGo, ConstructionBots.TemplatedID{Tuple{ConstructionBots.TransportUnitNode, ConstructionBots.ObjectID}}}}(20) finished.
[ Info: node ConstructionBots.TemplatedID{Tuple{ConstructionBots.TransportUnitGo, ConstructionBots.TemplatedID{Tuple{ConstructionBots.TransportUnitNode, ConstructionBots.ObjectID}}}}(15) finished.
[ Info: node ConstructionBots.TemplatedID{Tuple{ConstructionBots.DepositCargo, ConstructionBots.TemplatedID{Tuple{ConstructionBots.TransportUnitNode, ConstructionBots.ObjectID}}}}(20) finished.
[ Info: node ConstructionBots.ActionID(10) finished.
[ Info: node ConstructionBots.TemplatedID{Tuple{ConstructionBots.LiftIntoPlace, ConstructionBots.ObjectID}}(20) finished.
[ Info: Closing BuildingStep ConstructionBots.TemplatedID{ConstructionBots.CloseBuildStep}(4)
[ Info: node ConstructionBots.TemplatedID{ConstructionBots.CloseBuildStep}(4) finished.
[ Info: node ConstructionBots.TemplatedID{ConstructionBots.OpenBuildStep}(3) finished.
[ Info: New RVO simulation
[ Info: node ConstructionBots.TemplatedID{Tuple{ConstructionBots.DepositCargo, ConstructionBots.TemplatedID{Tuple{ConstructionBots.TransportUnitNode, ConstructionBots.ObjectID}}}}(15) finished.
[ Info: node ConstructionBots.TemplatedID{Tuple{ConstructionBots.LiftIntoPlace, ConstructionBots.ObjectID}}(15) finished.
[ Info: Closing BuildingStep ConstructionBots.TemplatedID{ConstructionBots.CloseBuildStep}(8)
[ Info: node ConstructionBots.TemplatedID{ConstructionBots.CloseBuildStep}(8) finished.
[ Info: node ConstructionBots.TemplatedID{ConstructionBots.OpenBuildStep}(7) finished.
[ Info: New RVO simulation



[K[A[K[A[K[ASimulating...  24%|█████████████                                     |  ETA: 0:02:01 ( 0.63  s/it)[K
   step_num: 174[K
   n_closed: 120[K
    n_total: 313[K[A[A[A[ Info: node ConstructionBots.ActionID(54) finished.
[ Info: node ConstructionBots.ActionID(51) finished.
[ Info: node ConstructionBots.ActionID(45) finished.
[ Info: node ConstructionBots.ActionID(50) finished.
[ Info: New RVO simulation
[ Info: node ConstructionBots.ActionID(12) finished.
[ Info: node ConstructionBots.ActionID(85) finished.
[ Info: node ConstructionBots.ActionID(86) finished.
[ Info: New RVO simulation
[ Info: node ConstructionBots.TemplatedID{Tuple{ConstructionBots.FormTransportUnit, ConstructionBots.TemplatedID{Tuple{ConstructionBots.TransportUnitNode, ConstructionBots.ObjectID}}}}(19) finished.
[ Info: node ConstructionBots.ActionID(53) finished.
[ Info: node ConstructionBots.ActionID(82) finished.
[ Info: node ConstructionBots.ActionID(81) finished.
[ Info: New RVO simulation
[ Info: node ConstructionBots.TemplatedID{Tuple{ConstructionBots.FormTransportUnit, ConstructionBots.TemplatedID{Tuple{ConstructionBots.TransportUnitNode, ConstructionBots.AssemblyID}}}}(6) finished.
[ Info: node ConstructionBots.TemplatedID{Tuple{ConstructionBots.FormTransportUnit, ConstructionBots.TemplatedID{Tuple{ConstructionBots.TransportUnitNode, ConstructionBots.ObjectID}}}}(10) finished.



[K[A[K[A[K[ASimulating...  29%|███████████████                                   |  ETA: 0:01:37 ( 0.54  s/it)[K
   step_num: 187[K
   n_closed: 133[K
    n_total: 313[K[A[A[A[ Info: node ConstructionBots.TemplatedID{Tuple{ConstructionBots.TransportUnitGo, ConstructionBots.TemplatedID{Tuple{ConstructionBots.TransportUnitNode, ConstructionBots.ObjectID}}}}(19) finished.
[ Info: node ConstructionBots.TemplatedID{Tuple{ConstructionBots.DepositCargo, ConstructionBots.TemplatedID{Tuple{ConstructionBots.TransportUnitNode, ConstructionBots.ObjectID}}}}(19) finished.
[ Info: New RVO simulation
[ Info: node ConstructionBots.TemplatedID{Tuple{ConstructionBots.TransportUnitGo, ConstructionBots.TemplatedID{Tuple{ConstructionBots.TransportUnitNode, ConstructionBots.AssemblyID}}}}(6) finished.
[ Info: node ConstructionBots.TemplatedID{Tuple{ConstructionBots.LiftIntoPlace, ConstructionBots.ObjectID}}(19) finished.
[ Info: Closing BuildingStep ConstructionBots.TemplatedID{ConstructionBots.CloseBuildStep}(3)
[ Info: node ConstructionBots.TemplatedID{ConstructionBots.CloseBuildStep}(3) finished.
[ Info: node ConstructionBots.TemplatedID{Tuple{ConstructionBots.AssemblyComplete, ConstructionBots.AssemblyID}}(7) finished.
[ Info: node ConstructionBots.TemplatedID{Tuple{ConstructionBots.DepositCargo, ConstructionBots.TemplatedID{Tuple{ConstructionBots.TransportUnitNode, ConstructionBots.AssemblyID}}}}(6) finished.
[ Info: New RVO simulation



[K[A[K[A[K[ASimulating...  32%|█████████████████                                 |  ETA: 0:01:28 ( 0.51  s/it)[K
   step_num: 212[K
   n_closed: 140[K
    n_total: 313[K[A[A[A[ Info: node ConstructionBots.ActionID(92) finished.
[ Info: node ConstructionBots.ActionID(74) finished.
[ Info: node ConstructionBots.ActionID(73) finished.
[ Info: New RVO simulation
[ Info: node ConstructionBots.TemplatedID{Tuple{ConstructionBots.FormTransportUnit, ConstructionBots.TemplatedID{Tuple{ConstructionBots.TransportUnitNode, ConstructionBots.ObjectID}}}}(8) finished.
[ Info: node ConstructionBots.TemplatedID{Tuple{ConstructionBots.LiftIntoPlace, ConstructionBots.AssemblyID}}(6) finished.
[ Info: node ConstructionBots.TemplatedID{Tuple{ConstructionBots.TransportUnitGo, ConstructionBots.TemplatedID{Tuple{ConstructionBots.TransportUnitNode, ConstructionBots.ObjectID}}}}(10) finished.
[ Info: node ConstructionBots.TemplatedID{Tuple{ConstructionBots.DepositCargo, ConstructionBots.TemplatedID{Tuple{ConstructionBots.TransportUnitNode, ConstructionBots.ObjectID}}}}(10) finished.
[ Info: node ConstructionBots.TemplatedID{Tuple{ConstructionBots.LiftIntoPlace, ConstructionBots.ObjectID}}(10) finished.
[ Info: Closing BuildingStep ConstructionBots.TemplatedID{ConstructionBots.CloseBuildStep}(11)
[ Info: node ConstructionBots.TemplatedID{ConstructionBots.CloseBuildStep}(11) finished.
[ Info: node ConstructionBots.TemplatedID{ConstructionBots.OpenBuildStep}(10) finished.
[ Info: New RVO simulation



[K[A[K[A[K[ASimulating...  36%|███████████████████                               |  ETA: 0:01:16 ( 0.47  s/it)[K
   step_num: 258[K
   n_closed: 150[K
    n_total: 313[K[A[A[A[ Info: node ConstructionBots.ActionID(80) finished.
[ Info: node ConstructionBots.ActionID(49) finished.
[ Info: node ConstructionBots.ActionID(62) finished.
[ Info: node ConstructionBots.ActionID(61) finished.
[ Info: New RVO simulation
[ Info: node ConstructionBots.TemplatedID{Tuple{ConstructionBots.FormTransportUnit, ConstructionBots.TemplatedID{Tuple{ConstructionBots.TransportUnitNode, ConstructionBots.ObjectID}}}}(14) finished.
[ Info: node ConstructionBots.ActionID(84) finished.
[ Info: node ConstructionBots.ActionID(66) finished.
[ Info: New RVO simulation
[ Info: node ConstructionBots.TemplatedID{Tuple{ConstructionBots.FormTransportUnit, ConstructionBots.TemplatedID{Tuple{ConstructionBots.TransportUnitNode, ConstructionBots.ObjectID}}}}(7) finished.



[K[A[K[A[K[ASimulating...  39%|████████████████████                              |  ETA: 0:01:08 ( 0.44  s/it)[K
   step_num: 287[K
   n_closed: 158[K
    n_total: 313[K[A[A[A[ Info: node ConstructionBots.ActionID(83) finished.
[ Info: node ConstructionBots.TemplatedID{Tuple{ConstructionBots.TransportUnitGo, ConstructionBots.TemplatedID{Tuple{ConstructionBots.TransportUnitNode, ConstructionBots.ObjectID}}}}(8) finished.
[ Info: node ConstructionBots.TemplatedID{Tuple{ConstructionBots.DepositCargo, ConstructionBots.TemplatedID{Tuple{ConstructionBots.TransportUnitNode, ConstructionBots.ObjectID}}}}(8) finished.
[ Info: New RVO simulation
[ Info: node ConstructionBots.TemplatedID{Tuple{ConstructionBots.LiftIntoPlace, ConstructionBots.ObjectID}}(8) finished.
[ Info: node ConstructionBots.ActionID(72) finished.
[ Info: node ConstructionBots.ActionID(77) finished.
[ Info: node ConstructionBots.ActionID(78) finished.
[ Info: New RVO simulation



[K[A[K[A[K[ASimulating...  42%|█████████████████████                             |  ETA: 0:01:02 ( 0.42  s/it)[K
   step_num: 317[K
   n_closed: 165[K
    n_total: 313[K[A[A[A[ Info: node ConstructionBots.TemplatedID{Tuple{ConstructionBots.FormTransportUnit, ConstructionBots.TemplatedID{Tuple{ConstructionBots.TransportUnitNode, ConstructionBots.ObjectID}}}}(9) finished.
[ Info: node ConstructionBots.TemplatedID{Tuple{ConstructionBots.TransportUnitGo, ConstructionBots.TemplatedID{Tuple{ConstructionBots.TransportUnitNode, ConstructionBots.ObjectID}}}}(9) finished.
[ Info: node ConstructionBots.TemplatedID{Tuple{ConstructionBots.DepositCargo, ConstructionBots.TemplatedID{Tuple{ConstructionBots.TransportUnitNode, ConstructionBots.ObjectID}}}}(9) finished.
[ Info: New RVO simulation
[ Info: node ConstructionBots.TemplatedID{Tuple{ConstructionBots.LiftIntoPlace, ConstructionBots.ObjectID}}(9) finished.
[ Info: Closing BuildingStep ConstructionBots.TemplatedID{ConstructionBots.CloseBuildStep}(10)
[ Info: node ConstructionBots.TemplatedID{ConstructionBots.CloseBuildStep}(10) finished.
[ Info: node ConstructionBots.TemplatedID{ConstructionBots.OpenBuildStep}(9) finished.



[K[A[K[A[K[ASimulating...  44%|███████████████████████                           |  ETA: 0:00:58 ( 0.41  s/it)[K
   step_num: 369[K
   n_closed: 171[K
    n_total: 313[K[A[A[A[ Info: node ConstructionBots.ActionID(79) finished.
[ Info: node ConstructionBots.ActionID(71) finished.
[ Info: node ConstructionBots.ActionID(70) finished.
[ Info: node ConstructionBots.ActionID(69) finished.
[ Info: New RVO simulation
[ Info: node ConstructionBots.TemplatedID{Tuple{ConstructionBots.FormTransportUnit, ConstructionBots.TemplatedID{Tuple{ConstructionBots.TransportUnitNode, ConstructionBots.ObjectID}}}}(6) finished.
[ Info: node ConstructionBots.TemplatedID{Tuple{ConstructionBots.TransportUnitGo, ConstructionBots.TemplatedID{Tuple{ConstructionBots.TransportUnitNode, ConstructionBots.ObjectID}}}}(7) finished.
[ Info: node ConstructionBots.TemplatedID{Tuple{ConstructionBots.DepositCargo, ConstructionBots.TemplatedID{Tuple{ConstructionBots.TransportUnitNode, ConstructionBots.ObjectID}}}}(7) finished.
[ Info: New RVO simulation



[K[A[K[A[K[ASimulating...  47%|████████████████████████                          |  ETA: 0:00:53 ( 0.39  s/it)[K
   step_num: 411[K
   n_closed: 178[K
    n_total: 313[K[A[A[A[ Info: node ConstructionBots.TemplatedID{Tuple{ConstructionBots.LiftIntoPlace, ConstructionBots.ObjectID}}(7) finished.
[ Info: node ConstructionBots.ActionID(76) finished.
[ Info: node ConstructionBots.TemplatedID{Tuple{ConstructionBots.TransportUnitGo, ConstructionBots.TemplatedID{Tuple{ConstructionBots.TransportUnitNode, ConstructionBots.ObjectID}}}}(6) finished.
[ Info: node ConstructionBots.TemplatedID{Tuple{ConstructionBots.TransportUnitGo, ConstructionBots.TemplatedID{Tuple{ConstructionBots.TransportUnitNode, ConstructionBots.ObjectID}}}}(14) finished.
[ Info: node ConstructionBots.TemplatedID{Tuple{ConstructionBots.DepositCargo, ConstructionBots.TemplatedID{Tuple{ConstructionBots.TransportUnitNode, ConstructionBots.ObjectID}}}}(6) finished.
[ Info: node ConstructionBots.ActionID(102) finished.
[ Info: node ConstructionBots.ActionID(101) finished.
[ Info: New RVO simulation
[ Info: node ConstructionBots.TemplatedID{Tuple{ConstructionBots.DepositCargo, ConstructionBots.TemplatedID{Tuple{ConstructionBots.TransportUnitNode, ConstructionBots.ObjectID}}}}(14) finished.
[ Info: New RVO simulation
[ Info: node ConstructionBots.TemplatedID{Tuple{ConstructionBots.FormTransportUnit, ConstructionBots.TemplatedID{Tuple{ConstructionBots.TransportUnitNode, ConstructionBots.ObjectID}}}}(16) finished.
[ Info: node ConstructionBots.TemplatedID{Tuple{ConstructionBots.LiftIntoPlace, ConstructionBots.ObjectID}}(14) finished.
[ Info: Closing BuildingStep ConstructionBots.TemplatedID{ConstructionBots.CloseBuildStep}(7)
[ Info: node ConstructionBots.TemplatedID{ConstructionBots.CloseBuildStep}(7) finished.
[ Info: node ConstructionBots.TemplatedID{Tuple{ConstructionBots.AssemblyComplete, ConstructionBots.AssemblyID}}(5) finished.
[ Info: node ConstructionBots.TemplatedID{Tuple{ConstructionBots.LiftIntoPlace, ConstructionBots.ObjectID}}(6) finished.
[ Info: Closing BuildingStep ConstructionBots.TemplatedID{ConstructionBots.CloseBuildStep}(9)
[ Info: node ConstructionBots.TemplatedID{ConstructionBots.CloseBuildStep}(9) finished.
[ Info: node ConstructionBots.TemplatedID{Tuple{ConstructionBots.AssemblyComplete, ConstructionBots.AssemblyID}}(4) finished.
[ Info: node ConstructionBots.ActionID(63) finished.
[ Info: node ConstructionBots.ActionID(65) finished.



[K[A[K[A[K[ASimulating...  54%|███████████████████████████                       |  ETA: 0:00:41 ( 0.35  s/it)[K
   step_num: 450[K
   n_closed: 195[K
    n_total: 313[K[A[A[A[ Info: node ConstructionBots.ActionID(75) finished.
[ Info: node ConstructionBots.ActionID(130) finished.
[ Info: node ConstructionBots.ActionID(129) finished.
[ Info: New RVO simulation
[ Info: node ConstructionBots.TemplatedID{Tuple{ConstructionBots.FormTransportUnit, ConstructionBots.TemplatedID{Tuple{ConstructionBots.TransportUnitNode, ConstructionBots.AssemblyID}}}}(4) finished.
[ Info: node ConstructionBots.ActionID(68) finished.
[ Info: node ConstructionBots.ActionID(96) finished.
[ Info: New RVO simulation
[ Info: node ConstructionBots.TemplatedID{Tuple{ConstructionBots.FormTransportUnit, ConstructionBots.TemplatedID{Tuple{ConstructionBots.TransportUnitNode, ConstructionBots.AssemblyID}}}}(8) finished.



[K[A[K[A[K[ASimulating...  56%|█████████████████████████████                     |  ETA: 0:00:38 ( 0.34  s/it)[K
   step_num: 492[K
   n_closed: 202[K
    n_total: 313[K[A[A[A[ Info: node ConstructionBots.ActionID(91) finished.
[ Info: node ConstructionBots.ActionID(89) finished.
[ Info: node ConstructionBots.ActionID(90) finished.
[ Info: New RVO simulation
[ Info: node ConstructionBots.TemplatedID{Tuple{ConstructionBots.FormTransportUnit, ConstructionBots.TemplatedID{Tuple{ConstructionBots.TransportUnitNode, ConstructionBots.AssemblyID}}}}(5) finished.
[ Info: node ConstructionBots.TemplatedID{Tuple{ConstructionBots.TransportUnitGo, ConstructionBots.TemplatedID{Tuple{ConstructionBots.TransportUnitNode, ConstructionBots.ObjectID}}}}(16) finished.
[ Info: node ConstructionBots.TemplatedID{Tuple{ConstructionBots.DepositCargo, ConstructionBots.TemplatedID{Tuple{ConstructionBots.TransportUnitNode, ConstructionBots.ObjectID}}}}(16) finished.
[ Info: node ConstructionBots.TemplatedID{Tuple{ConstructionBots.LiftIntoPlace, ConstructionBots.ObjectID}}(16) finished.
[ Info: Closing BuildingStep ConstructionBots.TemplatedID{ConstructionBots.CloseBuildStep}(15)
[ Info: node ConstructionBots.TemplatedID{ConstructionBots.CloseBuildStep}(15) finished.
[ Info: node ConstructionBots.TemplatedID{ConstructionBots.OpenBuildStep}(14) finished.
[ Info: New RVO simulation
[ Info: node ConstructionBots.TemplatedID{Tuple{ConstructionBots.TransportUnitGo, ConstructionBots.TemplatedID{Tuple{ConstructionBots.TransportUnitNode, ConstructionBots.AssemblyID}}}}(5) finished.
[ Info: node ConstructionBots.TemplatedID{Tuple{ConstructionBots.TransportUnitGo, ConstructionBots.TemplatedID{Tuple{ConstructionBots.TransportUnitNode, ConstructionBots.AssemblyID}}}}(8) finished.
[ Info: node ConstructionBots.TemplatedID{Tuple{ConstructionBots.DepositCargo, ConstructionBots.TemplatedID{Tuple{ConstructionBots.TransportUnitNode, ConstructionBots.AssemblyID}}}}(5) finished.
[ Info: New RVO simulation
[ Info: node ConstructionBots.TemplatedID{Tuple{ConstructionBots.DepositCargo, ConstructionBots.TemplatedID{Tuple{ConstructionBots.TransportUnitNode, ConstructionBots.AssemblyID}}}}(8) finished.
[ Info: New RVO simulation
[ Info: node ConstructionBots.TemplatedID{Tuple{ConstructionBots.LiftIntoPlace, ConstructionBots.AssemblyID}}(5) finished.
[ Info: Closing BuildingStep ConstructionBots.TemplatedID{ConstructionBots.CloseBuildStep}(12)
[ Info: node ConstructionBots.TemplatedID{ConstructionBots.CloseBuildStep}(12) finished.
[ Info: node ConstructionBots.TemplatedID{Tuple{ConstructionBots.AssemblyComplete, ConstructionBots.AssemblyID}}(3) finished.



[K[A[K[A[K[ASimulating...  63%|████████████████████████████████                  |  ETA: 0:00:30 ( 0.31  s/it)[K
   step_num: 540[K
   n_closed: 218[K
    n_total: 313[K[A[A[A[ Info: node ConstructionBots.TemplatedID{Tuple{ConstructionBots.LiftIntoPlace, ConstructionBots.AssemblyID}}(8) finished.
[ Info: node ConstructionBots.ActionID(67) finished.
[ Info: node ConstructionBots.ActionID(98) finished.
[ Info: New RVO simulation
[ Info: node ConstructionBots.TemplatedID{Tuple{ConstructionBots.FormTransportUnit, ConstructionBots.TemplatedID{Tuple{ConstructionBots.TransportUnitNode, ConstructionBots.AssemblyID}}}}(7) finished.
[ Info: node ConstructionBots.ActionID(59) finished.
[ Info: node ConstructionBots.ActionID(60) finished.
[ Info: node ConstructionBots.TemplatedID{Tuple{ConstructionBots.TransportUnitGo, ConstructionBots.TemplatedID{Tuple{ConstructionBots.TransportUnitNode, ConstructionBots.AssemblyID}}}}(7) finished.
[ Info: node ConstructionBots.TemplatedID{Tuple{ConstructionBots.DepositCargo, ConstructionBots.TemplatedID{Tuple{ConstructionBots.TransportUnitNode, ConstructionBots.AssemblyID}}}}(7) finished.
[ Info: New RVO simulation



[K[A[K[A[K[ASimulating...  66%|█████████████████████████████████                 |  ETA: 0:00:27 ( 0.31  s/it)[K
   step_num: 585[K
   n_closed: 226[K
    n_total: 313[K[A[A[A[ Info: node ConstructionBots.TemplatedID{Tuple{ConstructionBots.LiftIntoPlace, ConstructionBots.AssemblyID}}(7) finished.
[ Info: Closing BuildingStep ConstructionBots.TemplatedID{ConstructionBots.CloseBuildStep}(14)
[ Info: node ConstructionBots.TemplatedID{ConstructionBots.CloseBuildStep}(14) finished.
[ Info: node ConstructionBots.TemplatedID{Tuple{ConstructionBots.AssemblyComplete, ConstructionBots.AssemblyID}}(2) finished.
[ Info: node ConstructionBots.ActionID(99) finished.
[ Info: node ConstructionBots.ActionID(100) finished.
[ Info: node ConstructionBots.ActionID(117) finished.
[ Info: node ConstructionBots.ActionID(118) finished.
[ Info: New RVO simulation
[ Info: node ConstructionBots.TemplatedID{Tuple{ConstructionBots.FormTransportUnit, ConstructionBots.TemplatedID{Tuple{ConstructionBots.TransportUnitNode, ConstructionBots.AssemblyID}}}}(2) finished.
[ Info: node ConstructionBots.ActionID(88) finished.
[ Info: node ConstructionBots.ActionID(95) finished.
[ Info: node ConstructionBots.ActionID(97) finished.
[ Info: node ConstructionBots.ActionID(112) finished.
[ Info: node ConstructionBots.ActionID(111) finished.
[ Info: New RVO simulation
[ Info: node ConstructionBots.TemplatedID{Tuple{ConstructionBots.FormTransportUnit, ConstructionBots.TemplatedID{Tuple{ConstructionBots.TransportUnitNode, ConstructionBots.ObjectID}}}}(4) finished.



[K[A[K[A[K[ASimulating...  71%|████████████████████████████████████              |  ETA: 0:00:21 ( 0.29  s/it)[K
   step_num: 642[K
   n_closed: 240[K
    n_total: 313[K[A[A[A


[K[A[K[A[K[ASimulating...  71%|████████████████████████████████████              |  ETA: 0:00:21 ( 0.29  s/it)[K
   step_num: 716[K
   n_closed: 240[K
    n_total: 313[K[A[A[A[ Info: [RESPEC] OOD event: A multi-robot transport team is deadlocked while forming: some members are waiting in their carrying positions but the team cannot complete and the build has stalled. Re-establish the stuck transport team(s).



[K[A[K[A[K[ASimulating...  71%|████████████████████████████████████              |  ETA: 0:00:22 ( 0.31  s/it)[K
   step_num: 762[K
   n_closed: 240[K
    n_total: 313[K[A[A[A


[K[A[K[A[K[ASimulating...  71%|████████████████████████████████████              |  ETA: 0:00:23 ( 0.31  s/it)[K
   step_num: 832[K
   n_closed: 240[K
    n_total: 313[K[A[A[A[ Info: [RESPEC] OOD event: A multi-robot transport team is deadlocked while forming: some members are waiting in their carrying positions but the team cannot complete and the build has stalled. Re-establish the stuck transport team(s).



[K[A[K[A[K[ASimulating...  71%|████████████████████████████████████              |  ETA: 0:00:23 ( 0.32  s/it)[K
   step_num: 906[K
   n_closed: 240[K
    n_total: 313[K[A[A[A


[K[A[K[A[K[ASimulating...  71%|████████████████████████████████████              |  ETA: 0:00:24 ( 0.32  s/it)[K
   step_num: 973[K
   n_closed: 240[K
    n_total: 313[K[A[A[A[ Info: [RESPEC] OOD event: A multi-robot transport team is deadlocked while forming: some members are waiting in their carrying positions but the team cannot complete and the build has stalled. Re-establish the stuck transport team(s).



[K[A[K[A[K[ASimulating...  71%|████████████████████████████████████              |  ETA: 0:00:24 ( 0.33  s/it)[K
   step_num: 1037[K
   n_closed: 240[K
    n_total: 313[K[A[A[A


[K[A[K[A[K[ASimulating...  71%|████████████████████████████████████              |  ETA: 0:00:24 ( 0.33  s/it)[K
   step_num: 1115[K
   n_closed: 240[K
    n_total: 313[K[A[A[A[ Info: [RESPEC] OOD event: A multi-robot transport team is deadlocked while forming: some members are waiting in their carrying positions but the team cannot complete and the build has stalled. Re-establish the stuck transport team(s).



[K[A[K[A[K[ASimulating...  71%|████████████████████████████████████              |  ETA: 0:00:25 ( 0.34  s/it)[K
   step_num: 1181[K
   n_closed: 240[K
    n_total: 313[K[A[A[A[ Info: [RESPEC] OOD event: A multi-robot transport team is deadlocked while forming: some members are waiting in their carrying positions but the team cannot complete and the build has stalled. Re-establish the stuck transport team(s).



[K[A[K[A[K[ASimulating...  71%|████████████████████████████████████              |  ETA: 0:00:25 ( 0.34  s/it)[K
   step_num: 1248[K
   n_closed: 240[K
    n_total: 313[K[A[A[A


[K[A[K[A[K[ASimulating...  71%|████████████████████████████████████              |  ETA: 0:00:26 ( 0.35  s/it)[K
   step_num: 1318[K
   n_closed: 240[K
    n_total: 313[K[A[A[A[ Info: [RESPEC] OOD event: A multi-robot transport team is deadlocked while forming: some members are waiting in their carrying positions but the team cannot complete and the build has stalled. Re-establish the stuck transport team(s).



[K[A[K[A[K[ASimulating...  71%|████████████████████████████████████              |  ETA: 0:00:26 ( 0.36  s/it)[K
   step_num: 1389[K
   n_closed: 240[K
    n_total: 313[K[A[A[A


[K[A[K[A[K[ASimulating...  71%|████████████████████████████████████              |  ETA: 0:00:26 ( 0.36  s/it)[K
   step_num: 1454[K
   n_closed: 240[K
    n_total: 313[K[A[A[A[ Info: [RESPEC] OOD event: A multi-robot transport team is deadlocked while forming: some members are waiting in their carrying positions but the team cannot complete and the build has stalled. Re-establish the stuck transport team(s).



[K[A[K[A[K[ASimulating...  71%|████████████████████████████████████              |  ETA: 0:00:27 ( 0.37  s/it)[K
   step_num: 1518[K
   n_closed: 240[K
    n_total: 313[K[A[A[A


[K[A[K[A[K[ASimulating...  71%|████████████████████████████████████              |  ETA: 0:00:27 ( 0.37  s/it)[K
   step_num: 1599[K
   n_closed: 240[K
    n_total: 313[K[A[A[A[ Info: [RESPEC] OOD event: A multi-robot transport team is deadlocked while forming: some members are waiting in their carrying positions but the team cannot complete and the build has stalled. Re-establish the stuck transport team(s).



[K[A[K[A[K[ASimulating...  71%|████████████████████████████████████              |  ETA: 0:00:28 ( 0.38  s/it)[K
   step_num: 1666[K
   n_closed: 240[K
    n_total: 313[K[A[A[A[ Info: [RESPEC] OOD event: A multi-robot transport team is deadlocked while forming: some members are waiting in their carrying positions but the team cannot complete and the build has stalled. Re-establish the stuck transport team(s).



[K[A[K[A[K[ASimulating...  71%|████████████████████████████████████              |  ETA: 0:00:28 ( 0.38  s/it)[K
   step_num: 1728[K
   n_closed: 240[K
    n_total: 313[K[A[A[A


[K[A[K[A[K[ASimulating...  71%|████████████████████████████████████              |  ETA: 0:00:28 ( 0.39  s/it)[K
   step_num: 1805[K
   n_closed: 240[K
    n_total: 313[K[A[A[A[ Info: [RESPEC] OOD event: A multi-robot transport team is deadlocked while forming: some members are waiting in their carrying positions but the team cannot complete and the build has stalled. Re-establish the stuck transport team(s).



[K[A[K[A[K[ASimulating...  71%|████████████████████████████████████              |  ETA: 0:00:29 ( 0.40  s/it)[K
   step_num: 1874[K
   n_closed: 240[K
    n_total: 313[K[A[A[A


[K[A[K[A[K[ASimulating...  71%|████████████████████████████████████              |  ETA: 0:00:29 ( 0.40  s/it)[K
   step_num: 1939[K
   n_closed: 240[K
    n_total: 313[K[A[A[A[ Info: [RESPEC] OOD event: A multi-robot transport team is deadlocked while forming: some members are waiting in their carrying positions but the team cannot complete and the build has stalled. Re-establish the stuck transport team(s).



[K[A[K[A[K[ASimulating...  71%|████████████████████████████████████              |  ETA: 0:00:30 ( 0.41  s/it)[K
   step_num: 2016[K
   n_closed: 240[K
    n_total: 313[K[A[A[A


[K[A[K[A[K[ASimulating...  71%|████████████████████████████████████              |  ETA: 0:00:30 ( 0.41  s/it)[K
   step_num: 2080[K
   n_closed: 240[K
    n_total: 313[K[A[A[A[ Info: [RESPEC] OOD event: A multi-robot transport team is deadlocked while forming: some members are waiting in their carrying positions but the team cannot complete and the build has stalled. Re-establish the stuck transport team(s).



[K[A[K[A[K[ASimulating...  71%|████████████████████████████████████              |  ETA: 0:00:30 ( 0.42  s/it)[K
   step_num: 2148[K
   n_closed: 240[K
    n_total: 313[K[A[A[A[ Info: [RESPEC] OOD event: A multi-robot transport team is deadlocked while forming: some members are waiting in their carrying positions but the team cannot complete and the build has stalled. Re-establish the stuck transport team(s).



[K[A[K[A[K[ASimulating...  71%|████████████████████████████████████              |  ETA: 0:00:31 ( 0.42  s/it)[K
   step_num: 2218[K
   n_closed: 240[K
    n_total: 313[K[A[A[A


[K[A[K[A[K[ASimulating...  71%|████████████████████████████████████              |  ETA: 0:00:31 ( 0.43  s/it)[K
   step_num: 2296[K
   n_closed: 240[K
    n_total: 313[K[A[A[A[ Info: [RESPEC] OOD event: A multi-robot transport team is deadlocked while forming: some members are waiting in their carrying positions but the team cannot complete and the build has stalled. Re-establish the stuck transport team(s).



[K[A[K[A[K[ASimulating...  71%|████████████████████████████████████              |  ETA: 0:00:32 ( 0.43  s/it)[K
   step_num: 2361[K
   n_closed: 240[K
    n_total: 313[K[A[A[A


[K[A[K[A[K[ASimulating...  71%|████████████████████████████████████              |  ETA: 0:00:32 ( 0.44  s/it)[K
   step_num: 2424[K
   n_closed: 240[K
    n_total: 313[K[A[A[A[ Info: [RESPEC] OOD event: A multi-robot transport team is deadlocked while forming: some members are waiting in their carrying positions but the team cannot complete and the build has stalled. Re-establish the stuck transport team(s).



[K[A[K[A[K[ASimulating...  71%|████████████████████████████████████              |  ETA: 0:00:33 ( 0.45  s/it)[K
   step_num: 2503[K
   n_closed: 240[K
    n_total: 313[K[A[A[A[ Info: [RESPEC] OOD event: A multi-robot transport team is deadlocked while forming: some members are waiting in their carrying positions but the team cannot complete and the build has stalled. Re-establish the stuck transport team(s).



[K[A[K[A[K[ASimulating...  71%|████████████████████████████████████              |  ETA: 0:00:33 ( 0.45  s/it)[K
   step_num: 2567[K
   n_closed: 240[K
    n_total: 313[K[A[A[A


[K[A[K[A[K[ASimulating...  71%|████████████████████████████████████              |  ETA: 0:00:33 ( 0.46  s/it)[K
   step_num: 2631[K
   n_closed: 240[K
    n_total: 313[K[A[A[A[ Info: [RESPEC] OOD event: A multi-robot transport team is deadlocked while forming: some members are waiting in their carrying positions but the team cannot complete and the build has stalled. Re-establish the stuck transport team(s).



[K[A[K[A[K[ASimulating...  71%|████████████████████████████████████              |  ETA: 0:00:34 ( 0.46  s/it)[K
   step_num: 2708[K
   n_closed: 240[K
    n_total: 313[K[A[A[A


[K[A[K[A[K[ASimulating...  71%|████████████████████████████████████              |  ETA: 0:00:34 ( 0.47  s/it)[K
   step_num: 2767[K
   n_closed: 240[K
    n_total: 313[K[A[A[A[ Info: [RESPEC] OOD event: A multi-robot transport team is deadlocked while forming: some members are waiting in their carrying positions but the team cannot complete and the build has stalled. Re-establish the stuck transport team(s).



[K[A[K[A[K[ASimulating...  71%|████████████████████████████████████              |  ETA: 0:00:35 ( 0.47  s/it)[K
   step_num: 2822[K
   n_closed: 240[K
    n_total: 313[K[A[A[A


[K[A[K[A[K[ASimulating...  71%|████████████████████████████████████              |  ETA: 0:00:35 ( 0.48  s/it)[K
   step_num: 2864[K
   n_closed: 240[K
    n_total: 313[K[A[A[A


[K[A[K[A[K[ASimulating...  71%|████████████████████████████████████              |  ETA: 0:00:35 ( 0.48  s/it)[K
   step_num: 2918[K
   n_closed: 240[K
    n_total: 313[K[A[A[A[ Info: [RESPEC] OOD event: A multi-robot transport team is deadlocked while forming: some members are waiting in their carrying positions but the team cannot complete and the build has stalled. Re-establish the stuck transport team(s).



[K[A[K[A[K[ASimulating...  71%|████████████████████████████████████              |  ETA: 0:00:36 ( 0.49  s/it)[K
   step_num: 2981[K
   n_closed: 240[K
    n_total: 313[K[A[A[A


[K[A[K[A[K[ASimulating...  71%|████████████████████████████████████              |  ETA: 0:00:36 ( 0.50  s/it)[K
   step_num: 3036[K
   n_closed: 240[K
    n_total: 313[K[A[A[A[ Info: [RESPEC] OOD event: A multi-robot transport team is deadlocked while forming: some members are waiting in their carrying positions but the team cannot complete and the build has stalled. Re-establish the stuck transport team(s).



[K[A[K[A[K[ASimulating...  71%|████████████████████████████████████              |  ETA: 0:00:37 ( 0.50  s/it)[K
   step_num: 3108[K
   n_closed: 240[K
    n_total: 313[K[A[A[A[ Info: [RESPEC] OOD event: A multi-robot transport team is deadlocked while forming: some members are waiting in their carrying positions but the team cannot complete and the build has stalled. Re-establish the stuck transport team(s).



[K[A[K[A[K[ASimulating...  71%|████████████████████████████████████              |  ETA: 0:00:37 ( 0.51  s/it)[K
   step_num: 3171[K
   n_closed: 240[K
    n_total: 313[K[A[A[A


[K[A[K[A[K[ASimulating...  71%|████████████████████████████████████              |  ETA: 0:00:37 ( 0.51  s/it)[K
   step_num: 3232[K
   n_closed: 240[K
    n_total: 313[K[A[A[A[ Info: [RESPEC] OOD event: A multi-robot transport team is deadlocked while forming: some members are waiting in their carrying positions but the team cannot complete and the build has stalled. Re-establish the stuck transport team(s).



[K[A[K[A[K[ASimulating...  71%|████████████████████████████████████              |  ETA: 0:00:38 ( 0.52  s/it)[K
   step_num: 3301[K
   n_closed: 240[K
    n_total: 313[K[A[A[A


[K[A[K[A[K[ASimulating...  71%|████████████████████████████████████              |  ETA: 0:00:38 ( 0.52  s/it)[K
   step_num: 3356[K
   n_closed: 240[K
    n_total: 313[K[A[A[A[ Info: [RESPEC] OOD event: A multi-robot transport team is deadlocked while forming: some members are waiting in their carrying positions but the team cannot complete and the build has stalled. Re-establish the stuck transport team(s).



[K[A[K[A[K[ASimulating...  71%|████████████████████████████████████              |  ETA: 0:00:39 ( 0.53  s/it)[K
   step_num: 3418[K
   n_closed: 240[K
    n_total: 313[K[A[A[A


[K[A[K[A[K[ASimulating...  71%|████████████████████████████████████              |  ETA: 0:00:39 ( 0.54  s/it)[K
   step_num: 3483[K
   n_closed: 240[K
    n_total: 313[K[A[A[A[ Info: [RESPEC] OOD event: A multi-robot transport team is deadlocked while forming: some members are waiting in their carrying positions but the team cannot complete and the build has stalled. Re-establish the stuck transport team(s).



[K[A[K[A[K[ASimulating...  71%|████████████████████████████████████              |  ETA: 0:00:40 ( 0.54  s/it)[K
   step_num: 3533[K
   n_closed: 240[K
    n_total: 313[K[A[A[A


[K[A[K[A[K[ASimulating...  71%|████████████████████████████████████              |  ETA: 0:00:40 ( 0.55  s/it)[K
   step_num: 3594[K
   n_closed: 240[K
    n_total: 313[K[A[A[A[ Info: [RESPEC] OOD event: A multi-robot transport team is deadlocked while forming: some members are waiting in their carrying positions but the team cannot complete and the build has stalled. Re-establish the stuck transport team(s).



[K[A[K[A[K[ASimulating...  71%|████████████████████████████████████              |  ETA: 0:00:40 ( 0.55  s/it)[K
   step_num: 3662[K
   n_closed: 240[K
    n_total: 313[K[A[A[A


[K[A[K[A[K[ASimulating...  71%|████████████████████████████████████              |  ETA: 0:00:41 ( 0.56  s/it)[K
   step_num: 3723[K
   n_closed: 240[K
    n_total: 313[K[A[A[A[ Info: [RESPEC] OOD event: A multi-robot transport team is deadlocked while forming: some members are waiting in their carrying positions but the team cannot complete and the build has stalled. Re-establish the stuck transport team(s).



[K[A[K[A[K[ASimulating...  71%|████████████████████████████████████              |  ETA: 0:00:41 ( 0.56  s/it)[K
   step_num: 3793[K
   n_closed: 240[K
    n_total: 313[K[A[A[A


[K[A[K[A[K[ASimulating...  71%|████████████████████████████████████              |  ETA: 0:00:42 ( 0.57  s/it)[K
   step_num: 3854[K
   n_closed: 240[K
    n_total: 313[K[A[A[A[ Info: [RESPEC] OOD event: A multi-robot transport team is deadlocked while forming: some members are waiting in their carrying positions but the team cannot complete and the build has stalled. Re-establish the stuck transport team(s).



[K[A[K[A[K[ASimulating...  71%|████████████████████████████████████              |  ETA: 0:00:42 ( 0.58  s/it)[K
   step_num: 3918[K
   n_closed: 240[K
    n_total: 313[K[A[A[A


[K[A[K[A[K[ASimulating...  71%|████████████████████████████████████              |  ETA: 0:00:42 ( 0.58  s/it)[K
   step_num: 3997[K
   n_closed: 240[K
    n_total: 313[K[A[A[A[ Info: [RESPEC] OOD event: A multi-robot transport team is deadlocked while forming: some members are waiting in their carrying positions but the team cannot complete and the build has stalled. Re-establish the stuck transport team(s).



[K[A[K[A[K[ASimulating...  71%|████████████████████████████████████              |  ETA: 0:00:43 ( 0.59  s/it)[K
   step_num: 4064[K
   n_closed: 240[K
    n_total: 313[K[A[A[A[ Info: [RESPEC] OOD event: A multi-robot transport team is deadlocked while forming: some members are waiting in their carrying positions but the team cannot complete and the build has stalled. Re-establish the stuck transport team(s).



[K[A[K[A[K[ASimulating...  71%|████████████████████████████████████              |  ETA: 0:00:43 ( 0.59  s/it)[K
   step_num: 4131[K
   n_closed: 240[K
    n_total: 313[K[A[A[A


[K[A[K[A[K[ASimulating...  71%|████████████████████████████████████              |  ETA: 0:00:44 ( 0.60  s/it)[K
   step_num: 4210[K
   n_closed: 240[K
    n_total: 313[K[A[A[A[ Info: [RESPEC] OOD event: A multi-robot transport team is deadlocked while forming: some members are waiting in their carrying positions but the team cannot complete and the build has stalled. Re-establish the stuck transport team(s).



[K[A[K[A[K[ASimulating...  71%|████████████████████████████████████              |  ETA: 0:00:44 ( 0.60  s/it)[K
   step_num: 4274[K
   n_closed: 240[K
    n_total: 313[K[A[A[A


[K[A[K[A[K[ASimulating...  71%|████████████████████████████████████              |  ETA: 0:00:44 ( 0.61  s/it)[K
   step_num: 4339[K
   n_closed: 240[K
    n_total: 313[K[A[A[A[ Info: [RESPEC] OOD event: A multi-robot transport team is deadlocked while forming: some members are waiting in their carrying positions but the team cannot complete and the build has stalled. Re-establish the stuck transport team(s).



[K[A[K[A[K[ASimulating...  71%|████████████████████████████████████              |  ETA: 0:00:45 ( 0.61  s/it)[K
   step_num: 4414[K
   n_closed: 240[K
    n_total: 313[K[A[A[A


[K[A[K[A[K[ASimulating...  71%|████████████████████████████████████              |  ETA: 0:00:45 ( 0.62  s/it)[K
   step_num: 4480[K
   n_closed: 240[K
    n_total: 313[K[A[A[A[ Info: [RESPEC] OOD event: A multi-robot transport team is deadlocked while forming: some members are waiting in their carrying positions but the team cannot complete and the build has stalled. Re-establish the stuck transport team(s).



[K[A[K[A[K[ASimulating...  71%|████████████████████████████████████              |  ETA: 0:00:46 ( 0.63  s/it)[K
   step_num: 4545[K
   n_closed: 240[K
    n_total: 313[K[A[A[A[ Info: [RESPEC] OOD event: A multi-robot transport team is deadlocked while forming: some members are waiting in their carrying positions but the team cannot complete and the build has stalled. Re-establish the stuck transport team(s).



[K[A[K[A[K[ASimulating...  71%|████████████████████████████████████              |  ETA: 0:00:46 ( 0.63  s/it)[K
   step_num: 4618[K
   n_closed: 240[K
    n_total: 313[K[A[A[A


[K[A[K[A[K[ASimulating...  71%|████████████████████████████████████              |  ETA: 0:00:46 ( 0.64  s/it)[K
   step_num: 4697[K
   n_closed: 240[K
    n_total: 313[K[A[A[A[ Info: [RESPEC] OOD event: A multi-robot transport team is deadlocked while forming: some members are waiting in their carrying positions but the team cannot complete and the build has stalled. Re-establish the stuck transport team(s).



[K[A[K[A[K[ASimulating...  71%|████████████████████████████████████              |  ETA: 0:00:47 ( 0.64  s/it)[K
   step_num: 4765[K
   n_closed: 240[K
    n_total: 313[K[A[A[A


[K[A[K[A[K[ASimulating...  71%|████████████████████████████████████              |  ETA: 0:00:47 ( 0.65  s/it)[K
   step_num: 4831[K
   n_closed: 240[K
    n_total: 313[K[A[A[A[ Info: [RESPEC] OOD event: A multi-robot transport team is deadlocked while forming: some members are waiting in their carrying positions but the team cannot complete and the build has stalled. Re-establish the stuck transport team(s).



[K[A[K[A[K[ASimulating...  71%|████████████████████████████████████              |  ETA: 0:00:48 ( 0.65  s/it)[K
   step_num: 4906[K
   n_closed: 240[K
    n_total: 313[K[A[A[A[ Info: [RESPEC] OOD event: A multi-robot transport team is deadlocked while forming: some members are waiting in their carrying positions but the team cannot complete and the build has stalled. Re-establish the stuck transport team(s).



[K[A[K[A[K[ASimulating...  71%|████████████████████████████████████              |  ETA: 0:00:48 ( 0.66  s/it)[K
   step_num: 4964[K
   n_closed: 240[K
    n_total: 313[K[A[A[A


[K[A[K[A[K[ASimulating...  71%|████████████████████████████████████              |  ETA: 0:00:48 ( 0.66  s/it)[K
   step_num: 5030[K
   n_closed: 240[K
    n_total: 313[K[A[A[A[ Info: [RESPEC] OOD event: A multi-robot transport team is deadlocked while forming: some members are waiting in their carrying positions but the team cannot complete and the build has stalled. Re-establish the stuck transport team(s).



[K[A[K[A[K[ASimulating...  71%|████████████████████████████████████              |  ETA: 0:00:49 ( 0.67  s/it)[K
   step_num: 5105[K
   n_closed: 240[K
    n_total: 313[K[A[A[A


[K[A[K[A[K[ASimulating...  71%|████████████████████████████████████              |  ETA: 0:00:49 ( 0.68  s/it)[K
   step_num: 5173[K
   n_closed: 240[K
    n_total: 313[K[A[A[A[ Info: [RESPEC] OOD event: A multi-robot transport team is deadlocked while forming: some members are waiting in their carrying positions but the team cannot complete and the build has stalled. Re-establish the stuck transport team(s).



[K[A[K[A[K[ASimulating...  71%|████████████████████████████████████              |  ETA: 0:00:50 ( 0.68  s/it)[K
   step_num: 5243[K
   n_closed: 240[K
    n_total: 313[K[A[A[A


[K[A[K[A[K[ASimulating...  71%|████████████████████████████████████              |  ETA: 0:00:50 ( 0.69  s/it)[K
   step_num: 5317[K
   n_closed: 240[K
    n_total: 313[K[A[A[A[ Info: [RESPEC] OOD event: A multi-robot transport team is deadlocked while forming: some members are waiting in their carrying positions but the team cannot complete and the build has stalled. Re-establish the stuck transport team(s).



[K[A[K[A[K[ASimulating...  71%|████████████████████████████████████              |  ETA: 0:00:51 ( 0.69  s/it)[K
   step_num: 5385[K
   n_closed: 240[K
    n_total: 313[K[A[A[A[ Info: [RESPEC] OOD event: A multi-robot transport team is deadlocked while forming: some members are waiting in their carrying positions but the team cannot complete and the build has stalled. Re-establish the stuck transport team(s).



[K[A[K[A[K[ASimulating...  71%|████████████████████████████████████              |  ETA: 0:00:51 ( 0.70  s/it)[K
   step_num: 5449[K
   n_closed: 240[K
    n_total: 313[K[A[A[A


[K[A[K[A[K[ASimulating...  71%|████████████████████████████████████              |  ETA: 0:00:51 ( 0.70  s/it)[K
   step_num: 5518[K
   n_closed: 240[K
    n_total: 313[K[A[A[A[ Info: [RESPEC] OOD event: A multi-robot transport team is deadlocked while forming: some members are waiting in their carrying positions but the team cannot complete and the build has stalled. Re-establish the stuck transport team(s).



[K[A[K[A[K[ASimulating...  71%|████████████████████████████████████              |  ETA: 0:00:52 ( 0.71  s/it)[K
   step_num: 5591[K
   n_closed: 240[K
    n_total: 313[K[A[A[A


[K[A[K[A[K[ASimulating...  71%|████████████████████████████████████              |  ETA: 0:00:52 ( 0.71  s/it)[K
   step_num: 5656[K
   n_closed: 240[K
    n_total: 313[K[A[A[A[ Info: [RESPEC] OOD event: A multi-robot transport team is deadlocked while forming: some members are waiting in their carrying positions but the team cannot complete and the build has stalled. Re-establish the stuck transport team(s).



[K[A[K[A[K[ASimulating...  71%|████████████████████████████████████              |  ETA: 0:00:53 ( 0.72  s/it)[K
   step_num: 5724[K
   n_closed: 240[K
    n_total: 313[K[A[A[A


[K[A[K[A[K[ASimulating...  71%|████████████████████████████████████              |  ETA: 0:00:53 ( 0.73  s/it)[K
   step_num: 5800[K
   n_closed: 240[K
    n_total: 313[K[A[A[A[ Info: [RESPEC] OOD event: A multi-robot transport team is deadlocked while forming: some members are waiting in their carrying positions but the team cannot complete and the build has stalled. Re-establish the stuck transport team(s).



[K[A[K[A[K[ASimulating...  71%|████████████████████████████████████              |  ETA: 0:00:53 ( 0.73  s/it)[K
   step_num: 5861[K
   n_closed: 240[K
    n_total: 313[K[A[A[A[ Info: [RESPEC] OOD event: A multi-robot transport team is deadlocked while forming: some members are waiting in their carrying positions but the team cannot complete and the build has stalled. Re-establish the stuck transport team(s).



[K[A[K[A[K[ASimulating...  71%|████████████████████████████████████              |  ETA: 0:00:54 ( 0.74  s/it)[K
   step_num: 5923[K
   n_closed: 240[K
    n_total: 313[K[A[A[A


[K[A[K[A[K[ASimulating...  71%|████████████████████████████████████              |  ETA: 0:00:54 ( 0.74  s/it)[K
   step_num: 5997[K
   n_closed: 240[K
    n_total: 313[K[A[A[A[ Info: [RESPEC] OOD event: A multi-robot transport team is deadlocked while forming: some members are waiting in their carrying positions but the team cannot complete and the build has stalled. Re-establish the stuck transport team(s).



[K[A[K[A[K[ASimulating...  71%|████████████████████████████████████              |  ETA: 0:00:55 ( 0.75  s/it)[K
   step_num: 6057[K
   n_closed: 240[K
    n_total: 313[K[A[A[A


[K[A[K[A[K[ASimulating...  71%|████████████████████████████████████              |  ETA: 0:00:55 ( 0.75  s/it)[K
   step_num: 6118[K
   n_closed: 240[K
    n_total: 313[K[A[A[A[ Info: [RESPEC] OOD event: A multi-robot transport team is deadlocked while forming: some members are waiting in their carrying positions but the team cannot complete and the build has stalled. Re-establish the stuck transport team(s).



[K[A[K[A[K[ASimulating...  71%|████████████████████████████████████              |  ETA: 0:00:55 ( 0.76  s/it)[K
   step_num: 6188[K
   n_closed: 240[K
    n_total: 313[K[A[A[A


[K[A[K[A[K[ASimulating...  71%|████████████████████████████████████              |  ETA: 0:00:56 ( 0.77  s/it)[K
   step_num: 6247[K
   n_closed: 240[K
    n_total: 313[K[A[A[A[ Info: [RESPEC] OOD event: A multi-robot transport team is deadlocked while forming: some members are waiting in their carrying positions but the team cannot complete and the build has stalled. Re-establish the stuck transport team(s).



[K[A[K[A[K[ASimulating...  71%|████████████████████████████████████              |  ETA: 0:00:56 ( 0.77  s/it)[K
   step_num: 6318[K
   n_closed: 240[K
    n_total: 313[K[A[A[A


[K[A[K[A[K[ASimulating...  71%|████████████████████████████████████              |  ETA: 0:00:57 ( 0.78  s/it)[K
   step_num: 6386[K
   n_closed: 240[K
    n_total: 313[K[A[A[A[ Info: [RESPEC] OOD event: A multi-robot transport team is deadlocked while forming: some members are waiting in their carrying positions but the team cannot complete and the build has stalled. Re-establish the stuck transport team(s).



[K[A[K[A[K[ASimulating...  71%|████████████████████████████████████              |  ETA: 0:00:57 ( 0.78  s/it)[K
   step_num: 6452[K
   n_closed: 240[K
    n_total: 313[K[A[A[A


[K[A[K[A[K[ASimulating...  71%|████████████████████████████████████              |  ETA: 0:00:58 ( 0.79  s/it)[K
   step_num: 6518[K
   n_closed: 240[K
    n_total: 313[K[A[A[A[ Info: [RESPEC] OOD event: A multi-robot transport team is deadlocked while forming: some members are waiting in their carrying positions but the team cannot complete and the build has stalled. Re-establish the stuck transport team(s).



[K[A[K[A[K[ASimulating...  71%|████████████████████████████████████              |  ETA: 0:00:58 ( 0.79  s/it)[K
   step_num: 6589[K
   n_closed: 240[K
    n_total: 313[K[A[A[A[ Info: [RESPEC] OOD event: A multi-robot transport team is deadlocked while forming: some members are waiting in their carrying positions but the team cannot complete and the build has stalled. Re-establish the stuck transport team(s).



[K[A[K[A[K[ASimulating...  71%|████████████████████████████████████              |  ETA: 0:00:58 ( 0.80  s/it)[K
   step_num: 6654[K
   n_closed: 240[K
    n_total: 313[K[A[A[A


[K[A[K[A[K[ASimulating...  71%|████████████████████████████████████              |  ETA: 0:00:59 ( 0.81  s/it)[K
   step_num: 6719[K
   n_closed: 240[K
    n_total: 313[K[A[A[A[ Info: [RESPEC] OOD event: A multi-robot transport team is deadlocked while forming: some members are waiting in their carrying positions but the team cannot complete and the build has stalled. Re-establish the stuck transport team(s).



[K[A[K[A[K[ASimulating...  71%|████████████████████████████████████              |  ETA: 0:00:59 ( 0.81  s/it)[K
   step_num: 6797[K
   n_closed: 240[K
    n_total: 313[K[A[A[A


[K[A[K[A[K[ASimulating...  71%|████████████████████████████████████              |  ETA: 0:01:00 ( 0.82  s/it)[K
   step_num: 6863[K
   n_closed: 240[K
    n_total: 313[K[A[A[A[ Info: [RESPEC] OOD event: A multi-robot transport team is deadlocked while forming: some members are waiting in their carrying positions but the team cannot complete and the build has stalled. Re-establish the stuck transport team(s).



[K[A[K[A[K[ASimulating...  71%|████████████████████████████████████              |  ETA: 0:01:00 ( 0.82  s/it)[K
   step_num: 6928[K
   n_closed: 240[K
    n_total: 313[K[A[A[A[ Info: [RESPEC] OOD event: A multi-robot transport team is deadlocked while forming: some members are waiting in their carrying positions but the team cannot complete and the build has stalled. Re-establish the stuck transport team(s).



[K[A[K[A[K[ASimulating...  71%|████████████████████████████████████              |  ETA: 0:01:00 ( 0.83  s/it)[K
   step_num: 7004[K
   n_closed: 240[K
    n_total: 313[K[A[A[A


[K[A[K[A[K[ASimulating...  71%|████████████████████████████████████              |  ETA: 0:01:01 ( 0.83  s/it)[K
   step_num: 7070[K
   n_closed: 240[K
    n_total: 313[K[A[A[A[ Info: [RESPEC] OOD event: A multi-robot transport team is deadlocked while forming: some members are waiting in their carrying positions but the team cannot complete and the build has stalled. Re-establish the stuck transport team(s).



[K[A[K[A[K[ASimulating...  71%|████████████████████████████████████              |  ETA: 0:01:01 ( 0.84  s/it)[K
   step_num: 7136[K
   n_closed: 240[K
    n_total: 313[K[A[A[A


[K[A[K[A[K[ASimulating...  71%|████████████████████████████████████              |  ETA: 0:01:02 ( 0.84  s/it)[K
   step_num: 7215[K
   n_closed: 240[K
    n_total: 313[K[A[A[A[ Info: [RESPEC] OOD event: A multi-robot transport team is deadlocked while forming: some members are waiting in their carrying positions but the team cannot complete and the build has stalled. Re-establish the stuck transport team(s).



[K[A[K[A[K[ASimulating...  71%|████████████████████████████████████              |  ETA: 0:01:02 ( 0.85  s/it)[K
   step_num: 7282[K
   n_closed: 240[K
    n_total: 313[K[A[A[A


[K[A[K[A[K[ASimulating...  71%|████████████████████████████████████              |  ETA: 0:01:02 ( 0.86  s/it)[K
   step_num: 7347[K
   n_closed: 240[K
    n_total: 313[K[A[A[A[ Info: [RESPEC] OOD event: A multi-robot transport team is deadlocked while forming: some members are waiting in their carrying positions but the team cannot complete and the build has stalled. Re-establish the stuck transport team(s).



[K[A[K[A[K[ASimulating...  71%|████████████████████████████████████              |  ETA: 0:01:03 ( 0.86  s/it)[K
   step_num: 7418[K
   n_closed: 240[K
    n_total: 313[K[A[A[A[ Info: [RESPEC] OOD event: A multi-robot transport team is deadlocked while forming: some members are waiting in their carrying positions but the team cannot complete and the build has stalled. Re-establish the stuck transport team(s).



[K[A[K[A[K[ASimulating...  71%|████████████████████████████████████              |  ETA: 0:01:03 ( 0.87  s/it)[K
   step_num: 7495[K
   n_closed: 240[K
    n_total: 313[K[A[A[A


[K[A[K[A[K[ASimulating...  71%|████████████████████████████████████              |  ETA: 0:01:04 ( 0.87  s/it)[K
   step_num: 7559[K
   n_closed: 240[K
    n_total: 313[K[A[A[A[ Info: [RESPEC] OOD event: A multi-robot transport team is deadlocked while forming: some members are waiting in their carrying positions but the team cannot complete and the build has stalled. Re-establish the stuck transport team(s).



[K[A[K[A[K[ASimulating...  71%|████████████████████████████████████              |  ETA: 0:01:04 ( 0.88  s/it)[K
   step_num: 7621[K
   n_closed: 240[K
    n_total: 313[K[A[A[A


[K[A[K[A[K[ASimulating...  71%|████████████████████████████████████              |  ETA: 0:01:05 ( 0.88  s/it)[K
   step_num: 7695[K
   n_closed: 240[K
    n_total: 313[K[A[A[A[ Info: [RESPEC] OOD event: A multi-robot transport team is deadlocked while forming: some members are waiting in their carrying positions but the team cannot complete and the build has stalled. Re-establish the stuck transport team(s).



[K[A[K[A[K[ASimulating...  71%|████████████████████████████████████              |  ETA: 0:01:05 ( 0.89  s/it)[K
   step_num: 7758[K
   n_closed: 240[K
    n_total: 313[K[A[A[A


[K[A[K[A[K[ASimulating...  71%|████████████████████████████████████              |  ETA: 0:01:05 ( 0.89  s/it)[K
   step_num: 7820[K
   n_closed: 240[K
    n_total: 313[K[A[A[A[ Info: [RESPEC] OOD event: A multi-robot transport team is deadlocked while forming: some members are waiting in their carrying positions but the team cannot complete and the build has stalled. Re-establish the stuck transport team(s).



[K[A[K[A[K[ASimulating...  71%|████████████████████████████████████              |  ETA: 0:01:06 ( 0.90  s/it)[K
   step_num: 7890[K
   n_closed: 240[K
    n_total: 313[K[A[A[A


[K[A[K[A[K[ASimulating...  71%|████████████████████████████████████              |  ETA: 0:01:06 ( 0.91  s/it)[K
   step_num: 7956[K
   n_closed: 240[K
    n_total: 313[K[A[A[A[ Info: [RESPEC] OOD event: A multi-robot transport team is deadlocked while forming: some members are waiting in their carrying positions but the team cannot complete and the build has stalled. Re-establish the stuck transport team(s).



[K[A[K[A[K[ASimulating...  71%|████████████████████████████████████              |  ETA: 0:01:07 ( 0.91  s/it)[K
   step_num: 8024[K
   n_closed: 240[K
    n_total: 313[K[A[A[A[ Info: [RESPEC] OOD event: A multi-robot transport team is deadlocked while forming: some members are waiting in their carrying positions but the team cannot complete and the build has stalled. Re-establish the stuck transport team(s).



[K[A[K[A[K[ASimulating...  71%|████████████████████████████████████              |  ETA: 0:01:07 ( 0.92  s/it)[K
   step_num: 8102[K
   n_closed: 240[K
    n_total: 313[K[A[A[A


[K[A[K[A[K[ASimulating...  71%|████████████████████████████████████              |  ETA: 0:01:07 ( 0.92  s/it)[K
   step_num: 8158[K
   n_closed: 240[K
    n_total: 313[K[A[A[A[ Info: [RESPEC] OOD event: A multi-robot transport team is deadlocked while forming: some members are waiting in their carrying positions but the team cannot complete and the build has stalled. Re-establish the stuck transport team(s).



[K[A[K[A[K[ASimulating...  71%|████████████████████████████████████              |  ETA: 0:01:08 ( 0.93  s/it)[K
   step_num: 8225[K
   n_closed: 240[K
    n_total: 313[K[A[A[A


[K[A[K[A[K[ASimulating...  71%|████████████████████████████████████              |  ETA: 0:01:08 ( 0.93  s/it)[K
   step_num: 8302[K
   n_closed: 240[K
    n_total: 313[K[A[A[A[ Info: [RESPEC] OOD event: A multi-robot transport team is deadlocked while forming: some members are waiting in their carrying positions but the team cannot complete and the build has stalled. Re-establish the stuck transport team(s).



[K[A[K[A[K[ASimulating...  71%|████████████████████████████████████              |  ETA: 0:01:09 ( 0.94  s/it)[K
   step_num: 8365[K
   n_closed: 240[K
    n_total: 313[K[A[A[A


[K[A[K[A[K[ASimulating...  71%|████████████████████████████████████              |  ETA: 0:01:09 ( 0.94  s/it)[K
   step_num: 8435[K
   n_closed: 240[K
    n_total: 313[K[A[A[A[ Info: [RESPEC] OOD event: A multi-robot transport team is deadlocked while forming: some members are waiting in their carrying positions but the team cannot complete and the build has stalled. Re-establish the stuck transport team(s).



[K[A[K[A[K[ASimulating...  71%|████████████████████████████████████              |  ETA: 0:01:09 ( 0.95  s/it)[K
   step_num: 8509[K
   n_closed: 240[K
    n_total: 313[K[A[A[A[ Info: [RESPEC] OOD event: A multi-robot transport team is deadlocked while forming: some members are waiting in their carrying positions but the team cannot complete and the build has stalled. Re-establish the stuck transport team(s).



[K[A[K[A[K[ASimulating...  71%|████████████████████████████████████              |  ETA: 0:01:10 ( 0.96  s/it)[K
   step_num: 8576[K
   n_closed: 240[K
    n_total: 313[K[A[A[A


[K[A[K[A[K[ASimulating...  71%|████████████████████████████████████              |  ETA: 0:01:10 ( 0.96  s/it)[K
   step_num: 8639[K
   n_closed: 240[K
    n_total: 313[K[A[A[A[ Info: [RESPEC] OOD event: A multi-robot transport team is deadlocked while forming: some members are waiting in their carrying positions but the team cannot complete and the build has stalled. Re-establish the stuck transport team(s).



[K[A[K[A[K[ASimulating...  71%|████████████████████████████████████              |  ETA: 0:01:11 ( 0.97  s/it)[K
   step_num: 8712[K
   n_closed: 240[K
    n_total: 313[K[A[A[A


[K[A[K[A[K[ASimulating...  71%|████████████████████████████████████              |  ETA: 0:01:11 ( 0.97  s/it)[K
   step_num: 8775[K
   n_closed: 240[K
    n_total: 313[K[A[A[A[ Info: [RESPEC] OOD event: A multi-robot transport team is deadlocked while forming: some members are waiting in their carrying positions but the team cannot complete and the build has stalled. Re-establish the stuck transport team(s).



[K[A[K[A[K[ASimulating...  71%|████████████████████████████████████              |  ETA: 0:01:11 ( 0.98  s/it)[K
   step_num: 8841[K
   n_closed: 240[K
    n_total: 313[K[A[A[A


[K[A[K[A[K[ASimulating...  71%|████████████████████████████████████              |  ETA: 0:01:12 ( 0.98  s/it)[K
   step_num: 8910[K
   n_closed: 240[K
    n_total: 313[K[A[A[A[ Info: [RESPEC] OOD event: A multi-robot transport team is deadlocked while forming: some members are waiting in their carrying positions but the team cannot complete and the build has stalled. Re-establish the stuck transport team(s).



[K[A[K[A[K[ASimulating...  71%|████████████████████████████████████              |  ETA: 0:01:12 ( 0.99  s/it)[K
   step_num: 8975[K
   n_closed: 240[K
    n_total: 313[K[A[A[A[ Info: [RESPEC] OOD event: A multi-robot transport team is deadlocked while forming: some members are waiting in their carrying positions but the team cannot complete and the build has stalled. Re-establish the stuck transport team(s).



[K[A[K[A[K[ASimulating...  71%|████████████████████████████████████              |  ETA: 0:01:13 ( 1.00  s/it)[K
   step_num: 9043[K
   n_closed: 240[K
    n_total: 313[K[A[A[A


[K[A[K[A[K[ASimulating...  71%|████████████████████████████████████              |  ETA: 0:01:13 ( 1.00  s/it)[K
   step_num: 9119[K
   n_closed: 240[K
    n_total: 313[K[A[A[A[ Info: [RESPEC] OOD event: A multi-robot transport team is deadlocked while forming: some members are waiting in their carrying positions but the team cannot complete and the build has stalled. Re-establish the stuck transport team(s).



[K[A[K[A[K[ASimulating...  71%|████████████████████████████████████              |  ETA: 0:01:14 ( 1.01  s/it)[K
   step_num: 9195[K
   n_closed: 240[K
    n_total: 313[K[A[A[A


[K[A[K[A[K[ASimulating...  71%|████████████████████████████████████              |  ETA: 0:01:14 ( 1.01  s/it)[K
   step_num: 9257[K
   n_closed: 240[K
    n_total: 313[K[A[A[A[ Info: [RESPEC] OOD event: A multi-robot transport team is deadlocked while forming: some members are waiting in their carrying positions but the team cannot complete and the build has stalled. Re-establish the stuck transport team(s).



[K[A[K[A[K[ASimulating...  71%|████████████████████████████████████              |  ETA: 0:01:14 ( 1.02  s/it)[K
   step_num: 9319[K
   n_closed: 240[K
    n_total: 313[K[A[A[A


[K[A[K[A[K[ASimulating...  71%|████████████████████████████████████              |  ETA: 0:01:15 ( 1.02  s/it)[K
   step_num: 9399[K
   n_closed: 240[K
    n_total: 313[K[A[A[A[ Info: [RESPEC] OOD event: A multi-robot transport team is deadlocked while forming: some members are waiting in their carrying positions but the team cannot complete and the build has stalled. Re-establish the stuck transport team(s).



[K[A[K[A[K[ASimulating...  71%|████████████████████████████████████              |  ETA: 0:01:15 ( 1.03  s/it)[K
   step_num: 9463[K
   n_closed: 240[K
    n_total: 313[K[A[A[A[ Info: [RESPEC] OOD event: A multi-robot transport team is deadlocked while forming: some members are waiting in their carrying positions but the team cannot complete and the build has stalled. Re-establish the stuck transport team(s).



[K[A[K[A[K[ASimulating...  71%|████████████████████████████████████              |  ETA: 0:01:16 ( 1.04  s/it)[K
   step_num: 9528[K
   n_closed: 240[K
    n_total: 313[K[A[A[A


[K[A[K[A[K[ASimulating...  71%|████████████████████████████████████              |  ETA: 0:01:16 ( 1.04  s/it)[K
   step_num: 9606[K
   n_closed: 240[K
    n_total: 313[K[A[A[A[ Info: [RESPEC] OOD event: A multi-robot transport team is deadlocked while forming: some members are waiting in their carrying positions but the team cannot complete and the build has stalled. Re-establish the stuck transport team(s).



[K[A[K[A[K[ASimulating...  71%|████████████████████████████████████              |  ETA: 0:01:16 ( 1.05  s/it)[K
   step_num: 9671[K
   n_closed: 240[K
    n_total: 313[K[A[A[A


[K[A[K[A[K[ASimulating...  71%|████████████████████████████████████              |  ETA: 0:01:17 ( 1.05  s/it)[K
   step_num: 9739[K
   n_closed: 240[K
    n_total: 313[K[A[A[A[ Info: [RESPEC] OOD event: A multi-robot transport team is deadlocked while forming: some members are waiting in their carrying positions but the team cannot complete and the build has stalled. Re-establish the stuck transport team(s).



[K[A[K[A[K[ASimulating...  71%|████████████████████████████████████              |  ETA: 0:01:17 ( 1.06  s/it)[K
   step_num: 9815[K
   n_closed: 240[K
    n_total: 313[K[A[A[A[ Info: [RESPEC] OOD event: A multi-robot transport team is deadlocked while forming: some members are waiting in their carrying positions but the team cannot complete and the build has stalled. Re-establish the stuck transport team(s).



[K[A[K[A[K[ASimulating...  71%|████████████████████████████████████              |  ETA: 0:01:18 ( 1.06  s/it)[K
   step_num: 9882[K
   n_closed: 240[K
    n_total: 313[K[A[A[A


[K[A[K[A[K[ASimulating...  71%|████████████████████████████████████              |  ETA: 0:01:18 ( 1.07  s/it)[K
   step_num: 9950[K
   n_closed: 240[K
    n_total: 313[K[A[A[A[ Info: [RESPEC] OOD event: A multi-robot transport team is deadlocked while forming: some members are waiting in their carrying positions but the team cannot complete and the build has stalled. Re-establish the stuck transport team(s).



[K[A[K[A[K[ASimulating...  71%|████████████████████████████████████              |  ETA: 0:01:18 ( 1.07  s/it)[K
   step_num: 10019[K
   n_closed: 240[K
    n_total: 313[K[A[A[A


[K[A[K[A[K[ASimulating...  71%|████████████████████████████████████              |  ETA: 0:01:19 ( 1.08  s/it)[K
   step_num: 10094[K
   n_closed: 240[K
    n_total: 313[K[A[A[A[ Info: [RESPEC] OOD event: A multi-robot transport team is deadlocked while forming: some members are waiting in their carrying positions but the team cannot complete and the build has stalled. Re-establish the stuck transport team(s).



[K[A[K[A[K[ASimulating...  71%|████████████████████████████████████              |  ETA: 0:01:19 ( 1.09  s/it)[K
   step_num: 10159[K
   n_closed: 240[K
    n_total: 313[K[A[A[A


[K[A[K[A[K[ASimulating...  71%|████████████████████████████████████              |  ETA: 0:01:20 ( 1.09  s/it)[K
   step_num: 10228[K
   n_closed: 240[K
    n_total: 313[K[A[A[A[ Info: [RESPEC] OOD event: A multi-robot transport team is deadlocked while forming: some members are waiting in their carrying positions but the team cannot complete and the build has stalled. Re-establish the stuck transport team(s).



[K[A[K[A[K[ASimulating...  71%|████████████████████████████████████              |  ETA: 0:01:20 ( 1.10  s/it)[K
   step_num: 10302[K
   n_closed: 240[K
    n_total: 313[K[A[A[A[ Info: [RESPEC] OOD event: A multi-robot transport team is deadlocked while forming: some members are waiting in their carrying positions but the team cannot complete and the build has stalled. Re-establish the stuck transport team(s).



[K[A[K[A[K[ASimulating...  71%|████████████████████████████████████              |  ETA: 0:01:20 ( 1.10  s/it)[K
   step_num: 10369[K
   n_closed: 240[K
    n_total: 313[K[A[A[A


[K[A[K[A[K[ASimulating...  71%|████████████████████████████████████              |  ETA: 0:01:21 ( 1.11  s/it)[K
   step_num: 10436[K
   n_closed: 240[K
    n_total: 313[K[A[A[A[ Info: [RESPEC] OOD event: A multi-robot transport team is deadlocked while forming: some members are waiting in their carrying positions but the team cannot complete and the build has stalled. Re-establish the stuck transport team(s).



[K[A[K[A[K[ASimulating...  71%|████████████████████████████████████              |  ETA: 0:01:21 ( 1.11  s/it)[K
   step_num: 10509[K
   n_closed: 240[K
    n_total: 313[K[A[A[A


[K[A[K[A[K[ASimulating...  71%|████████████████████████████████████              |  ETA: 0:01:22 ( 1.12  s/it)[K
   step_num: 10575[K
   n_closed: 240[K
    n_total: 313[K[A[A[A[ Info: [RESPEC] OOD event: A multi-robot transport team is deadlocked while forming: some members are waiting in their carrying positions but the team cannot complete and the build has stalled. Re-establish the stuck transport team(s).



[K[A[K[A[K[ASimulating...  71%|████████████████████████████████████              |  ETA: 0:01:22 ( 1.12  s/it)[K
   step_num: 10634[K
   n_closed: 240[K
    n_total: 313[K[A[A[A


[K[A[K[A[K[ASimulating...  71%|████████████████████████████████████              |  ETA: 0:01:23 ( 1.13  s/it)[K
   step_num: 10709[K
   n_closed: 240[K
    n_total: 313[K[A[A[A[ Info: [RESPEC] OOD event: A multi-robot transport team is deadlocked while forming: some members are waiting in their carrying positions but the team cannot complete and the build has stalled. Re-establish the stuck transport team(s).



[K[A[K[A[K[ASimulating...  71%|████████████████████████████████████              |  ETA: 0:01:23 ( 1.14  s/it)[K
   step_num: 10779[K
   n_closed: 240[K
    n_total: 313[K[A[A[A


[K[A[K[A[K[ASimulating...  71%|████████████████████████████████████              |  ETA: 0:01:23 ( 1.14  s/it)[K
   step_num: 10841[K
   n_closed: 240[K
    n_total: 313[K[A[A[A[ Info: [RESPEC] OOD event: A multi-robot transport team is deadlocked while forming: some members are waiting in their carrying positions but the team cannot complete and the build has stalled. Re-establish the stuck transport team(s).



[K[A[K[A[K[ASimulating...  71%|████████████████████████████████████              |  ETA: 0:01:24 ( 1.15  s/it)[K
   step_num: 10918[K
   n_closed: 240[K
    n_total: 313[K[A[A[A[ Info: [RESPEC] OOD event: A multi-robot transport team is deadlocked while forming: some members are waiting in their carrying positions but the team cannot complete and the build has stalled. Re-establish the stuck transport team(s).



[K[A[K[A[K[ASimulating...  71%|████████████████████████████████████              |  ETA: 0:01:24 ( 1.15  s/it)[K
   step_num: 10982[K
   n_closed: 240[K
    n_total: 313[K[A[A[A


[K[A[K[A[K[ASimulating...  71%|████████████████████████████████████              |  ETA: 0:01:25 ( 1.16  s/it)[K
   step_num: 11049[K
   n_closed: 240[K
    n_total: 313[K[A[A[A[ Info: [RESPEC] OOD event: A multi-robot transport team is deadlocked while forming: some members are waiting in their carrying positions but the team cannot complete and the build has stalled. Re-establish the stuck transport team(s).



[K[A[K[A[K[ASimulating...  71%|████████████████████████████████████              |  ETA: 0:01:25 ( 1.16  s/it)[K
   step_num: 11120[K
   n_closed: 240[K
    n_total: 313[K[A[A[A


[K[A[K[A[K[ASimulating...  71%|████████████████████████████████████              |  ETA: 0:01:25 ( 1.17  s/it)[K
   step_num: 11199[K
   n_closed: 240[K
    n_total: 313[K[A[A[A[ Info: [RESPEC] OOD event: A multi-robot transport team is deadlocked while forming: some members are waiting in their carrying positions but the team cannot complete and the build has stalled. Re-establish the stuck transport team(s).



[K[A[K[A[K[ASimulating...  71%|████████████████████████████████████              |  ETA: 0:01:26 ( 1.17  s/it)[K
   step_num: 11269[K
   n_closed: 240[K
    n_total: 313[K[A[A[A[ Info: [RESPEC] OOD event: A multi-robot transport team is deadlocked while forming: some members are waiting in their carrying positions but the team cannot complete and the build has stalled. Re-establish the stuck transport team(s).



[K[A[K[A[K[ASimulating...  71%|████████████████████████████████████              |  ETA: 0:01:26 ( 1.18  s/it)[K
   step_num: 11330[K
   n_closed: 240[K
    n_total: 313[K[A[A[A


[K[A[K[A[K[ASimulating...  71%|████████████████████████████████████              |  ETA: 0:01:27 ( 1.19  s/it)[K
   step_num: 11407[K
   n_closed: 240[K
    n_total: 313[K[A[A[A[ Info: [RESPEC] OOD event: A multi-robot transport team is deadlocked while forming: some members are waiting in their carrying positions but the team cannot complete and the build has stalled. Re-establish the stuck transport team(s).



[K[A[K[A[K[ASimulating...  71%|████████████████████████████████████              |  ETA: 0:01:27 ( 1.19  s/it)[K
   step_num: 11473[K
   n_closed: 240[K
    n_total: 313[K[A[A[A


[K[A[K[A[K[ASimulating...  71%|████████████████████████████████████              |  ETA: 0:01:27 ( 1.20  s/it)[K
   step_num: 11542[K
   n_closed: 240[K
    n_total: 313[K[A[A[A[ Info: [RESPEC] OOD event: A multi-robot transport team is deadlocked while forming: some members are waiting in their carrying positions but the team cannot complete and the build has stalled. Re-establish the stuck transport team(s).



[K[A[K[A[K[ASimulating...  71%|████████████████████████████████████              |  ETA: 0:01:28 ( 1.20  s/it)[K
   step_num: 11620[K
   n_closed: 240[K
    n_total: 313[K[A[A[A[ Info: [RESPEC] OOD event: A multi-robot transport team is deadlocked while forming: some members are waiting in their carrying positions but the team cannot complete and the build has stalled. Re-establish the stuck transport team(s).



[K[A[K[A[K[ASimulating...  71%|████████████████████████████████████              |  ETA: 0:01:28 ( 1.21  s/it)[K
   step_num: 11695[K
   n_closed: 240[K
    n_total: 313[K[A[A[A


[K[A[K[A[K[ASimulating...  71%|████████████████████████████████████              |  ETA: 0:01:29 ( 1.21  s/it)[K
   step_num: 11762[K
   n_closed: 240[K
    n_total: 313[K[A[A[A[ Info: [RESPEC] OOD event: A multi-robot transport team is deadlocked while forming: some members are waiting in their carrying positions but the team cannot complete and the build has stalled. Re-establish the stuck transport team(s).



[K[A[K[A[K[ASimulating...  71%|████████████████████████████████████              |  ETA: 0:01:29 ( 1.22  s/it)[K
   step_num: 11829[K
   n_closed: 240[K
    n_total: 313[K[A[A[A


[K[A[K[A[K[ASimulating...  71%|████████████████████████████████████              |  ETA: 0:01:29 ( 1.23  s/it)[K
   step_num: 11908[K
   n_closed: 240[K
    n_total: 313[K[A[A[A[ Info: [RESPEC] OOD event: A multi-robot transport team is deadlocked while forming: some members are waiting in their carrying positions but the team cannot complete and the build has stalled. Re-establish the stuck transport team(s).



[K[A[K[A[K[ASimulating...  71%|████████████████████████████████████              |  ETA: 0:01:30 ( 1.23  s/it)[K
   step_num: 11975[K
   n_closed: 240[K
    n_total: 313[K[A[A[A


[K[A[K[A[K[ASimulating...  71%|████████████████████████████████████              |  ETA: 0:01:30 ( 1.24  s/it)[K
   step_num: 12038[K
   n_closed: 240[K
    n_total: 313[K[A[A[A[ Info: [RESPEC] OOD event: A multi-robot transport team is deadlocked while forming: some members are waiting in their carrying positions but the team cannot complete and the build has stalled. Re-establish the stuck transport team(s).



[K[A[K[A[K[ASimulating...  71%|████████████████████████████████████              |  ETA: 0:01:31 ( 1.24  s/it)[K
   step_num: 12106[K
   n_closed: 240[K
    n_total: 313[K[A[A[A


[K[A[K[A[K[ASimulating...  71%|████████████████████████████████████              |  ETA: 0:01:31 ( 1.25  s/it)[K
   step_num: 12150[K
   n_closed: 240[K
    n_total: 313[K[A[A[A[ Info: [RESPEC] OOD event: A multi-robot transport team is deadlocked while forming: some members are waiting in their carrying positions but the team cannot complete and the build has stalled. Re-establish the stuck transport team(s).



[K[A[K[A[K[ASimulating...  71%|████████████████████████████████████              |  ETA: 0:01:31 ( 1.25  s/it)[K
   step_num: 12216[K
   n_closed: 240[K
    n_total: 313[K[A[A[A[ Info: [RESPEC] OOD event: A multi-robot transport team is deadlocked while forming: some members are waiting in their carrying positions but the team cannot complete and the build has stalled. Re-establish the stuck transport team(s).



[K[A[K[A[K[ASimulating...  71%|████████████████████████████████████              |  ETA: 0:01:32 ( 1.26  s/it)[K
   step_num: 12285[K
   n_closed: 240[K
    n_total: 313[K[A[A[A


[K[A[K[A[K[ASimulating...  71%|████████████████████████████████████              |  ETA: 0:01:32 ( 1.26  s/it)[K
   step_num: 12353[K
   n_closed: 240[K
    n_total: 313[K[A[A[A[ Info: [RESPEC] OOD event: A multi-robot transport team is deadlocked while forming: some members are waiting in their carrying positions but the team cannot complete and the build has stalled. Re-establish the stuck transport team(s).



[K[A[K[A[K[ASimulating...  71%|████████████████████████████████████              |  ETA: 0:01:33 ( 1.27  s/it)[K
   step_num: 12421[K
   n_closed: 240[K
    n_total: 313[K[A[A[A


[K[A[K[A[K[ASimulating...  71%|████████████████████████████████████              |  ETA: 0:01:33 ( 1.28  s/it)[K
   step_num: 12496[K
   n_closed: 240[K
    n_total: 313[K[A[A[A[ Info: [RESPEC] OOD event: A multi-robot transport team is deadlocked while forming: some members are waiting in their carrying positions but the team cannot complete and the build has stalled. Re-establish the stuck transport team(s).



[K[A[K[A[K[ASimulating...  71%|████████████████████████████████████              |  ETA: 0:01:34 ( 1.28  s/it)[K
   step_num: 12563[K
   n_closed: 240[K
    n_total: 313[K[A[A[A


[K[A[K[A[K[ASimulating...  71%|████████████████████████████████████              |  ETA: 0:01:34 ( 1.29  s/it)[K
   step_num: 12625[K
   n_closed: 240[K
    n_total: 313[K[A[A[A[ Info: [RESPEC] OOD event: A multi-robot transport team is deadlocked while forming: some members are waiting in their carrying positions but the team cannot complete and the build has stalled. Re-establish the stuck transport team(s).



[K[A[K[A[K[ASimulating...  71%|████████████████████████████████████              |  ETA: 0:01:34 ( 1.29  s/it)[K
   step_num: 12693[K
   n_closed: 240[K
    n_total: 313[K[A[A[A


[K[A[K[A[K[ASimulating...  71%|████████████████████████████████████              |  ETA: 0:01:35 ( 1.30  s/it)[K
   step_num: 12741[K
   n_closed: 240[K
    n_total: 313[K[A[A[A[ Info: [RESPEC] OOD event: A multi-robot transport team is deadlocked while forming: some members are waiting in their carrying positions but the team cannot complete and the build has stalled. Re-establish the stuck transport team(s).



[K[A[K[A[K[ASimulating...  71%|████████████████████████████████████              |  ETA: 0:01:35 ( 1.30  s/it)[K
   step_num: 12797[K
   n_closed: 240[K
    n_total: 313[K[A[A[A


[K[A[K[A[K[ASimulating...  71%|████████████████████████████████████              |  ETA: 0:01:36 ( 1.31  s/it)[K
   step_num: 12857[K
   n_closed: 240[K
    n_total: 313[K[A[A[A[ Info: [RESPEC] OOD event: A multi-robot transport team is deadlocked while forming: some members are waiting in their carrying positions but the team cannot complete and the build has stalled. Re-establish the stuck transport team(s).



[K[A[K[A[K[ASimulating...  71%|████████████████████████████████████              |  ETA: 0:01:36 ( 1.32  s/it)[K
   step_num: 12921[K
   n_closed: 240[K
    n_total: 313[K[A[A[A


[K[A[K[A[K[ASimulating...  71%|████████████████████████████████████              |  ETA: 0:01:36 ( 1.32  s/it)[K
   step_num: 12990[K
   n_closed: 240[K
    n_total: 313[K[A[A[A[ Info: [RESPEC] OOD event: A multi-robot transport team is deadlocked while forming: some members are waiting in their carrying positions but the team cannot complete and the build has stalled. Re-establish the stuck transport team(s).



[K[A[K[A[K[ASimulating...  71%|████████████████████████████████████              |  ETA: 0:01:37 ( 1.33  s/it)[K
   step_num: 13053[K
   n_closed: 240[K
    n_total: 313[K[A[A[A


[K[A[K[A[K[ASimulating...  71%|████████████████████████████████████              |  ETA: 0:01:37 ( 1.33  s/it)[K
   step_num: 13121[K
   n_closed: 240[K
    n_total: 313[K[A[A[A[ Info: [RESPEC] OOD event: A multi-robot transport team is deadlocked while forming: some members are waiting in their carrying positions but the team cannot complete and the build has stalled. Re-establish the stuck transport team(s).



[K[A[K[A[K[ASimulating...  71%|████████████████████████████████████              |  ETA: 0:01:38 ( 1.34  s/it)[K
   step_num: 13195[K
   n_closed: 240[K
    n_total: 313[K[A[A[A[ Info: [RESPEC] OOD event: A multi-robot transport team is deadlocked while forming: some members are waiting in their carrying positions but the team cannot complete and the build has stalled. Re-establish the stuck transport team(s).



[K[A[K[A[K[ASimulating...  71%|████████████████████████████████████              |  ETA: 0:01:38 ( 1.34  s/it)[K
   step_num: 13256[K
   n_closed: 240[K
    n_total: 313[K[A[A[A


[K[A[K[A[K[ASimulating...  71%|████████████████████████████████████              |  ETA: 0:01:39 ( 1.35  s/it)[K
   step_num: 13321[K
   n_closed: 240[K
    n_total: 313[K[A[A[A[ Info: [RESPEC] OOD event: A multi-robot transport team is deadlocked while forming: some members are waiting in their carrying positions but the team cannot complete and the build has stalled. Re-establish the stuck transport team(s).



[K[A[K[A[K[ASimulating...  71%|████████████████████████████████████              |  ETA: 0:01:39 ( 1.36  s/it)[K
   step_num: 13378[K
   n_closed: 240[K
    n_total: 313[K[A[A[A


[K[A[K[A[K[ASimulating...  71%|████████████████████████████████████              |  ETA: 0:01:39 ( 1.36  s/it)[K
   step_num: 13417[K
   n_closed: 240[K
    n_total: 313[K[A[A[A


[K[A[K[A[K[ASimulating...  71%|████████████████████████████████████              |  ETA: 0:01:40 ( 1.37  s/it)[K
   step_num: 13468[K
   n_closed: 240[K
    n_total: 313[K[A[A[A[ Info: [RESPEC] OOD event: A multi-robot transport team is deadlocked while forming: some members are waiting in their carrying positions but the team cannot complete and the build has stalled. Re-establish the stuck transport team(s).



[K[A[K[A[K[ASimulating...  71%|████████████████████████████████████              |  ETA: 0:01:40 ( 1.37  s/it)[K
   step_num: 13534[K
   n_closed: 240[K
    n_total: 313[K[A[A[A[ Info: [RESPEC] OOD event: A multi-robot transport team is deadlocked while forming: some members are waiting in their carrying positions but the team cannot complete and the build has stalled. Re-establish the stuck transport team(s).



[K[A[K[A[K[ASimulating...  71%|████████████████████████████████████              |  ETA: 0:01:41 ( 1.38  s/it)[K
   step_num: 13612[K
   n_closed: 240[K
    n_total: 313[K[A[A[A


[K[A[K[A[K[ASimulating...  71%|████████████████████████████████████              |  ETA: 0:01:41 ( 1.38  s/it)[K
   step_num: 13683[K
   n_closed: 240[K
    n_total: 313[K[A[A[A[ Info: [RESPEC] OOD event: A multi-robot transport team is deadlocked while forming: some members are waiting in their carrying positions but the team cannot complete and the build has stalled. Re-establish the stuck transport team(s).



[K[A[K[A[K[ASimulating...  71%|████████████████████████████████████              |  ETA: 0:01:41 ( 1.39  s/it)[K
   step_num: 13747[K
   n_closed: 240[K
    n_total: 313[K[A[A[A


[K[A[K[A[K[ASimulating...  71%|████████████████████████████████████              |  ETA: 0:01:42 ( 1.39  s/it)[K
   step_num: 13821[K
   n_closed: 240[K
    n_total: 313[K[A[A[A[ Info: [RESPEC] OOD event: A multi-robot transport team is deadlocked while forming: some members are waiting in their carrying positions but the team cannot complete and the build has stalled. Re-establish the stuck transport team(s).



[K[A[K[A[K[ASimulating...  71%|████████████████████████████████████              |  ETA: 0:01:42 ( 1.40  s/it)[K
   step_num: 13895[K
   n_closed: 240[K
    n_total: 313[K[A[A[A


[K[A[K[A[K[ASimulating...  71%|████████████████████████████████████              |  ETA: 0:01:43 ( 1.41  s/it)[K
   step_num: 13958[K
   n_closed: 240[K
    n_total: 313[K[A[A[A[ Info: [RESPEC] OOD event: A multi-robot transport team is deadlocked while forming: some members are waiting in their carrying positions but the team cannot complete and the build has stalled. Re-establish the stuck transport team(s).



[K[A[K[A[K[ASimulating...  71%|████████████████████████████████████              |  ETA: 0:01:43 ( 1.41  s/it)[K
   step_num: 14021[K
   n_closed: 240[K
    n_total: 313[K[A[A[A[ Info: [RESPEC] OOD event: A multi-robot transport team is deadlocked while forming: some members are waiting in their carrying positions but the team cannot complete and the build has stalled. Re-establish the stuck transport team(s).



[K[A[K[A[K[ASimulating...  71%|████████████████████████████████████              |  ETA: 0:01:43 ( 1.42  s/it)[K
   step_num: 14093[K
   n_closed: 240[K
    n_total: 313[K[A[A[A


[K[A[K[A[K[ASimulating...  71%|████████████████████████████████████              |  ETA: 0:01:44 ( 1.42  s/it)[K
   step_num: 14155[K
   n_closed: 240[K
    n_total: 313[K[A[A[A[ Info: [RESPEC] OOD event: A multi-robot transport team is deadlocked while forming: some members are waiting in their carrying positions but the team cannot complete and the build has stalled. Re-establish the stuck transport team(s).



[K[A[K[A[K[ASimulating...  71%|████████████████████████████████████              |  ETA: 0:01:44 ( 1.43  s/it)[K
   step_num: 14221[K
   n_closed: 240[K
    n_total: 313[K[A[A[A


[K[A[K[A[K[ASimulating...  71%|████████████████████████████████████              |  ETA: 0:01:45 ( 1.44  s/it)[K
   step_num: 14294[K
   n_closed: 240[K
    n_total: 313[K[A[A[A[ Info: [RESPEC] OOD event: A multi-robot transport team is deadlocked while forming: some members are waiting in their carrying positions but the team cannot complete and the build has stalled. Re-establish the stuck transport team(s).



[K[A[K[A[K[ASimulating...  71%|████████████████████████████████████              |  ETA: 0:01:45 ( 1.44  s/it)[K
   step_num: 14351[K
   n_closed: 240[K
    n_total: 313[K[A[A[A


[K[A[K[A[K[ASimulating...  71%|████████████████████████████████████              |  ETA: 0:01:46 ( 1.45  s/it)[K
   step_num: 14421[K
   n_closed: 240[K
    n_total: 313[K[A[A[A[ Info: [RESPEC] OOD event: A multi-robot transport team is deadlocked while forming: some members are waiting in their carrying positions but the team cannot complete and the build has stalled. Re-establish the stuck transport team(s).



[K[A[K[A[K[ASimulating...  71%|████████████████████████████████████              |  ETA: 0:01:46 ( 1.45  s/it)[K
   step_num: 14488[K
   n_closed: 240[K
    n_total: 313[K[A[A[A


[K[A[K[A[K[ASimulating...  71%|████████████████████████████████████              |  ETA: 0:01:46 ( 1.46  s/it)[K
   step_num: 14536[K
   n_closed: 240[K
    n_total: 313[K[A[A[A[ Info: [RESPEC] OOD event: A multi-robot transport team is deadlocked while forming: some members are waiting in their carrying positions but the team cannot complete and the build has stalled. Re-establish the stuck transport team(s).



[K[A[K[A[K[ASimulating...  71%|████████████████████████████████████              |  ETA: 0:01:47 ( 1.46  s/it)[K
   step_num: 14589[K
   n_closed: 240[K
    n_total: 313[K[A[A[A


[K[A[K[A[K[ASimulating...  71%|████████████████████████████████████              |  ETA: 0:01:47 ( 1.47  s/it)[K
   step_num: 14647[K
   n_closed: 240[K
    n_total: 313[K[A[A[A[ Info: [RESPEC] OOD event: A multi-robot transport team is deadlocked while forming: some members are waiting in their carrying positions but the team cannot complete and the build has stalled. Re-establish the stuck transport team(s).



[K[A[K[A[K[ASimulating...  71%|████████████████████████████████████              |  ETA: 0:01:48 ( 1.48  s/it)[K
   step_num: 14716[K
   n_closed: 240[K
    n_total: 313[K[A[A[A


[K[A[K[A[K[ASimulating...  71%|████████████████████████████████████              |  ETA: 0:01:48 ( 1.48  s/it)[K
   step_num: 14774[K
   n_closed: 240[K
    n_total: 313[K[A[A[A[ Info: [RESPEC] OOD event: A multi-robot transport team is deadlocked while forming: some members are waiting in their carrying positions but the team cannot complete and the build has stalled. Re-establish the stuck transport team(s).



[K[A[K[A[K[ASimulating...  71%|████████████████████████████████████              |  ETA: 0:01:48 ( 1.49  s/it)[K
   step_num: 14835[K
   n_closed: 240[K
    n_total: 313[K[A[A[A


[K[A[K[A[K[ASimulating...  71%|████████████████████████████████████              |  ETA: 0:01:49 ( 1.49  s/it)[K
   step_num: 14906[K
   n_closed: 240[K
    n_total: 313[K[A[A[A[ Info: [RESPEC] OOD event: A multi-robot transport team is deadlocked while forming: some members are waiting in their carrying positions but the team cannot complete and the build has stalled. Re-establish the stuck transport team(s).



[K[A[K[A[K[ASimulating...  71%|████████████████████████████████████              |  ETA: 0:01:49 ( 1.50  s/it)[K
   step_num: 14965[K
   n_closed: 240[K
    n_total: 313[K[A[A[A


[K[A[K[A[K[ASimulating...  71%|████████████████████████████████████              |  ETA: 0:01:50 ( 1.50  s/it)[K
   step_num: 15025[K
   n_closed: 240[K
    n_total: 313[K[A[A[A[ Info: [RESPEC] OOD event: A multi-robot transport team is deadlocked while forming: some members are waiting in their carrying positions but the team cannot complete and the build has stalled. Re-establish the stuck transport team(s).



[K[A[K[A[K[ASimulating...  71%|████████████████████████████████████              |  ETA: 0:01:50 ( 1.51  s/it)[K
   step_num: 15073[K
   n_closed: 240[K
    n_total: 313[K[A[A[A


[K[A[K[A[K[ASimulating...  71%|████████████████████████████████████              |  ETA: 0:01:51 ( 1.51  s/it)[K
   step_num: 15137[K
   n_closed: 240[K
    n_total: 313[K[A[A[A[ Info: [RESPEC] OOD event: A multi-robot transport team is deadlocked while forming: some members are waiting in their carrying positions but the team cannot complete and the build has stalled. Re-establish the stuck transport team(s).



[K[A[K[A[K[ASimulating...  71%|████████████████████████████████████              |  ETA: 0:01:51 ( 1.52  s/it)[K
   step_num: 15216[K
   n_closed: 240[K
    n_total: 313[K[A[A[A


[K[A[K[A[K[ASimulating...  71%|████████████████████████████████████              |  ETA: 0:01:51 ( 1.52  s/it)[K
   step_num: 15280[K
   n_closed: 240[K
    n_total: 313[K[A[A[A[ Info: [RESPEC] OOD event: A multi-robot transport team is deadlocked while forming: some members are waiting in their carrying positions but the team cannot complete and the build has stalled. Re-establish the stuck transport team(s).



[K[A[K[A[K[ASimulating...  71%|████████████████████████████████████              |  ETA: 0:01:52 ( 1.53  s/it)[K
   step_num: 15347[K
   n_closed: 240[K
    n_total: 313[K[A[A[A[ Info: [RESPEC] OOD event: A multi-robot transport team is deadlocked while forming: some members are waiting in their carrying positions but the team cannot complete and the build has stalled. Re-establish the stuck transport team(s).



[K[A[K[A[K[ASimulating...  71%|████████████████████████████████████              |  ETA: 0:01:52 ( 1.54  s/it)[K
   step_num: 15422[K
   n_closed: 240[K
    n_total: 313[K[A[A[A


[K[A[K[A[K[ASimulating...  71%|████████████████████████████████████              |  ETA: 0:01:53 ( 1.54  s/it)[K
   step_num: 15492[K
   n_closed: 240[K
    n_total: 313[K[A[A[A[ Info: [RESPEC] OOD event: A multi-robot transport team is deadlocked while forming: some members are waiting in their carrying positions but the team cannot complete and the build has stalled. Re-establish the stuck transport team(s).



[K[A[K[A[K[ASimulating...  71%|████████████████████████████████████              |  ETA: 0:01:53 ( 1.55  s/it)[K
   step_num: 15557[K
   n_closed: 240[K
    n_total: 313[K[A[A[A


[K[A[K[A[K[ASimulating...  71%|████████████████████████████████████              |  ETA: 0:01:53 ( 1.55  s/it)[K
   step_num: 15622[K
   n_closed: 240[K
    n_total: 313[K[A[A[A[ Info: [RESPEC] OOD event: A multi-robot transport team is deadlocked while forming: some members are waiting in their carrying positions but the team cannot complete and the build has stalled. Re-establish the stuck transport team(s).



[K[A[K[A[K[ASimulating...  71%|████████████████████████████████████              |  ETA: 0:01:54 ( 1.56  s/it)[K
   step_num: 15697[K
   n_closed: 240[K
    n_total: 313[K[A[A[A


[K[A[K[A[K[ASimulating...  71%|████████████████████████████████████              |  ETA: 0:01:54 ( 1.57  s/it)[K
   step_num: 15757[K
   n_closed: 240[K
    n_total: 313[K[A[A[A[ Info: [RESPEC] OOD event: A multi-robot transport team is deadlocked while forming: some members are waiting in their carrying positions but the team cannot complete and the build has stalled. Re-establish the stuck transport team(s).



[K[A[K[A[K[ASimulating...  71%|████████████████████████████████████              |  ETA: 0:01:55 ( 1.57  s/it)[K
   step_num: 15822[K
   n_closed: 240[K
    n_total: 313[K[A[A[A[ Info: [RESPEC] OOD event: A multi-robot transport team is deadlocked while forming: some members are waiting in their carrying positions but the team cannot complete and the build has stalled. Re-establish the stuck transport team(s).



[K[A[K[A[K[ASimulating...  71%|████████████████████████████████████              |  ETA: 0:01:55 ( 1.58  s/it)[K
   step_num: 15891[K
   n_closed: 240[K
    n_total: 313[K[A[A[A


[K[A[K[A[K[ASimulating...  71%|████████████████████████████████████              |  ETA: 0:01:56 ( 1.58  s/it)[K
   step_num: 15944[K
   n_closed: 240[K
    n_total: 313[K[A[A[A[ Info: [RESPEC] OOD event: A multi-robot transport team is deadlocked while forming: some members are waiting in their carrying positions but the team cannot complete and the build has stalled. Re-establish the stuck transport team(s).



[K[A[K[A[K[ASimulating...  71%|████████████████████████████████████              |  ETA: 0:01:56 ( 1.59  s/it)[K
   step_num: 16019[K
   n_closed: 240[K
    n_total: 313[K[A[A[A


[K[A[K[A[K[ASimulating...  71%|████████████████████████████████████              |  ETA: 0:01:56 ( 1.59  s/it)[K
   step_num: 16082[K
   n_closed: 240[K
    n_total: 313[K[A[A[A[ Info: [RESPEC] OOD event: A multi-robot transport team is deadlocked while forming: some members are waiting in their carrying positions but the team cannot complete and the build has stalled. Re-establish the stuck transport team(s).



[K[A[K[A[K[ASimulating...  71%|████████████████████████████████████              |  ETA: 0:01:57 ( 1.60  s/it)[K
   step_num: 16151[K
   n_closed: 240[K
    n_total: 313[K[A[A[A


[K[A[K[A[K[ASimulating...  71%|████████████████████████████████████              |  ETA: 0:01:57 ( 1.60  s/it)[K
   step_num: 16223[K
   n_closed: 240[K
    n_total: 313[K[A[A[A[ Info: [RESPEC] OOD event: A multi-robot transport team is deadlocked while forming: some members are waiting in their carrying positions but the team cannot complete and the build has stalled. Re-establish the stuck transport team(s).



[K[A[K[A[K[ASimulating...  71%|████████████████████████████████████              |  ETA: 0:01:58 ( 1.61  s/it)[K
   step_num: 16296[K
   n_closed: 240[K
    n_total: 313[K[A[A[A


[K[A[K[A[K[ASimulating...  71%|████████████████████████████████████              |  ETA: 0:01:58 ( 1.62  s/it)[K
   step_num: 16359[K
   n_closed: 240[K
    n_total: 313[K[A[A[A[ Info: [RESPEC] OOD event: A multi-robot transport team is deadlocked while forming: some members are waiting in their carrying positions but the team cannot complete and the build has stalled. Re-establish the stuck transport team(s).



[K[A[K[A[K[ASimulating...  71%|████████████████████████████████████              |  ETA: 0:01:58 ( 1.62  s/it)[K
   step_num: 16425[K
   n_closed: 240[K
    n_total: 313[K[A[A[A[ Info: [RESPEC] OOD event: A multi-robot transport team is deadlocked while forming: some members are waiting in their carrying positions but the team cannot complete and the build has stalled. Re-establish the stuck transport team(s).



[K[A[K[A[K[ASimulating...  71%|████████████████████████████████████              |  ETA: 0:01:59 ( 1.63  s/it)[K
   step_num: 16504[K
   n_closed: 240[K
    n_total: 313[K[A[A[A


[K[A[K[A[K[ASimulating...  71%|████████████████████████████████████              |  ETA: 0:01:59 ( 1.63  s/it)[K
   step_num: 16566[K
   n_closed: 240[K
    n_total: 313[K[A[A[A[ Info: [RESPEC] OOD event: A multi-robot transport team is deadlocked while forming: some members are waiting in their carrying positions but the team cannot complete and the build has stalled. Re-establish the stuck transport team(s).



[K[A[K[A[K[ASimulating...  71%|████████████████████████████████████              |  ETA: 0:02:00 ( 1.64  s/it)[K
   step_num: 16633[K
   n_closed: 240[K
    n_total: 313[K[A[A[A


[K[A[K[A[K[ASimulating...  71%|████████████████████████████████████              |  ETA: 0:02:00 ( 1.64  s/it)[K
   step_num: 16710[K
   n_closed: 240[K
    n_total: 313[K[A[A[A[ Info: [RESPEC] OOD event: A multi-robot transport team is deadlocked while forming: some members are waiting in their carrying positions but the team cannot complete and the build has stalled. Re-establish the stuck transport team(s).



[K[A[K[A[K[ASimulating...  71%|████████████████████████████████████              |  ETA: 0:02:00 ( 1.65  s/it)[K
   step_num: 16774[K
   n_closed: 240[K
    n_total: 313[K[A[A[A[ Info: [RESPEC] OOD event: A multi-robot transport team is deadlocked while forming: some members are waiting in their carrying positions but the team cannot complete and the build has stalled. Re-establish the stuck transport team(s).



[K[A[K[A[K[ASimulating...  71%|████████████████████████████████████              |  ETA: 0:02:01 ( 1.66  s/it)[K
   step_num: 16843[K
   n_closed: 240[K
    n_total: 313[K[A[A[A


[K[A[K[A[K[ASimulating...  71%|████████████████████████████████████              |  ETA: 0:02:01 ( 1.66  s/it)[K
   step_num: 16921[K
   n_closed: 240[K
    n_total: 313[K[A[A[A[ Info: [RESPEC] OOD event: A multi-robot transport team is deadlocked while forming: some members are waiting in their carrying positions but the team cannot complete and the build has stalled. Re-establish the stuck transport team(s).



[K[A[K[A[K[ASimulating...  71%|████████████████████████████████████              |  ETA: 0:02:02 ( 1.67  s/it)[K
   step_num: 16992[K
   n_closed: 240[K
    n_total: 313[K[A[A[A


[K[A[K[A[K[ASimulating...  71%|████████████████████████████████████              |  ETA: 0:02:02 ( 1.67  s/it)[K
   step_num: 17059[K
   n_closed: 240[K
    n_total: 313[K[A[A[A[ Info: [RESPEC] OOD event: A multi-robot transport team is deadlocked while forming: some members are waiting in their carrying positions but the team cannot complete and the build has stalled. Re-establish the stuck transport team(s).



[K[A[K[A[K[ASimulating...  71%|████████████████████████████████████              |  ETA: 0:02:02 ( 1.68  s/it)[K
   step_num: 17123[K
   n_closed: 240[K
    n_total: 313[K[A[A[A


[K[A[K[A[K[ASimulating...  71%|████████████████████████████████████              |  ETA: 0:02:03 ( 1.68  s/it)[K
   step_num: 17195[K
   n_closed: 240[K
    n_total: 313[K[A[A[A[ Info: [RESPEC] OOD event: A multi-robot transport team is deadlocked while forming: some members are waiting in their carrying positions but the team cannot complete and the build has stalled. Re-establish the stuck transport team(s).



[K[A[K[A[K[ASimulating...  71%|████████████████████████████████████              |  ETA: 0:02:03 ( 1.69  s/it)[K
   step_num: 17239[K
   n_closed: 240[K
    n_total: 313[K[A[A[A


[K[A[K[A[K[ASimulating...  71%|████████████████████████████████████              |  ETA: 0:02:04 ( 1.69  s/it)[K
   step_num: 17309[K
   n_closed: 240[K
    n_total: 313[K[A[A[A[ Info: [RESPEC] OOD event: A multi-robot transport team is deadlocked while forming: some members are waiting in their carrying positions but the team cannot complete and the build has stalled. Re-establish the stuck transport team(s).



[K[A[K[A[K[ASimulating...  71%|████████████████████████████████████              |  ETA: 0:02:04 ( 1.70  s/it)[K
   step_num: 17374[K
   n_closed: 240[K
    n_total: 313[K[A[A[A[ Info: [RESPEC] OOD event: A multi-robot transport team is deadlocked while forming: some members are waiting in their carrying positions but the team cannot complete and the build has stalled. Re-establish the stuck transport team(s).



[K[A[K[A[K[ASimulating...  71%|████████████████████████████████████              |  ETA: 0:02:05 ( 1.71  s/it)[K
   step_num: 17442[K
   n_closed: 240[K
    n_total: 313[K[A[A[A


[K[A[K[A[K[ASimulating...  71%|████████████████████████████████████              |  ETA: 0:02:05 ( 1.71  s/it)[K
   step_num: 17518[K
   n_closed: 240[K
    n_total: 313[K[A[A[A[ Info: [RESPEC] OOD event: A multi-robot transport team is deadlocked while forming: some members are waiting in their carrying positions but the team cannot complete and the build has stalled. Re-establish the stuck transport team(s).



[K[A[K[A[K[ASimulating...  71%|████████████████████████████████████              |  ETA: 0:02:05 ( 1.72  s/it)[K
   step_num: 17582[K
   n_closed: 240[K
    n_total: 313[K[A[A[A


[K[A[K[A[K[ASimulating...  71%|████████████████████████████████████              |  ETA: 0:02:06 ( 1.72  s/it)[K
   step_num: 17647[K
   n_closed: 240[K
    n_total: 313[K[A[A[A[ Info: [RESPEC] OOD event: A multi-robot transport team is deadlocked while forming: some members are waiting in their carrying positions but the team cannot complete and the build has stalled. Re-establish the stuck transport team(s).



[K[A[K[A[K[ASimulating...  71%|████████████████████████████████████              |  ETA: 0:02:06 ( 1.73  s/it)[K
   step_num: 17723[K
   n_closed: 240[K
    n_total: 313[K[A[A[A


[K[A[K[A[K[ASimulating...  71%|████████████████████████████████████              |  ETA: 0:02:07 ( 1.73  s/it)[K
   step_num: 17790[K
   n_closed: 240[K
    n_total: 313[K[A[A[A[ Info: [RESPEC] OOD event: A multi-robot transport team is deadlocked while forming: some members are waiting in their carrying positions but the team cannot complete and the build has stalled. Re-establish the stuck transport team(s).



[K[A[K[A[K[ASimulating...  71%|████████████████████████████████████              |  ETA: 0:02:07 ( 1.74  s/it)[K
   step_num: 17860[K
   n_closed: 240[K
    n_total: 313[K[A[A[A[ Info: [RESPEC] OOD event: A multi-robot transport team is deadlocked while forming: some members are waiting in their carrying positions but the team cannot complete and the build has stalled. Re-establish the stuck transport team(s).



[K[A[K[A[K[ASimulating...  71%|████████████████████████████████████              |  ETA: 0:02:07 ( 1.74  s/it)[K
   step_num: 17925[K
   n_closed: 240[K
    n_total: 313[K[A[A[A


[K[A[K[A[K[ASimulating...  71%|████████████████████████████████████              |  ETA: 0:02:08 ( 1.75  s/it)[K
   step_num: 18005[K
   n_closed: 240[K
    n_total: 313[K[A[A[A[ Info: [RESPEC] OOD event: A multi-robot transport team is deadlocked while forming: some members are waiting in their carrying positions but the team cannot complete and the build has stalled. Re-establish the stuck transport team(s).



[K[A[K[A[K[ASimulating...  71%|████████████████████████████████████              |  ETA: 0:02:08 ( 1.76  s/it)[K
   step_num: 18071[K
   n_closed: 240[K
    n_total: 313[K[A[A[A


[K[A[K[A[K[ASimulating...  71%|████████████████████████████████████              |  ETA: 0:02:09 ( 1.76  s/it)[K
   step_num: 18135[K
   n_closed: 240[K
    n_total: 313[K[A[A[A[ Info: [RESPEC] OOD event: A multi-robot transport team is deadlocked while forming: some members are waiting in their carrying positions but the team cannot complete and the build has stalled. Re-establish the stuck transport team(s).



[K[A[K[A[K[ASimulating...  71%|████████████████████████████████████              |  ETA: 0:02:09 ( 1.77  s/it)[K
   step_num: 18214[K
   n_closed: 240[K
    n_total: 313[K[A[A[A[ Info: [RESPEC] OOD event: A multi-robot transport team is deadlocked while forming: some members are waiting in their carrying positions but the team cannot complete and the build has stalled. Re-establish the stuck transport team(s).



[K[A[K[A[K[ASimulating...  71%|████████████████████████████████████              |  ETA: 0:02:09 ( 1.77  s/it)[K
   step_num: 18282[K
   n_closed: 240[K
    n_total: 313[K[A[A[A


[K[A[K[A[K[ASimulating...  71%|████████████████████████████████████              |  ETA: 0:02:10 ( 1.78  s/it)[K
   step_num: 18351[K
   n_closed: 240[K
    n_total: 313[K[A[A[A[ Info: [RESPEC] OOD event: A multi-robot transport team is deadlocked while forming: some members are waiting in their carrying positions but the team cannot complete and the build has stalled. Re-establish the stuck transport team(s).



[K[A[K[A[K[ASimulating...  71%|████████████████████████████████████              |  ETA: 0:02:10 ( 1.78  s/it)[K
   step_num: 18424[K
   n_closed: 240[K
    n_total: 313[K[A[A[A


[K[A[K[A[K[ASimulating...  71%|████████████████████████████████████              |  ETA: 0:02:11 ( 1.79  s/it)[K
   step_num: 18504[K
   n_closed: 240[K
    n_total: 313[K[A[A[A[ Info: [RESPEC] OOD event: A multi-robot transport team is deadlocked while forming: some members are waiting in their carrying positions but the team cannot complete and the build has stalled. Re-establish the stuck transport team(s).



[K[A[K[A[K[ASimulating...  71%|████████████████████████████████████              |  ETA: 0:02:11 ( 1.80  s/it)[K
   step_num: 18571[K
   n_closed: 240[K
    n_total: 313[K[A[A[A


[K[A[K[A[K[ASimulating...  71%|████████████████████████████████████              |  ETA: 0:02:11 ( 1.80  s/it)[K
   step_num: 18640[K
   n_closed: 240[K
    n_total: 313[K[A[A[A[ Info: [RESPEC] OOD event: A multi-robot transport team is deadlocked while forming: some members are waiting in their carrying positions but the team cannot complete and the build has stalled. Re-establish the stuck transport team(s).



[K[A[K[A[K[ASimulating...  71%|████████████████████████████████████              |  ETA: 0:02:12 ( 1.81  s/it)[K
   step_num: 18715[K
   n_closed: 240[K
    n_total: 313[K[A[A[A[ Info: [RESPEC] OOD event: A multi-robot transport team is deadlocked while forming: some members are waiting in their carrying positions but the team cannot complete and the build has stalled. Re-establish the stuck transport team(s).



[K[A[K[A[K[ASimulating...  71%|████████████████████████████████████              |  ETA: 0:02:12 ( 1.81  s/it)[K
   step_num: 18778[K
   n_closed: 240[K
    n_total: 313[K[A[A[A


[K[A[K[A[K[ASimulating...  71%|████████████████████████████████████              |  ETA: 0:02:13 ( 1.82  s/it)[K
   step_num: 18846[K
   n_closed: 240[K
    n_total: 313[K[A[A[A[ Info: [RESPEC] OOD event: A multi-robot transport team is deadlocked while forming: some members are waiting in their carrying positions but the team cannot complete and the build has stalled. Re-establish the stuck transport team(s).



[K[A[K[A[K[ASimulating...  71%|████████████████████████████████████              |  ETA: 0:02:13 ( 1.82  s/it)[K
   step_num: 18922[K
   n_closed: 240[K
    n_total: 313[K[A[A[A


[K[A[K[A[K[ASimulating...  71%|████████████████████████████████████              |  ETA: 0:02:13 ( 1.83  s/it)[K
   step_num: 18991[K
   n_closed: 240[K
    n_total: 313[K[A[A[A[ Info: [RESPEC] OOD event: A multi-robot transport team is deadlocked while forming: some members are waiting in their carrying positions but the team cannot complete and the build has stalled. Re-establish the stuck transport team(s).



[K[A[K[A[K[ASimulating...  71%|████████████████████████████████████              |  ETA: 0:02:14 ( 1.83  s/it)[K
   step_num: 19062[K
   n_closed: 240[K
    n_total: 313[K[A[A[A[ Info: [RESPEC] OOD event: A multi-robot transport team is deadlocked while forming: some members are waiting in their carrying positions but the team cannot complete and the build has stalled. Re-establish the stuck transport team(s).



[K[A[K[A[K[ASimulating...  71%|████████████████████████████████████              |  ETA: 0:02:14 ( 1.84  s/it)[K
   step_num: 19129[K
   n_closed: 240[K
    n_total: 313[K[A[A[A


[K[A[K[A[K[ASimulating...  71%|████████████████████████████████████              |  ETA: 0:02:15 ( 1.85  s/it)[K
   step_num: 19207[K
   n_closed: 240[K
    n_total: 313[K[A[A[A[ Info: [RESPEC] OOD event: A multi-robot transport team is deadlocked while forming: some members are waiting in their carrying positions but the team cannot complete and the build has stalled. Re-establish the stuck transport team(s).



[K[A[K[A[K[ASimulating...  71%|████████████████████████████████████              |  ETA: 0:02:15 ( 1.85  s/it)[K
   step_num: 19271[K
   n_closed: 240[K
    n_total: 313[K[A[A[A


[K[A[K[A[K[ASimulating...  71%|████████████████████████████████████              |  ETA: 0:02:16 ( 1.86  s/it)[K
   step_num: 19330[K
   n_closed: 240[K
    n_total: 313[K[A[A[A[ Info: [RESPEC] OOD event: A multi-robot transport team is deadlocked while forming: some members are waiting in their carrying positions but the team cannot complete and the build has stalled. Re-establish the stuck transport team(s).



[K[A[K[A[K[ASimulating...  71%|████████████████████████████████████              |  ETA: 0:02:16 ( 1.86  s/it)[K
   step_num: 19409[K
   n_closed: 240[K
    n_total: 313[K[A[A[A


[K[A[K[A[K[ASimulating...  71%|████████████████████████████████████              |  ETA: 0:02:16 ( 1.87  s/it)[K
   step_num: 19478[K
   n_closed: 240[K
    n_total: 313[K[A[A[A[ Info: [RESPEC] OOD event: A multi-robot transport team is deadlocked while forming: some members are waiting in their carrying positions but the team cannot complete and the build has stalled. Re-establish the stuck transport team(s).



[K[A[K[A[K[ASimulating...  71%|████████████████████████████████████              |  ETA: 0:02:17 ( 1.87  s/it)[K
   step_num: 19546[K
   n_closed: 240[K
    n_total: 313[K[A[A[A[ Info: [RESPEC] OOD event: A multi-robot transport team is deadlocked while forming: some members are waiting in their carrying positions but the team cannot complete and the build has stalled. Re-establish the stuck transport team(s).



[K[A[K[A[K[ASimulating...  71%|████████████████████████████████████              |  ETA: 0:02:17 ( 1.88  s/it)[K
   step_num: 19625[K
   n_closed: 240[K
    n_total: 313[K[A[A[A


[K[A[K[A[K[ASimulating...  71%|████████████████████████████████████              |  ETA: 0:02:18 ( 1.88  s/it)[K
   step_num: 19706[K
   n_closed: 240[K
    n_total: 313[K[A[A[A[ Info: [RESPEC] OOD event: A multi-robot transport team is deadlocked while forming: some members are waiting in their carrying positions but the team cannot complete and the build has stalled. Re-establish the stuck transport team(s).



[K[A[K[A[K[ASimulating...  71%|████████████████████████████████████              |  ETA: 0:02:18 ( 1.89  s/it)[K
   step_num: 19773[K
   n_closed: 240[K
    n_total: 313[K[A[A[A


[K[A[K[A[K[ASimulating...  71%|████████████████████████████████████              |  ETA: 0:02:18 ( 1.90  s/it)[K
   step_num: 19841[K
   n_closed: 240[K
    n_total: 313[K[A[A[A[ Info: [RESPEC] OOD event: A multi-robot transport team is deadlocked while forming: some members are waiting in their carrying positions but the team cannot complete and the build has stalled. Re-establish the stuck transport team(s).



[K[A[K[A[K[ASimulating...  71%|████████████████████████████████████              |  ETA: 0:02:19 ( 1.90  s/it)[K
   step_num: 19918[K
   n_closed: 240[K
    n_total: 313[K[A[A[A[ Info: [RESPEC] OOD event: A multi-robot transport team is deadlocked while forming: some members are waiting in their carrying positions but the team cannot complete and the build has stalled. Re-establish the stuck transport team(s).



[K[A[K[A[K[ASimulating...  71%|████████████████████████████████████              |  ETA: 0:02:19 ( 1.91  s/it)[K
   step_num: 19984[K
   n_closed: 240[K
    n_total: 313[K[A[A[A


[K[A[K[A[K[ASimulating...  71%|████████████████████████████████████              |  ETA: 0:02:20 ( 1.91  s/it)[K
   step_num: 20054[K
   n_closed: 240[K
    n_total: 313[K[A[A[A[ Info: [RESPEC] OOD event: A multi-robot transport team is deadlocked while forming: some members are waiting in their carrying positions but the team cannot complete and the build has stalled. Re-establish the stuck transport team(s).



[K[A[K[A[K[ASimulating...  71%|████████████████████████████████████              |  ETA: 0:02:20 ( 1.92  s/it)[K
   step_num: 20126[K
   n_closed: 240[K
    n_total: 313[K[A[A[A[ Info: [RESPEC] OOD event: A multi-robot transport team is deadlocked while forming: some members are waiting in their carrying positions but the team cannot complete and the build has stalled. Re-establish the stuck transport team(s).



[K[A[K[A[K[ASimulating...  71%|████████████████████████████████████              |  ETA: 0:02:20 ( 1.92  s/it)[K
   step_num: 20207[K
   n_closed: 240[K
    n_total: 313[K[A[A[A


[K[A[K[A[K[ASimulating...  71%|████████████████████████████████████              |  ETA: 0:02:21 ( 1.93  s/it)[K
   step_num: 20276[K
   n_closed: 240[K
    n_total: 313[K[A[A[A[ Info: [RESPEC] OOD event: A multi-robot transport team is deadlocked while forming: some members are waiting in their carrying positions but the team cannot complete and the build has stalled. Re-establish the stuck transport team(s).



[K[A[K[A[K[ASimulating...  71%|████████████████████████████████████              |  ETA: 0:02:21 ( 1.93  s/it)[K
   step_num: 20344[K
   n_closed: 240[K
    n_total: 313[K[A[A[A


[K[A[K[A[K[ASimulating...  71%|████████████████████████████████████              |  ETA: 0:02:22 ( 1.94  s/it)[K
   step_num: 20426[K
   n_closed: 240[K
    n_total: 313[K[A[A[A[ Info: [RESPEC] OOD event: A multi-robot transport team is deadlocked while forming: some members are waiting in their carrying positions but the team cannot complete and the build has stalled. Re-establish the stuck transport team(s).



[K[A[K[A[K[ASimulating...  71%|████████████████████████████████████              |  ETA: 0:02:22 ( 1.95  s/it)[K
   step_num: 20507[K
   n_closed: 240[K
    n_total: 313[K[A[A[A[ Info: [RESPEC] OOD event: A multi-robot transport team is deadlocked while forming: some members are waiting in their carrying positions but the team cannot complete and the build has stalled. Re-establish the stuck transport team(s).



[K[A[K[A[K[ASimulating...  71%|████████████████████████████████████              |  ETA: 0:02:22 ( 1.95  s/it)[K
   step_num: 20578[K
   n_closed: 240[K
    n_total: 313[K[A[A[A


[K[A[K[A[K[ASimulating...  71%|████████████████████████████████████              |  ETA: 0:02:23 ( 1.96  s/it)[K
   step_num: 20648[K
   n_closed: 240[K
    n_total: 313[K[A[A[A[ Info: [RESPEC] OOD event: A multi-robot transport team is deadlocked while forming: some members are waiting in their carrying positions but the team cannot complete and the build has stalled. Re-establish the stuck transport team(s).



[K[A[K[A[K[ASimulating...  71%|████████████████████████████████████              |  ETA: 0:02:23 ( 1.96  s/it)[K
   step_num: 20726[K
   n_closed: 240[K
    n_total: 313[K[A[A[A[ Info: [RESPEC] OOD event: A multi-robot transport team is deadlocked while forming: some members are waiting in their carrying positions but the team cannot complete and the build has stalled. Re-establish the stuck transport team(s).



[K[A[K[A[K[ASimulating...  71%|████████████████████████████████████              |  ETA: 0:02:24 ( 1.97  s/it)[K
   step_num: 20810[K
   n_closed: 240[K
    n_total: 313[K[A[A[A


[K[A[K[A[K[ASimulating...  71%|████████████████████████████████████              |  ETA: 0:02:24 ( 1.97  s/it)[K
   step_num: 20882[K
   n_closed: 240[K
    n_total: 313[K[A[A[A[ Info: [RESPEC] OOD event: A multi-robot transport team is deadlocked while forming: some members are waiting in their carrying positions but the team cannot complete and the build has stalled. Re-establish the stuck transport team(s).



[K[A[K[A[K[ASimulating...  71%|████████████████████████████████████              |  ETA: 0:02:25 ( 1.98  s/it)[K
   step_num: 20951[K
   n_closed: 240[K
    n_total: 313[K[A[A[A


[K[A[K[A[K[ASimulating...  71%|████████████████████████████████████              |  ETA: 0:02:25 ( 1.99  s/it)[K
   step_num: 21027[K
   n_closed: 240[K
    n_total: 313[K[A[A[A[ Info: [RESPEC] OOD event: A multi-robot transport team is deadlocked while forming: some members are waiting in their carrying positions but the team cannot complete and the build has stalled. Re-establish the stuck transport team(s).



[K[A[K[A[K[ASimulating...  71%|████████████████████████████████████              |  ETA: 0:02:25 ( 1.99  s/it)[K
   step_num: 21106[K
   n_closed: 240[K
    n_total: 313[K[A[A[A[ Info: [RESPEC] OOD event: A multi-robot transport team is deadlocked while forming: some members are waiting in their carrying positions but the team cannot complete and the build has stalled. Re-establish the stuck transport team(s).



[K[A[K[A[K[ASimulating...  71%|████████████████████████████████████              |  ETA: 0:02:26 ( 2.00  s/it)[K
   step_num: 21172[K
   n_closed: 240[K
    n_total: 313[K[A[A[A


[K[A[K[A[K[ASimulating...  71%|████████████████████████████████████              |  ETA: 0:02:26 ( 2.00  s/it)[K
   step_num: 21241[K
   n_closed: 240[K
    n_total: 313[K[A[A[A[ Info: [RESPEC] OOD event: A multi-robot transport team is deadlocked while forming: some members are waiting in their carrying positions but the team cannot complete and the build has stalled. Re-establish the stuck transport team(s).



[K[A[K[A[K[ASimulating...  71%|████████████████████████████████████              |  ETA: 0:02:27 ( 2.01  s/it)[K
   step_num: 21321[K
   n_closed: 240[K
    n_total: 313[K[A[A[A


[K[A[K[A[K[ASimulating...  71%|████████████████████████████████████              |  ETA: 0:02:27 ( 2.01  s/it)[K
   step_num: 21392[K
   n_closed: 240[K
    n_total: 313[K[A[A[A[ Info: [RESPEC] OOD event: A multi-robot transport team is deadlocked while forming: some members are waiting in their carrying positions but the team cannot complete and the build has stalled. Re-establish the stuck transport team(s).



[K[A[K[A[K[ASimulating...  71%|████████████████████████████████████              |  ETA: 0:02:27 ( 2.02  s/it)[K
   step_num: 21464[K
   n_closed: 240[K
    n_total: 313[K[A[A[A[ Info: [RESPEC] OOD event: A multi-robot transport team is deadlocked while forming: some members are waiting in their carrying positions but the team cannot complete and the build has stalled. Re-establish the stuck transport team(s).



[K[A[K[A[K[ASimulating...  71%|████████████████████████████████████              |  ETA: 0:02:28 ( 2.02  s/it)[K
   step_num: 21532[K
   n_closed: 240[K
    n_total: 313[K[A[A[A


[K[A[K[A[K[ASimulating...  71%|████████████████████████████████████              |  ETA: 0:02:28 ( 2.03  s/it)[K
   step_num: 21615[K
   n_closed: 240[K
    n_total: 313[K[A[A[A[ Info: [RESPEC] OOD event: A multi-robot transport team is deadlocked while forming: some members are waiting in their carrying positions but the team cannot complete and the build has stalled. Re-establish the stuck transport team(s).



[K[A[K[A[K[ASimulating...  71%|████████████████████████████████████              |  ETA: 0:02:29 ( 2.04  s/it)[K
   step_num: 21684[K
   n_closed: 240[K
    n_total: 313[K[A[A[A


[K[A[K[A[K[ASimulating...  71%|████████████████████████████████████              |  ETA: 0:02:29 ( 2.04  s/it)[K
   step_num: 21752[K
   n_closed: 240[K
    n_total: 313[K[A[A[A[ Info: [RESPEC] OOD event: A multi-robot transport team is deadlocked while forming: some members are waiting in their carrying positions but the team cannot complete and the build has stalled. Re-establish the stuck transport team(s).



[K[A[K[A[K[ASimulating...  71%|████████████████████████████████████              |  ETA: 0:02:29 ( 2.05  s/it)[K
   step_num: 21827[K
   n_closed: 240[K
    n_total: 313[K[A[A[A[ Info: [RESPEC] OOD event: A multi-robot transport team is deadlocked while forming: some members are waiting in their carrying positions but the team cannot complete and the build has stalled. Re-establish the stuck transport team(s).



[K[A[K[A[K[ASimulating...  71%|████████████████████████████████████              |  ETA: 0:02:30 ( 2.05  s/it)[K
   step_num: 21906[K
   n_closed: 240[K
    n_total: 313[K[A[A[A


[K[A[K[A[K[ASimulating...  71%|████████████████████████████████████              |  ETA: 0:02:30 ( 2.06  s/it)[K
   step_num: 21977[K
   n_closed: 240[K
    n_total: 313[K[A[A[A[ Info: [RESPEC] OOD event: A multi-robot transport team is deadlocked while forming: some members are waiting in their carrying positions but the team cannot complete and the build has stalled. Re-establish the stuck transport team(s).



[K[A[K[A[K[ASimulating...  71%|████████████████████████████████████              |  ETA: 0:02:31 ( 2.06  s/it)[K
   step_num: 22045[K
   n_closed: 240[K
    n_total: 313[K[A[A[A[ Info: [RESPEC] OOD event: A multi-robot transport team is deadlocked while forming: some members are waiting in their carrying positions but the team cannot complete and the build has stalled. Re-establish the stuck transport team(s).



[K[A[K[A[K[ASimulating...  71%|████████████████████████████████████              |  ETA: 0:02:31 ( 2.07  s/it)[K
   step_num: 22127[K
   n_closed: 240[K
    n_total: 313[K[A[A[A


[K[A[K[A[K[ASimulating...  71%|████████████████████████████████████              |  ETA: 0:02:31 ( 2.07  s/it)[K
   step_num: 22198[K
   n_closed: 240[K
    n_total: 313[K[A[A[A[ Info: [RESPEC] OOD event: A multi-robot transport team is deadlocked while forming: some members are waiting in their carrying positions but the team cannot complete and the build has stalled. Re-establish the stuck transport team(s).



[K[A[K[A[K[ASimulating...  71%|████████████████████████████████████              |  ETA: 0:02:32 ( 2.08  s/it)[K
   step_num: 22269[K
   n_closed: 240[K
    n_total: 313[K[A[A[A


[K[A[K[A[K[ASimulating...  71%|████████████████████████████████████              |  ETA: 0:02:32 ( 2.09  s/it)[K
   step_num: 22341[K
   n_closed: 240[K
    n_total: 313[K[A[A[A[ Info: [RESPEC] OOD event: A multi-robot transport team is deadlocked while forming: some members are waiting in their carrying positions but the team cannot complete and the build has stalled. Re-establish the stuck transport team(s).



[K[A[K[A[K[ASimulating...  71%|████████████████████████████████████              |  ETA: 0:02:33 ( 2.09  s/it)[K
   step_num: 22425[K
   n_closed: 240[K
    n_total: 313[K[A[A[A[ Info: [RESPEC] OOD event: A multi-robot transport team is deadlocked while forming: some members are waiting in their carrying positions but the team cannot complete and the build has stalled. Re-establish the stuck transport team(s).



[K[A[K[A[K[ASimulating...  71%|████████████████████████████████████              |  ETA: 0:02:33 ( 2.10  s/it)[K
   step_num: 22497[K
   n_closed: 240[K
    n_total: 313[K[A[A[A


[K[A[K[A[K[ASimulating...  71%|████████████████████████████████████              |  ETA: 0:02:33 ( 2.10  s/it)[K
   step_num: 22565[K
   n_closed: 240[K
    n_total: 313[K[A[A[A[ Info: [RESPEC] OOD event: A multi-robot transport team is deadlocked while forming: some members are waiting in their carrying positions but the team cannot complete and the build has stalled. Re-establish the stuck transport team(s).



[K[A[K[A[K[ASimulating...  71%|████████████████████████████████████              |  ETA: 0:02:34 ( 2.11  s/it)[K
   step_num: 22636[K
   n_closed: 240[K
    n_total: 313[K[A[A[A


[K[A[K[A[K[ASimulating...  71%|████████████████████████████████████              |  ETA: 0:02:34 ( 2.11  s/it)[K
   step_num: 22721[K
   n_closed: 240[K
    n_total: 313[K[A[A[A[ Info: [RESPEC] OOD event: A multi-robot transport team is deadlocked while forming: some members are waiting in their carrying positions but the team cannot complete and the build has stalled. Re-establish the stuck transport team(s).



[K[A[K[A[K[ASimulating...  71%|████████████████████████████████████              |  ETA: 0:02:35 ( 2.12  s/it)[K
   step_num: 22794[K
   n_closed: 240[K
    n_total: 313[K[A[A[A[ Info: [RESPEC] OOD event: A multi-robot transport team is deadlocked while forming: some members are waiting in their carrying positions but the team cannot complete and the build has stalled. Re-establish the stuck transport team(s).



[K[A[K[A[K[ASimulating...  71%|████████████████████████████████████              |  ETA: 0:02:35 ( 2.13  s/it)[K
   step_num: 22867[K
   n_closed: 240[K
    n_total: 313[K[A[A[A


[K[A[K[A[K[ASimulating...  71%|████████████████████████████████████              |  ETA: 0:02:36 ( 2.13  s/it)[K
   step_num: 22936[K
   n_closed: 240[K
    n_total: 313[K[A[A[A[ Info: [RESPEC] OOD event: A multi-robot transport team is deadlocked while forming: some members are waiting in their carrying positions but the team cannot complete and the build has stalled. Re-establish the stuck transport team(s).



[K[A[K[A[K[ASimulating...  71%|████████████████████████████████████              |  ETA: 0:02:36 ( 2.14  s/it)[K
   step_num: 23021[K
   n_closed: 240[K
    n_total: 313[K[A[A[A[ Info: [RESPEC] OOD event: A multi-robot transport team is deadlocked while forming: some members are waiting in their carrying positions but the team cannot complete and the build has stalled. Re-establish the stuck transport team(s).



[K[A[K[A[K[ASimulating...  71%|████████████████████████████████████              |  ETA: 0:02:36 ( 2.14  s/it)[K
   step_num: 23094[K
   n_closed: 240[K
    n_total: 313[K[A[A[A


[K[A[K[A[K[ASimulating...  71%|████████████████████████████████████              |  ETA: 0:02:37 ( 2.15  s/it)[K
   step_num: 23164[K
   n_closed: 240[K
    n_total: 313[K[A[A[A[ Info: [RESPEC] OOD event: A multi-robot transport team is deadlocked while forming: some members are waiting in their carrying positions but the team cannot complete and the build has stalled. Re-establish the stuck transport team(s).



[K[A[K[A[K[ASimulating...  71%|████████████████████████████████████              |  ETA: 0:02:37 ( 2.15  s/it)[K
   step_num: 23237[K
   n_closed: 240[K
    n_total: 313[K[A[A[A


[K[A[K[A[K[ASimulating...  71%|████████████████████████████████████              |  ETA: 0:02:38 ( 2.16  s/it)[K
   step_num: 23318[K
   n_closed: 240[K
    n_total: 313[K[A[A[A[ Info: [RESPEC] OOD event: A multi-robot transport team is deadlocked while forming: some members are waiting in their carrying positions but the team cannot complete and the build has stalled. Re-establish the stuck transport team(s).



[K[A[K[A[K[ASimulating...  71%|████████████████████████████████████              |  ETA: 0:02:38 ( 2.16  s/it)[K
   step_num: 23392[K
   n_closed: 240[K
    n_total: 313[K[A[A[A[ Info: [RESPEC] OOD event: A multi-robot transport team is deadlocked while forming: some members are waiting in their carrying positions but the team cannot complete and the build has stalled. Re-establish the stuck transport team(s).



[K[A[K[A[K[ASimulating...  71%|████████████████████████████████████              |  ETA: 0:02:38 ( 2.17  s/it)[K
   step_num: 23462[K
   n_closed: 240[K
    n_total: 313[K[A[A[A


[K[A[K[A[K[ASimulating...  71%|████████████████████████████████████              |  ETA: 0:02:39 ( 2.18  s/it)[K
   step_num: 23530[K
   n_closed: 240[K
    n_total: 313[K[A[A[A[ Info: [RESPEC] OOD event: A multi-robot transport team is deadlocked while forming: some members are waiting in their carrying positions but the team cannot complete and the build has stalled. Re-establish the stuck transport team(s).



[K[A[K[A[K[ASimulating...  71%|████████████████████████████████████              |  ETA: 0:02:39 ( 2.18  s/it)[K
   step_num: 23615[K
   n_closed: 240[K
    n_total: 313[K[A[A[A[ Info: [RESPEC] OOD event: A multi-robot transport team is deadlocked while forming: some members are waiting in their carrying positions but the team cannot complete and the build has stalled. Re-establish the stuck transport team(s).



[K[A[K[A[K[ASimulating...  71%|████████████████████████████████████              |  ETA: 0:02:40 ( 2.19  s/it)[K
   step_num: 23683[K
   n_closed: 240[K
    n_total: 313[K[A[A[A


[K[A[K[A[K[ASimulating...  71%|████████████████████████████████████              |  ETA: 0:02:40 ( 2.19  s/it)[K
   step_num: 23754[K
   n_closed: 240[K
    n_total: 313[K[A[A[A[ Info: [RESPEC] OOD event: A multi-robot transport team is deadlocked while forming: some members are waiting in their carrying positions but the team cannot complete and the build has stalled. Re-establish the stuck transport team(s).



[K[A[K[A[K[ASimulating...  71%|████████████████████████████████████              |  ETA: 0:02:40 ( 2.20  s/it)[K
   step_num: 23829[K
   n_closed: 240[K
    n_total: 313[K[A[A[A


[K[A[K[A[K[ASimulating...  71%|████████████████████████████████████              |  ETA: 0:02:41 ( 2.20  s/it)[K
   step_num: 23911[K
   n_closed: 240[K
    n_total: 313[K[A[A[A[ Info: [RESPEC] OOD event: A multi-robot transport team is deadlocked while forming: some members are waiting in their carrying positions but the team cannot complete and the build has stalled. Re-establish the stuck transport team(s).



[K[A[K[A[K[ASimulating...  71%|████████████████████████████████████              |  ETA: 0:02:41 ( 2.21  s/it)[K
   step_num: 23981[K
   n_closed: 240[K
    n_total: 313[K[A[A[A[ Info: [RESPEC] OOD event: A multi-robot transport team is deadlocked while forming: some members are waiting in their carrying positions but the team cannot complete and the build has stalled. Re-establish the stuck transport team(s).



[K[A[K[A[K[ASimulating...  71%|████████████████████████████████████              |  ETA: 0:02:42 ( 2.21  s/it)[K
   step_num: 24052[K
   n_closed: 240[K
    n_total: 313[K[A[A[A


[K[A[K[A[K[ASimulating...  71%|████████████████████████████████████              |  ETA: 0:02:42 ( 2.22  s/it)[K
   step_num: 24130[K
   n_closed: 240[K
    n_total: 313[K[A[A[A[ Info: [RESPEC] OOD event: A multi-robot transport team is deadlocked while forming: some members are waiting in their carrying positions but the team cannot complete and the build has stalled. Re-establish the stuck transport team(s).



[K[A[K[A[K[ASimulating...  71%|████████████████████████████████████              |  ETA: 0:02:43 ( 2.23  s/it)[K
   step_num: 24208[K
   n_closed: 240[K
    n_total: 313[K[A[A[A


[K[A[K[A[K[ASimulating...  71%|████████████████████████████████████              |  ETA: 0:02:43 ( 2.23  s/it)[K
   step_num: 24279[K
   n_closed: 240[K
    n_total: 313[K[A[A[A[ Info: [RESPEC] OOD event: A multi-robot transport team is deadlocked while forming: some members are waiting in their carrying positions but the team cannot complete and the build has stalled. Re-establish the stuck transport team(s).



[K[A[K[A[K[ASimulating...  71%|████████████████████████████████████              |  ETA: 0:02:43 ( 2.24  s/it)[K
   step_num: 24351[K
   n_closed: 240[K
    n_total: 313[K[A[A[A[ Info: [RESPEC] OOD event: A multi-robot transport team is deadlocked while forming: some members are waiting in their carrying positions but the team cannot complete and the build has stalled. Re-establish the stuck transport team(s).



[K[A[K[A[K[ASimulating...  71%|████████████████████████████████████              |  ETA: 0:02:44 ( 2.24  s/it)[K
   step_num: 24430[K
   n_closed: 240[K
    n_total: 313[K[A[A[A


[K[A[K[A[K[ASimulating...  71%|████████████████████████████████████              |  ETA: 0:02:44 ( 2.25  s/it)[K
   step_num: 24512[K
   n_closed: 240[K
    n_total: 313[K[A[A[A[ Info: [RESPEC] OOD event: A multi-robot transport team is deadlocked while forming: some members are waiting in their carrying positions but the team cannot complete and the build has stalled. Re-establish the stuck transport team(s).



[K[A[K[A[K[ASimulating...  71%|████████████████████████████████████              |  ETA: 0:02:45 ( 2.25  s/it)[K
   step_num: 24580[K
   n_closed: 240[K
    n_total: 313[K[A[A[A[ Info: [RESPEC] OOD event: A multi-robot transport team is deadlocked while forming: some members are waiting in their carrying positions but the team cannot complete and the build has stalled. Re-establish the stuck transport team(s).



[K[A[K[A[K[ASimulating...  71%|████████████████████████████████████              |  ETA: 0:02:45 ( 2.26  s/it)[K
   step_num: 24653[K
   n_closed: 240[K
    n_total: 313[K[A[A[A


[K[A[K[A[K[ASimulating...  71%|████████████████████████████████████              |  ETA: 0:02:45 ( 2.27  s/it)[K
   step_num: 24730[K
   n_closed: 240[K
    n_total: 313[K[A[A[A[ Info: [RESPEC] OOD event: A multi-robot transport team is deadlocked while forming: some members are waiting in their carrying positions but the team cannot complete and the build has stalled. Re-establish the stuck transport team(s).



[K[A[K[A[K[ASimulating...  71%|████████████████████████████████████              |  ETA: 0:02:46 ( 2.27  s/it)[K
   step_num: 24812[K
   n_closed: 240[K
    n_total: 313[K[A[A[A[ Info: [RESPEC] OOD event: A multi-robot transport team is deadlocked while forming: some members are waiting in their carrying positions but the team cannot complete and the build has stalled. Re-establish the stuck transport team(s).



[K[A[K[A[K[ASimulating...  71%|████████████████████████████████████              |  ETA: 0:02:46 ( 2.28  s/it)[K
   step_num: 24882[K
   n_closed: 240[K
    n_total: 313[K[A[A[A


[K[A[K[A[K[ASimulating...  71%|████████████████████████████████████              |  ETA: 0:02:47 ( 2.28  s/it)[K
   step_num: 24953[K
   n_closed: 240[K
    n_total: 313[K[A[A[A[ Info: [RESPEC] OOD event: A multi-robot transport team is deadlocked while forming: some members are waiting in their carrying positions but the team cannot complete and the build has stalled. Re-establish the stuck transport team(s).



[K[A[K[A[K[ASimulating...  71%|████████████████████████████████████              |  ETA: 0:02:47 ( 2.29  s/it)[K
   step_num: 25031[K
   n_closed: 240[K
    n_total: 313[K[A[A[A


[K[A[K[A[K[ASimulating...  71%|████████████████████████████████████              |  ETA: 0:02:47 ( 2.29  s/it)[K
   step_num: 25112[K
   n_closed: 240[K
    n_total: 313[K[A[A[A[ Info: [RESPEC] OOD event: A multi-robot transport team is deadlocked while forming: some members are waiting in their carrying positions but the team cannot complete and the build has stalled. Re-establish the stuck transport team(s).



[K[A[K[A[K[ASimulating...  71%|████████████████████████████████████              |  ETA: 0:02:48 ( 2.30  s/it)[K
   step_num: 25182[K
   n_closed: 240[K
    n_total: 313[K[A[A[A[ Info: [RESPEC] OOD event: A multi-robot transport team is deadlocked while forming: some members are waiting in their carrying positions but the team cannot complete and the build has stalled. Re-establish the stuck transport team(s).



[K[A[K[A[K[ASimulating...  71%|████████████████████████████████████              |  ETA: 0:02:48 ( 2.31  s/it)[K
   step_num: 25249[K
   n_closed: 240[K
    n_total: 313[K[A[A[A


[K[A[K[A[K[ASimulating...  71%|████████████████████████████████████              |  ETA: 0:02:49 ( 2.31  s/it)[K
   step_num: 25329[K
   n_closed: 240[K
    n_total: 313[K[A[A[A[ Info: [RESPEC] OOD event: A multi-robot transport team is deadlocked while forming: some members are waiting in their carrying positions but the team cannot complete and the build has stalled. Re-establish the stuck transport team(s).



[K[A[K[A[K[ASimulating...  71%|████████████████████████████████████              |  ETA: 0:02:49 ( 2.32  s/it)[K
   step_num: 25402[K
   n_closed: 240[K
    n_total: 313[K[A[A[A


[K[A[K[A[K[ASimulating...  71%|████████████████████████████████████              |  ETA: 0:02:50 ( 2.32  s/it)[K
   step_num: 25473[K
   n_closed: 240[K
    n_total: 313[K[A[A[A[ Info: [RESPEC] OOD event: A multi-robot transport team is deadlocked while forming: some members are waiting in their carrying positions but the team cannot complete and the build has stalled. Re-establish the stuck transport team(s).



[K[A[K[A[K[ASimulating...  71%|████████████████████████████████████              |  ETA: 0:02:50 ( 2.33  s/it)[K
   step_num: 25545[K
   n_closed: 240[K
    n_total: 313[K[A[A[A[ Info: [RESPEC] OOD event: A multi-robot transport team is deadlocked while forming: some members are waiting in their carrying positions but the team cannot complete and the build has stalled. Re-establish the stuck transport team(s).



[K[A[K[A[K[ASimulating...  71%|████████████████████████████████████              |  ETA: 0:02:50 ( 2.33  s/it)[K
   step_num: 25624[K
   n_closed: 240[K
    n_total: 313[K[A[A[A


[K[A[K[A[K[ASimulating...  71%|████████████████████████████████████              |  ETA: 0:02:51 ( 2.34  s/it)[K
   step_num: 25694[K
   n_closed: 240[K
    n_total: 313[K[A[A[A[ Info: [RESPEC] OOD event: A multi-robot transport team is deadlocked while forming: some members are waiting in their carrying positions but the team cannot complete and the build has stalled. Re-establish the stuck transport team(s).



[K[A[K[A[K[ASimulating...  71%|████████████████████████████████████              |  ETA: 0:02:51 ( 2.34  s/it)[K
   step_num: 25763[K
   n_closed: 240[K
    n_total: 313[K[A[A[A


[K[A[K[A[K[ASimulating...  71%|████████████████████████████████████              |  ETA: 0:02:52 ( 2.35  s/it)[K
   step_num: 25836[K
   n_closed: 240[K
    n_total: 313[K[A[A[A[ Info: [RESPEC] OOD event: A multi-robot transport team is deadlocked while forming: some members are waiting in their carrying positions but the team cannot complete and the build has stalled. Re-establish the stuck transport team(s).



[K[A[K[A[K[ASimulating...  71%|████████████████████████████████████              |  ETA: 0:02:52 ( 2.36  s/it)[K
   step_num: 25919[K
   n_closed: 240[K
    n_total: 313[K[A[A[A[ Info: [RESPEC] OOD event: A multi-robot transport team is deadlocked while forming: some members are waiting in their carrying positions but the team cannot complete and the build has stalled. Re-establish the stuck transport team(s).



[K[A[K[A[K[ASimulating...  71%|████████████████████████████████████              |  ETA: 0:02:52 ( 2.36  s/it)[K
   step_num: 25988[K
   n_closed: 240[K
    n_total: 313[K[A[A[A


[K[A[K[A[K[ASimulating...  71%|████████████████████████████████████              |  ETA: 0:02:53 ( 2.37  s/it)[K
   step_num: 26058[K
   n_closed: 240[K
    n_total: 313[K[A[A[A[ Info: [RESPEC] OOD event: A multi-robot transport team is deadlocked while forming: some members are waiting in their carrying positions but the team cannot complete and the build has stalled. Re-establish the stuck transport team(s).



[K[A[K[A[K[ASimulating...  71%|████████████████████████████████████              |  ETA: 0:02:53 ( 2.37  s/it)[K
   step_num: 26132[K
   n_closed: 240[K
    n_total: 313[K[A[A[A[ Info: [RESPEC] OOD event: A multi-robot transport team is deadlocked while forming: some members are waiting in their carrying positions but the team cannot complete and the build has stalled. Re-establish the stuck transport team(s).



[K[A[K[A[K[ASimulating...  71%|████████████████████████████████████              |  ETA: 0:02:54 ( 2.38  s/it)[K
   step_num: 26214[K
   n_closed: 240[K
    n_total: 313[K[A[A[A


[K[A[K[A[K[ASimulating...  71%|████████████████████████████████████              |  ETA: 0:02:54 ( 2.38  s/it)[K
   step_num: 26284[K
   n_closed: 240[K
    n_total: 313[K[A[A[A[ Info: [RESPEC] OOD event: A multi-robot transport team is deadlocked while forming: some members are waiting in their carrying positions but the team cannot complete and the build has stalled. Re-establish the stuck transport team(s).



[K[A[K[A[K[ASimulating...  71%|████████████████████████████████████              |  ETA: 0:02:54 ( 2.39  s/it)[K
   step_num: 26356[K
   n_closed: 240[K
    n_total: 313[K[A[A[A


[K[A[K[A[K[ASimulating...  71%|████████████████████████████████████              |  ETA: 0:02:55 ( 2.40  s/it)[K
   step_num: 26432[K
   n_closed: 240[K
    n_total: 313[K[A[A[A[ Info: [RESPEC] OOD event: A multi-robot transport team is deadlocked while forming: some members are waiting in their carrying positions but the team cannot complete and the build has stalled. Re-establish the stuck transport team(s).



[K[A[K[A[K[ASimulating...  71%|████████████████████████████████████              |  ETA: 0:02:55 ( 2.40  s/it)[K
   step_num: 26512[K
   n_closed: 240[K
    n_total: 313[K[A[A[A[ Info: [RESPEC] OOD event: A multi-robot transport team is deadlocked while forming: some members are waiting in their carrying positions but the team cannot complete and the build has stalled. Re-establish the stuck transport team(s).



[K[A[K[A[K[ASimulating...  71%|████████████████████████████████████              |  ETA: 0:02:56 ( 2.41  s/it)[K
   step_num: 26584[K
   n_closed: 240[K
    n_total: 313[K[A[A[A


[K[A[K[A[K[ASimulating...  71%|████████████████████████████████████              |  ETA: 0:02:56 ( 2.41  s/it)[K
   step_num: 26655[K
   n_closed: 240[K
    n_total: 313[K[A[A[A[ Info: [RESPEC] OOD event: A multi-robot transport team is deadlocked while forming: some members are waiting in their carrying positions but the team cannot complete and the build has stalled. Re-establish the stuck transport team(s).



[K[A[K[A[K[ASimulating...  71%|████████████████████████████████████              |  ETA: 0:02:56 ( 2.42  s/it)[K
   step_num: 26733[K
   n_closed: 240[K
    n_total: 313[K[A[A[A[ Info: [RESPEC] OOD event: A multi-robot transport team is deadlocked while forming: some members are waiting in their carrying positions but the team cannot complete and the build has stalled. Re-establish the stuck transport team(s).



[K[A[K[A[K[ASimulating...  71%|████████████████████████████████████              |  ETA: 0:02:57 ( 2.42  s/it)[K
   step_num: 26817[K
   n_closed: 240[K
    n_total: 313[K[A[A[A


[K[A[K[A[K[ASimulating...  71%|████████████████████████████████████              |  ETA: 0:02:57 ( 2.43  s/it)[K
   step_num: 26890[K
   n_closed: 240[K
    n_total: 313[K[A[A[A[ Info: [RESPEC] OOD event: A multi-robot transport team is deadlocked while forming: some members are waiting in their carrying positions but the team cannot complete and the build has stalled. Re-establish the stuck transport team(s).



[K[A[K[A[K[ASimulating...  71%|████████████████████████████████████              |  ETA: 0:02:58 ( 2.43  s/it)[K
   step_num: 26964[K
   n_closed: 240[K
    n_total: 313[K[A[A[A


[K[A[K[A[K[ASimulating...  71%|████████████████████████████████████              |  ETA: 0:02:58 ( 2.44  s/it)[K
   step_num: 27037[K
   n_closed: 240[K
    n_total: 313[K[A[A[A[ Info: [RESPEC] OOD event: A multi-robot transport team is deadlocked while forming: some members are waiting in their carrying positions but the team cannot complete and the build has stalled. Re-establish the stuck transport team(s).



[K[A[K[A[K[ASimulating...  71%|████████████████████████████████████              |  ETA: 0:02:59 ( 2.45  s/it)[K
   step_num: 27116[K
   n_closed: 240[K
    n_total: 313[K[A[A[A[ Info: [RESPEC] OOD event: A multi-robot transport team is deadlocked while forming: some members are waiting in their carrying positions but the team cannot complete and the build has stalled. Re-establish the stuck transport team(s).



[K[A[K[A[K[ASimulating...  71%|████████████████████████████████████              |  ETA: 0:02:59 ( 2.45  s/it)[K
   step_num: 27188[K
   n_closed: 240[K
    n_total: 313[K[A[A[A


[K[A[K[A[K[ASimulating...  71%|████████████████████████████████████              |  ETA: 0:02:59 ( 2.46  s/it)[K
   step_num: 27263[K
   n_closed: 240[K
    n_total: 313[K[A[A[A[ Info: [RESPEC] OOD event: A multi-robot transport team is deadlocked while forming: some members are waiting in their carrying positions but the team cannot complete and the build has stalled. Re-establish the stuck transport team(s).



[K[A[K[A[K[ASimulating...  71%|████████████████████████████████████              |  ETA: 0:03:00 ( 2.46  s/it)[K
   step_num: 27333[K
   n_closed: 240[K
    n_total: 313[K[A[A[A[ Info: [RESPEC] OOD event: A multi-robot transport team is deadlocked while forming: some members are waiting in their carrying positions but the team cannot complete and the build has stalled. Re-establish the stuck transport team(s).



[K[A[K[A[K[ASimulating...  71%|████████████████████████████████████              |  ETA: 0:03:00 ( 2.47  s/it)[K
   step_num: 27416[K
   n_closed: 240[K
    n_total: 313[K[A[A[A


[K[A[K[A[K[ASimulating...  71%|████████████████████████████████████              |  ETA: 0:03:01 ( 2.47  s/it)[K
   step_num: 27489[K
   n_closed: 240[K
    n_total: 313[K[A[A[A[ Info: [RESPEC] OOD event: A multi-robot transport team is deadlocked while forming: some members are waiting in their carrying positions but the team cannot complete and the build has stalled. Re-establish the stuck transport team(s).



[K[A[K[A[K[ASimulating...  71%|████████████████████████████████████              |  ETA: 0:03:01 ( 2.48  s/it)[K
   step_num: 27561[K
   n_closed: 240[K
    n_total: 313[K[A[A[A


[K[A[K[A[K[ASimulating...  71%|████████████████████████████████████              |  ETA: 0:03:01 ( 2.49  s/it)[K
   step_num: 27634[K
   n_closed: 240[K
    n_total: 313[K[A[A[A[ Info: [RESPEC] OOD event: A multi-robot transport team is deadlocked while forming: some members are waiting in their carrying positions but the team cannot complete and the build has stalled. Re-establish the stuck transport team(s).



[K[A[K[A[K[ASimulating...  71%|████████████████████████████████████              |  ETA: 0:03:02 ( 2.49  s/it)[K
   step_num: 27716[K
   n_closed: 240[K
    n_total: 313[K[A[A[A[ Info: [RESPEC] OOD event: A multi-robot transport team is deadlocked while forming: some members are waiting in their carrying positions but the team cannot complete and the build has stalled. Re-establish the stuck transport team(s).



[K[A[K[A[K[ASimulating...  71%|████████████████████████████████████              |  ETA: 0:03:02 ( 2.50  s/it)[K
   step_num: 27786[K
   n_closed: 240[K
    n_total: 313[K[A[A[A


[K[A[K[A[K[ASimulating...  71%|████████████████████████████████████              |  ETA: 0:03:03 ( 2.50  s/it)[K
   step_num: 27858[K
   n_closed: 240[K
    n_total: 313[K[A[A[A[ Info: [RESPEC] OOD event: A multi-robot transport team is deadlocked while forming: some members are waiting in their carrying positions but the team cannot complete and the build has stalled. Re-establish the stuck transport team(s).



[K[A[K[A[K[ASimulating...  71%|████████████████████████████████████              |  ETA: 0:03:03 ( 2.51  s/it)[K
   step_num: 27934[K
   n_closed: 240[K
    n_total: 313[K[A[A[A[ Info: [RESPEC] OOD event: A multi-robot transport team is deadlocked while forming: some members are waiting in their carrying positions but the team cannot complete and the build has stalled. Re-establish the stuck transport team(s).



[K[A[K[A[K[ASimulating...  71%|████████████████████████████████████              |  ETA: 0:03:03 ( 2.51  s/it)[K
   step_num: 28018[K
   n_closed: 240[K
    n_total: 313[K[A[A[A


[K[A[K[A[K[ASimulating...  71%|████████████████████████████████████              |  ETA: 0:03:04 ( 2.52  s/it)[K
   step_num: 28087[K
   n_closed: 240[K
    n_total: 313[K[A[A[A[ Info: [RESPEC] OOD event: A multi-robot transport team is deadlocked while forming: some members are waiting in their carrying positions but the team cannot complete and the build has stalled. Re-establish the stuck transport team(s).



[K[A[K[A[K[ASimulating...  71%|████████████████████████████████████              |  ETA: 0:03:04 ( 2.52  s/it)[K
   step_num: 28158[K
   n_closed: 240[K
    n_total: 313[K[A[A[A


[K[A[K[A[K[ASimulating...  71%|████████████████████████████████████              |  ETA: 0:03:05 ( 2.53  s/it)[K
   step_num: 28234[K
   n_closed: 240[K
    n_total: 313[K[A[A[A[ Info: [RESPEC] OOD event: A multi-robot transport team is deadlocked while forming: some members are waiting in their carrying positions but the team cannot complete and the build has stalled. Re-establish the stuck transport team(s).



[K[A[K[A[K[ASimulating...  71%|████████████████████████████████████              |  ETA: 0:03:05 ( 2.54  s/it)[K
   step_num: 28318[K
   n_closed: 240[K
    n_total: 313[K[A[A[A[ Info: [RESPEC] OOD event: A multi-robot transport team is deadlocked while forming: some members are waiting in their carrying positions but the team cannot complete and the build has stalled. Re-establish the stuck transport team(s).



[K[A[K[A[K[ASimulating...  71%|████████████████████████████████████              |  ETA: 0:03:06 ( 2.54  s/it)[K
   step_num: 28390[K
   n_closed: 240[K
    n_total: 313[K[A[A[A


[K[A[K[A[K[ASimulating...  71%|████████████████████████████████████              |  ETA: 0:03:06 ( 2.55  s/it)[K
   step_num: 28460[K
   n_closed: 240[K
    n_total: 313[K[A[A[A[ Info: [RESPEC] OOD event: A multi-robot transport team is deadlocked while forming: some members are waiting in their carrying positions but the team cannot complete and the build has stalled. Re-establish the stuck transport team(s).



[K[A[K[A[K[ASimulating...  71%|████████████████████████████████████              |  ETA: 0:03:06 ( 2.55  s/it)[K
   step_num: 28535[K
   n_closed: 240[K
    n_total: 313[K[A[A[A[ Info: [RESPEC] OOD event: A multi-robot transport team is deadlocked while forming: some members are waiting in their carrying positions but the team cannot complete and the build has stalled. Re-establish the stuck transport team(s).



[K[A[K[A[K[ASimulating...  71%|████████████████████████████████████              |  ETA: 0:03:07 ( 2.56  s/it)[K
   step_num: 28616[K
   n_closed: 240[K
    n_total: 313[K[A[A[A


[K[A[K[A[K[ASimulating...  71%|████████████████████████████████████              |  ETA: 0:03:07 ( 2.56  s/it)[K
   step_num: 28688[K
   n_closed: 240[K
    n_total: 313[K[A[A[A[ Info: [RESPEC] OOD event: A multi-robot transport team is deadlocked while forming: some members are waiting in their carrying positions but the team cannot complete and the build has stalled. Re-establish the stuck transport team(s).



[K[A[K[A[K[ASimulating...  71%|████████████████████████████████████              |  ETA: 0:03:08 ( 2.57  s/it)[K
   step_num: 28757[K
   n_closed: 240[K
    n_total: 313[K[A[A[A


[K[A[K[A[K[ASimulating...  71%|████████████████████████████████████              |  ETA: 0:03:08 ( 2.58  s/it)[K
   step_num: 28835[K
   n_closed: 240[K
    n_total: 313[K[A[A[A[ Info: [RESPEC] OOD event: A multi-robot transport team is deadlocked while forming: some members are waiting in their carrying positions but the team cannot complete and the build has stalled. Re-establish the stuck transport team(s).



[K[A[K[A[K[ASimulating...  71%|████████████████████████████████████              |  ETA: 0:03:08 ( 2.58  s/it)[K
   step_num: 28918[K
   n_closed: 240[K
    n_total: 313[K[A[A[A[ Info: [RESPEC] OOD event: A multi-robot transport team is deadlocked while forming: some members are waiting in their carrying positions but the team cannot complete and the build has stalled. Re-establish the stuck transport team(s).



[K[A[K[A[K[ASimulating...  71%|████████████████████████████████████              |  ETA: 0:03:09 ( 2.59  s/it)[K
   step_num: 28990[K
   n_closed: 240[K
    n_total: 313[K[A[A[A


[K[A[K[A[K[ASimulating...  71%|████████████████████████████████████              |  ETA: 0:03:09 ( 2.59  s/it)[K
   step_num: 29062[K
   n_closed: 240[K
    n_total: 313[K[A[A[A[ Info: [RESPEC] OOD event: A multi-robot transport team is deadlocked while forming: some members are waiting in their carrying positions but the team cannot complete and the build has stalled. Re-establish the stuck transport team(s).



[K[A[K[A[K[ASimulating...  71%|████████████████████████████████████              |  ETA: 0:03:10 ( 2.60  s/it)[K
   step_num: 29135[K
   n_closed: 240[K
    n_total: 313[K[A[A[A[ Info: [RESPEC] OOD event: A multi-robot transport team is deadlocked while forming: some members are waiting in their carrying positions but the team cannot complete and the build has stalled. Re-establish the stuck transport team(s).



[K[A[K[A[K[ASimulating...  71%|████████████████████████████████████              |  ETA: 0:03:10 ( 2.60  s/it)[K
   step_num: 29219[K
   n_closed: 240[K
    n_total: 313[K[A[A[A


[K[A[K[A[K[ASimulating...  71%|████████████████████████████████████              |  ETA: 0:03:11 ( 2.61  s/it)[K
   step_num: 29291[K
   n_closed: 240[K
    n_total: 313[K[A[A[A[ Info: [RESPEC] OOD event: A multi-robot transport team is deadlocked while forming: some members are waiting in their carrying positions but the team cannot complete and the build has stalled. Re-establish the stuck transport team(s).



[K[A[K[A[K[ASimulating...  71%|████████████████████████████████████              |  ETA: 0:03:11 ( 2.62  s/it)[K
   step_num: 29361[K
   n_closed: 240[K
    n_total: 313[K[A[A[A


[K[A[K[A[K[ASimulating...  71%|████████████████████████████████████              |  ETA: 0:03:11 ( 2.62  s/it)[K
   step_num: 29436[K
   n_closed: 240[K
    n_total: 313[K[A[A[A[ Info: [RESPEC] OOD event: A multi-robot transport team is deadlocked while forming: some members are waiting in their carrying positions but the team cannot complete and the build has stalled. Re-establish the stuck transport team(s).



[K[A[K[A[K[ASimulating...  71%|████████████████████████████████████              |  ETA: 0:03:12 ( 2.63  s/it)[K
   step_num: 29514[K
   n_closed: 240[K
    n_total: 313[K[A[A[A[ Info: [RESPEC] OOD event: A multi-robot transport team is deadlocked while forming: some members are waiting in their carrying positions but the team cannot complete and the build has stalled. Re-establish the stuck transport team(s).



[K[A[K[A[K[ASimulating...  71%|████████████████████████████████████              |  ETA: 0:03:12 ( 2.63  s/it)[K
   step_num: 29584[K
   n_closed: 240[K
    n_total: 313[K[A[A[A


[K[A[K[A[K[ASimulating...  71%|████████████████████████████████████              |  ETA: 0:03:13 ( 2.64  s/it)[K
   step_num: 29657[K
   n_closed: 240[K
    n_total: 313[K[A[A[A[ Info: [RESPEC] OOD event: A multi-robot transport team is deadlocked while forming: some members are waiting in their carrying positions but the team cannot complete and the build has stalled. Re-establish the stuck transport team(s).



[K[A[K[A[K[ASimulating...  71%|████████████████████████████████████              |  ETA: 0:03:13 ( 2.64  s/it)[K
   step_num: 29736[K
   n_closed: 240[K
    n_total: 313[K[A[A[A[ Info: [RESPEC] OOD event: A multi-robot transport team is deadlocked while forming: some members are waiting in their carrying positions but the team cannot complete and the build has stalled. Re-establish the stuck transport team(s).



[K[A[K[A[K[ASimulating...  71%|████████████████████████████████████              |  ETA: 0:03:13 ( 2.65  s/it)[K
   step_num: 29821[K
   n_closed: 240[K
    n_total: 313[K[A[A[A


[K[A[K[A[K[ASimulating...  71%|████████████████████████████████████              |  ETA: 0:03:14 ( 2.66  s/it)[K
   step_num: 29889[K
   n_closed: 240[K
    n_total: 313[K[A[A[A[ Info: [RESPEC] OOD event: A multi-robot transport team is deadlocked while forming: some members are waiting in their carrying positions but the team cannot complete and the build has stalled. Re-establish the stuck transport team(s).



[K[A[K[A[K[ASimulating...  71%|████████████████████████████████████              |  ETA: 0:03:14 ( 2.66  s/it)[K
   step_num: 29961[K
   n_closed: 240[K
    n_total: 313[K[A[A[A


[K[A[K[A[K[ASimulating...  71%|████████████████████████████████████              |  ETA: 0:03:15 ( 2.67  s/it)[K
   step_num: 30037[K
   n_closed: 240[K
    n_total: 313[K[A[A[A[ Info: [RESPEC] OOD event: A multi-robot transport team is deadlocked while forming: some members are waiting in their carrying positions but the team cannot complete and the build has stalled. Re-establish the stuck transport team(s).



[K[A[K[A[K[ASimulating...  71%|████████████████████████████████████              |  ETA: 0:03:15 ( 2.67  s/it)[K
   step_num: 30120[K
   n_closed: 240[K
    n_total: 313[K[A[A[A[ Info: [RESPEC] OOD event: A multi-robot transport team is deadlocked while forming: some members are waiting in their carrying positions but the team cannot complete and the build has stalled. Re-establish the stuck transport team(s).



[K[A[K[A[K[ASimulating...  71%|████████████████████████████████████              |  ETA: 0:03:15 ( 2.68  s/it)[K
   step_num: 30192[K
   n_closed: 240[K
    n_total: 313[K[A[A[A


[K[A[K[A[K[ASimulating...  71%|████████████████████████████████████              |  ETA: 0:03:16 ( 2.68  s/it)[K
   step_num: 30262[K
   n_closed: 240[K
    n_total: 313[K[A[A[A[ Info: [RESPEC] OOD event: A multi-robot transport team is deadlocked while forming: some members are waiting in their carrying positions but the team cannot complete and the build has stalled. Re-establish the stuck transport team(s).



[K[A[K[A[K[ASimulating...  71%|████████████████████████████████████              |  ETA: 0:03:16 ( 2.69  s/it)[K
   step_num: 30337[K
   n_closed: 240[K
    n_total: 313[K[A[A[A[ Info: [RESPEC] OOD event: A multi-robot transport team is deadlocked while forming: some members are waiting in their carrying positions but the team cannot complete and the build has stalled. Re-establish the stuck transport team(s).



[K[A[K[A[K[ASimulating...  71%|████████████████████████████████████              |  ETA: 0:03:17 ( 2.69  s/it)[K
   step_num: 30419[K
   n_closed: 240[K
    n_total: 313[K[A[A[A


[K[A[K[A[K[ASimulating...  71%|████████████████████████████████████              |  ETA: 0:03:17 ( 2.70  s/it)[K
   step_num: 30492[K
   n_closed: 240[K
    n_total: 313[K[A[A[A[ Info: [RESPEC] OOD event: A multi-robot transport team is deadlocked while forming: some members are waiting in their carrying positions but the team cannot complete and the build has stalled. Re-establish the stuck transport team(s).



[K[A[K[A[K[ASimulating...  71%|████████████████████████████████████              |  ETA: 0:03:18 ( 2.71  s/it)[K
   step_num: 30558[K
   n_closed: 240[K
    n_total: 313[K[A[A[A


[K[A[K[A[K[ASimulating...  71%|████████████████████████████████████              |  ETA: 0:03:18 ( 2.71  s/it)[K
   step_num: 30637[K
   n_closed: 240[K
    n_total: 313[K[A[A[A┌ Warning: No progress for 30000 iterations. Terminating.
└ @ ConstructionBots C:\Users\chahj\PythonCodes\venv\ConstructionBots.jl\src\demo_utils.jl:213



[K[A[K[A[K[ASimulating... 100%|██████████████████████████████████████████████████| Time: 0:08:13 ( 1.94  s/it)[K
[ Info: incorporating geometry from C:\Users\chahj\Documents\ldraw\p\4-4edge.dat into C:\Users\chahj\Documents\ldraw\p\stud3.dat
[ Info: incorporating geometry from C:\Users\chahj\Documents\ldraw\p\4-4edge.dat into C:\Users\chahj\Documents\ldraw\p\stud3.dat
[ Info: incorporating geometry from C:\Users\chahj\Documents\ldraw\p\4-4disc.dat into C:\Users\chahj\Documents\ldraw\p\stud3.dat
[ Info: incorporating geometry from C:\Users\chahj\Documents\ldraw\p\4-4cyli.dat into C:\Users\chahj\Documents\ldraw\p\stud3.dat
[ Info: incorporating geometry from C:\Users\chahj\Documents\ldraw\p\stud3.dat into C:\Users\chahj\Documents/ldraw\parts\s\3004s01.dat
[ Info: incorporating geometry from C:\Users\chahj\Documents\ldraw\p\box5.dat into C:\Users\chahj\Documents/ldraw\parts\s\3004s01.dat
[ Info: incorporating geometry from C:\Users\chahj\Documents\ldraw\p\box4t.dat into C:\Users\chahj\Documents/ldraw\parts\s\3004s01.dat
[ Info: incorporating geometry from C:\Users\chahj\Documents\ldraw\p\4-4edge.dat into C:\Users\chahj\Documents\ldraw\p\stud.dat
[ Info: incorporating geometry from C:\Users\chahj\Documents\ldraw\p\4-4edge.dat into C:\Users\chahj\Documents\ldraw\p\stud.dat
[ Info: incorporating geometry from C:\Users\chahj\Documents\ldraw\p\4-4cyli.dat into C:\Users\chahj\Documents\ldraw\p\stud.dat
[ Info: incorporating geometry from C:\Users\chahj\Documents\ldraw\p\4-4disc.dat into C:\Users\chahj\Documents\ldraw\p\stud.dat
[ Info: incorporating geometry from C:\Users\chahj\Documents\ldraw\p\stud.dat into C:\Users\chahj\Documents/ldraw\parts\s\3004s01.dat
[ Info: incorporating geometry from C:\Users\chahj\Documents\ldraw\p\stud.dat into C:\Users\chahj\Documents/ldraw\parts\s\3004s01.dat
[ Info: incorporating geometry from C:\Users\chahj\Documents\ldraw\p\4-4edge.dat into C:\Users\chahj\Documents/ldraw\parts\s\3062bs01.dat
[ Info: incorporating geometry from C:\Users\chahj\Documents\ldraw\p\4-4edge.dat into C:\Users\chahj\Documents/ldraw\parts\s\3062bs01.dat
[ Info: incorporating geometry from C:\Users\chahj\Documents\ldraw\p\4-4edge.dat into C:\Users\chahj\Documents/ldraw\parts\s\3062bs01.dat
[ Info: incorporating geometry from C:\Users\chahj\Documents\ldraw\p\4-4edge.dat into C:\Users\chahj\Documents/ldraw\parts\s\3062bs01.dat
[ Info: incorporating geometry from C:\Users\chahj\Documents\ldraw\p\4-4cyli.dat into C:\Users\chahj\Documents/ldraw\parts\s\3062bs01.dat
[ Info: incorporating geometry from C:\Users\chahj\Documents\ldraw\p\4-4edge.dat into C:\Users\chahj\Documents\ldraw\p\stud2a.dat
[ Info: incorporating geometry from C:\Users\chahj\Documents\ldraw\p\4-4edge.dat into C:\Users\chahj\Documents\ldraw\p\stud2a.dat
[ Info: incorporating geometry from C:\Users\chahj\Documents\ldraw\p\4-4cyli.dat into C:\Users\chahj\Documents\ldraw\p\stud2a.dat
[ Info: incorporating geometry from C:\Users\chahj\Documents\ldraw\p\4-4cyli.dat into C:\Users\chahj\Documents\ldraw\p\stud2a.dat
[ Info: incorporating geometry from C:\Users\chahj\Documents\ldraw\p\4-4ring2.dat into C:\Users\chahj\Documents\ldraw\p\stud2a.dat
[ Info: incorporating geometry from C:\Users\chahj\Documents\ldraw\p\stud2a.dat into C:\Users\chahj\Documents/ldraw\parts\s\3062bs01.dat
[ Info: incorporating geometry from C:\Users\chahj\Documents\ldraw\p\4-4ring3.dat into C:\Users\chahj\Documents/ldraw\parts\s\3062bs01.dat
[ Info: incorporating geometry from C:\Users\chahj\Documents\ldraw\p\4-4ring2.dat into C:\Users\chahj\Documents/ldraw\parts\s\3062bs01.dat
[ Info: incorporating geometry from C:\Users\chahj\Documents\ldraw\p\4-4ring4.dat into C:\Users\chahj\Documents/ldraw\parts\s\3062bs01.dat
[ Info: incorporating geometry from C:\Users\chahj\Documents\ldraw\p\4-4ring4.dat into C:\Users\chahj\Documents/ldraw\parts\s\3062bs01.dat
[ Info: incorporating geometry from C:\Users\chahj\Documents\ldraw\p\4-4edge.dat into C:\Users\chahj\Documents\ldraw\p\4-4cylo.dat
[ Info: incorporating geometry from C:\Users\chahj\Documents\ldraw\p\4-4edge.dat into C:\Users\chahj\Documents\ldraw\p\4-4cylo.dat
[ Info: incorporating geometry from C:\Users\chahj\Documents\ldraw\p\4-4cyli.dat into C:\Users\chahj\Documents\ldraw\p\4-4cylo.dat
[ Info: incorporating geometry from C:\Users\chahj\Documents\ldraw\p\4-4cylo.dat into C:\Users\chahj\Documents/ldraw\parts\s\3062bs01.dat
[ Info: incorporating geometry from C:\Users\chahj\Documents\ldraw\p\4-4ring3.dat into C:\Users\chahj\Documents\ldraw\p\stud4od.dat
[ Info: incorporating geometry from C:\Users\chahj\Documents\ldraw\p\4-4cylo.dat into C:\Users\chahj\Documents\ldraw\p\stud4od.dat
[ Info: incorporating geometry from C:\Users\chahj\Documents\ldraw\p\stud4od.dat into C:\Users\chahj\Documents/ldraw\parts\s\3062bs01.dat
[ Info: incorporating geometry from C:\Users\chahj\Documents/ldraw\parts\s\3062bs01.dat into C:\Users\chahj\Documents\ldraw\parts\3062b.dat
[ Info: incorporating geometry from C:\Users\chahj\Documents\ldraw\p\4-4cyli.dat into C:\Users\chahj\Documents\ldraw\parts\3062b.dat
[ Info: incorporating geometry from C:\Users\chahj\Documents\ldraw\p\1-8ring17.dat into C:\Users\chahj\Documents/ldraw\parts\s\4624s01.dat
[ Info: incorporating geometry from C:\Users\chahj\Documents\ldraw\p\1-8ring9.dat into C:\Users\chahj\Documents/ldraw\parts\s\4624s01.dat
[ Info: incorporating geometry from C:\Users\chahj\Documents\ldraw\p\empty.dat into C:\Users\chahj\Documents\ldraw\p\1-16chrd.dat
[ Info: incorporating geometry from C:\Users\chahj\Documents\ldraw\p\1-16chrd.dat into C:\Users\chahj\Documents/ldraw\parts\s\4624s01.dat
[ Info: incorporating geometry from C:\Users\chahj\Documents\ldraw\p\1-8disc.dat into C:\Users\chahj\Documents/ldraw\parts\s\4624s01.dat
[ Info: incorporating geometry from C:\Users\chahj\Documents\ldraw\p\1-8ring4.dat into C:\Users\chahj\Documents/ldraw\parts\s\4624s01.dat
[ Info: incorporating geometry from C:\Users\chahj\Documents\ldraw\p\1-8ring3.dat into C:\Users\chahj\Documents/ldraw\parts\s\4624s01.dat
[ Info: incorporating geometry from C:\Users\chahj\Documents\ldraw\p\1-16chrd.dat into C:\Users\chahj\Documents/ldraw\parts\s\4624s01.dat
[ Info: incorporating geometry from C:\Users\chahj\Documents\ldraw\p\1-16ring2.dat into C:\Users\chahj\Documents/ldraw\parts\s\4624s01.dat
[ Info: incorporating geometry from C:\Users\chahj\Documents\ldraw\p\1-16con3.dat into C:\Users\chahj\Documents/ldraw\parts\s\4624s01.dat
[ Info: incorporating geometry from C:\Users\chahj\Documents\ldraw\p\1-16con16.dat into C:\Users\chahj\Documents/ldraw\parts\s\4624s01.dat
[ Info: incorporating geometry from C:\Users\chahj\Documents\ldraw\p\1-16edge.dat into C:\Users\chahj\Documents/ldraw\parts\s\4624s01.dat
[ Info: incorporating geometry from C:\Users\chahj\Documents\ldraw\p\1-16ring2.dat into C:\Users\chahj\Documents/ldraw\parts\s\4624s01.dat
[ Info: incorporating geometry from C:\Users\chahj\Documents\ldraw\p\1-8disc.dat into C:\Users\chahj\Documents/ldraw\parts\s\4624s01.dat
[ Info: incorporating geometry from C:\Users\chahj\Documents\ldraw\p\1-16cyli.dat into C:\Users\chahj\Documents\ldraw\p\1-16cylo.dat
[ Info: incorporating geometry from C:\Users\chahj\Documents\ldraw\p\1-16edge.dat into C:\Users\chahj\Documents\ldraw\p\1-16cylo.dat
[ Info: incorporating geometry from C:\Users\chahj\Documents\ldraw\p\1-16edge.dat into C:\Users\chahj\Documents\ldraw\p\1-16cylo.dat
[ Info: incorporating geometry from C:\Users\chahj\Documents\ldraw\p\1-16cylo.dat into C:\Users\chahj\Documents/ldraw\parts\s\4624s01.dat
[ Info: incorporating geometry from C:\Users\chahj\Documents\ldraw\p\rect.dat into C:\Users\chahj\Documents/ldraw\parts\s\4624s01.dat
[ Info: incorporating geometry from C:\Users\chahj\Documents\ldraw\p\1-16cylo.dat into C:\Users\chahj\Documents/ldraw\parts\s\4624s01.dat
[ Info: incorporating geometry from C:\Users\chahj\Documents\ldraw\p\1-16cyli.dat into C:\Users\chahj\Documents/ldraw\parts\s\4624s01.dat
[ Info: incorporating geometry from C:\Users\chahj\Documents\ldraw\p\1-16edge.dat into C:\Users\chahj\Documents/ldraw\parts\s\4624s01.dat
[ Info: incorporating geometry from C:\Users\chahj\Documents\ldraw\p\1-16edge.dat into C:\Users\chahj\Documents/ldraw\parts\s\4624s01.dat
[ Info: incorporating geometry from C:\Users\chahj\Documents\ldraw\p\rect2p.dat into C:\Users\chahj\Documents/ldraw\parts\s\4624s01.dat
[ Info: incorporating geometry from C:\Users\chahj\Documents\ldraw\p\1-8edge.dat into C:\Users\chahj\Documents\ldraw\p\1-8cylo.dat
[ Info: incorporating geometry from C:\Users\chahj\Documents\ldraw\p\1-8edge.dat into C:\Users\chahj\Documents\ldraw\p\1-8cylo.dat
[ Info: incorporating geometry from C:\Users\chahj\Documents\ldraw\p\1-8cyli.dat into C:\Users\chahj\Documents\ldraw\p\1-8cylo.dat
[ Info: incorporating geometry from C:\Users\chahj\Documents\ldraw\p\1-8cylo.dat into C:\Users\chahj\Documents/ldraw\parts\s\4624s01.dat
[ Info: incorporating geometry from C:\Users\chahj\Documents\ldraw\p\1-8con4.dat into C:\Users\chahj\Documents/ldraw\parts\s\4624s01.dat
[ Info: incorporating geometry from C:\Users\chahj\Documents\ldraw\p\1-8cylo.dat into C:\Users\chahj\Documents/ldraw\parts\s\4624s01.dat
[ Info: incorporating geometry from C:\Users\chahj\Documents\ldraw\p\1-8con4.dat into C:\Users\chahj\Documents/ldraw\parts\s\4624s01.dat
[ Info: incorporating geometry from C:\Users\chahj\Documents\ldraw\p\1-8cylo.dat into C:\Users\chahj\Documents/ldraw\parts\s\4624s01.dat
[ Info: incorporating geometry from C:\Users\chahj\Documents/ldraw\parts\s\4624s01.dat into C:\Users\chahj\Documents\ldraw\parts\4624.dat
[ Info: incorporating geometry from C:\Users\chahj\Documents/ldraw\parts\s\4624s01.dat into C:\Users\chahj\Documents\ldraw\parts\4624.dat
[ Info: incorporating geometry from C:\Users\chahj\Documents/ldraw\parts\s\4624s01.dat into C:\Users\chahj\Documents\ldraw\parts\4624.dat
[ Info: incorporating geometry from C:\Users\chahj\Documents/ldraw\parts\s\4624s01.dat into C:\Users\chahj\Documents\ldraw\parts\4624.dat
[ Info: incorporating geometry from C:\Users\chahj\Documents/ldraw\parts\s\4624s01.dat into C:\Users\chahj\Documents\ldraw\parts\4624.dat
[ Info: incorporating geometry from C:\Users\chahj\Documents/ldraw\parts\s\4624s01.dat into C:\Users\chahj\Documents\ldraw\parts\4624.dat
[ Info: incorporating geometry from C:\Users\chahj\Documents/ldraw\parts\s\4624s01.dat into C:\Users\chahj\Documents\ldraw\parts\4624.dat
[ Info: incorporating geometry from C:\Users\chahj\Documents/ldraw\parts\s\4624s01.dat into C:\Users\chahj\Documents\ldraw\parts\4624.dat
[ Info: incorporating geometry from C:\Users\chahj\Documents\ldraw\p\4-4edge.dat into C:\Users\chahj\Documents\ldraw\p\stud4.dat
[ Info: incorporating geometry from C:\Users\chahj\Documents\ldraw\p\4-4edge.dat into C:\Users\chahj\Documents\ldraw\p\stud4.dat
[ Info: incorporating geometry from C:\Users\chahj\Documents\ldraw\p\4-4edge.dat into C:\Users\chahj\Documents\ldraw\p\stud4.dat
[ Info: incorporating geometry from C:\Users\chahj\Documents\ldraw\p\4-4edge.dat into C:\Users\chahj\Documents\ldraw\p\stud4.dat
[ Info: incorporating geometry from C:\Users\chahj\Documents\ldraw\p\4-4cyli.dat into C:\Users\chahj\Documents\ldraw\p\stud4.dat
[ Info: incorporating geometry from C:\Users\chahj\Documents\ldraw\p\4-4cyli.dat into C:\Users\chahj\Documents\ldraw\p\stud4.dat
[ Info: incorporating geometry from C:\Users\chahj\Documents\ldraw\p\4-4ring3.dat into C:\Users\chahj\Documents\ldraw\p\stud4.dat
[ Info: incorporating geometry from C:\Users\chahj\Documents\ldraw\p\stud4.dat into C:\Users\chahj\Documents/ldraw\parts\s\3001s01.dat
[ Info: incorporating geometry from C:\Users\chahj\Documents\ldraw\p\stud4.dat into C:\Users\chahj\Documents/ldraw\parts\s\3001s01.dat
[ Info: incorporating geometry from C:\Users\chahj\Documents\ldraw\p\stud4.dat into C:\Users\chahj\Documents/ldraw\parts\s\3001s01.dat
[ Info: incorporating geometry from C:\Users\chahj\Documents\ldraw\p\box5.dat into C:\Users\chahj\Documents/ldraw\parts\s\3001s01.dat
[ Info: incorporating geometry from C:\Users\chahj\Documents\ldraw\p\box3u2p.dat into C:\Users\chahj\Documents/ldraw\parts\s\3001s01.dat
[ Info: incorporating geometry from C:\Users\chahj\Documents\ldraw\p\stud.dat into C:\Users\chahj\Documents/ldraw\parts\s\3001s01.dat
[ Info: incorporating geometry from C:\Users\chahj\Documents\ldraw\p\stud.dat into C:\Users\chahj\Documents/ldraw\parts\s\3001s01.dat
[ Info: incorporating geometry from C:\Users\chahj\Documents\ldraw\p\stud.dat into C:\Users\chahj\Documents/ldraw\parts\s\3001s01.dat
[ Info: incorporating geometry from C:\Users\chahj\Documents\ldraw\p\stud.dat into C:\Users\chahj\Documents/ldraw\parts\s\3001s01.dat
[ Info: incorporating geometry from C:\Users\chahj\Documents\ldraw\p\stud.dat into C:\Users\chahj\Documents/ldraw\parts\s\3001s01.dat
[ Info: incorporating geometry from C:\Users\chahj\Documents\ldraw\p\stud.dat into C:\Users\chahj\Documents/ldraw\parts\s\3001s01.dat
[ Info: incorporating geometry from C:\Users\chahj\Documents\ldraw\p\stud.dat into C:\Users\chahj\Documents/ldraw\parts\s\3001s01.dat
[ Info: incorporating geometry from C:\Users\chahj\Documents\ldraw\p\stud.dat into C:\Users\chahj\Documents/ldraw\parts\s\3001s01.dat
[ Info: incorporating geometry from C:\Users\chahj\Documents\ldraw\p\1-16tndis.dat into C:\Users\chahj\Documents\ldraw\p\st4jfil4.dat
[ Info: incorporating geometry from C:\Users\chahj\Documents\ldraw\p\1-16tndis.dat into C:\Users\chahj\Documents\ldraw\p\st4jfil4.dat
[ Info: incorporating geometry from C:\Users\chahj\Documents/ldraw\parts\s\3001s01.dat into C:\Users\chahj\Documents\ldraw\parts\3001.dat
[ Info: incorporating geometry from C:\Users\chahj\Documents\ldraw\p\1-4edge.dat into C:\Users\chahj\Documents\ldraw\p\wpin2.dat
[ Info: incorporating geometry from C:\Users\chahj\Documents\ldraw\p\1-4edge.dat into C:\Users\chahj\Documents\ldraw\p\wpin2.dat
[ Info: incorporating geometry from C:\Users\chahj\Documents\ldraw\p\1-4cyli.dat into C:\Users\chahj\Documents\ldraw\p\wpin2.dat
[ Info: incorporating geometry from C:\Users\chahj\Documents\ldraw\p\1-4chrd.dat into C:\Users\chahj\Documents\ldraw\p\wpin2.dat
[ Info: incorporating geometry from C:\Users\chahj\Documents\ldraw\p\1-4chrd.dat into C:\Users\chahj\Documents\ldraw\p\wpin2.dat
[ Info: incorporating geometry from C:\Users\chahj\Documents\ldraw\p\3-8chrd.dat into C:\Users\chahj\Documents\ldraw\p\wpin.dat
[ Info: incorporating geometry from C:\Users\chahj\Documents\ldraw\p\3-8chrd.dat into C:\Users\chahj\Documents\ldraw\p\wpin.dat
[ Info: incorporating geometry from C:\Users\chahj\Documents\ldraw\p\3-8cyli.dat into C:\Users\chahj\Documents\ldraw\p\wpin.dat
[ Info: incorporating geometry from C:\Users\chahj\Documents\ldraw\p\3-8edge.dat into C:\Users\chahj\Documents\ldraw\p\3-8cylo.dat
[ Info: incorporating geometry from C:\Users\chahj\Documents\ldraw\p\3-8edge.dat into C:\Users\chahj\Documents\ldraw\p\3-8cylo.dat
[ Info: incorporating geometry from C:\Users\chahj\Documents\ldraw\p\3-8cyli.dat into C:\Users\chahj\Documents\ldraw\p\3-8cylo.dat
[ Info: incorporating geometry from C:\Users\chahj\Documents\ldraw\p\3-8cylo.dat into C:\Users\chahj\Documents\ldraw\p\wpin.dat
[ Info: incorporating geometry from C:\Users\chahj\Documents\ldraw\p\3-8edge.dat into C:\Users\chahj\Documents\ldraw\p\wpin.dat
[ Info: incorporating geometry from C:\Users\chahj\Documents\ldraw\p\3-8edge.dat into C:\Users\chahj\Documents\ldraw\p\wpin.dat
[ Info: incorporating geometry from C:\Users\chahj\Documents\ldraw\p\3-8cylo.dat into C:\Users\chahj\Documents\ldraw\p\wpin.dat
[ Info: incorporating geometry from C:\Users\chahj\Documents\ldraw\p\3-8cylo.dat into C:\Users\chahj\Documents\ldraw\p\wpin.dat
[ Info: incorporating geometry from C:\Users\chahj\Documents\ldraw\p\1-16cyli.dat into C:\Users\chahj\Documents\ldraw\p\wpin.dat
[ Info: incorporating geometry from C:\Users\chahj\Documents\ldraw\p\1-16cyli.dat into C:\Users\chahj\Documents\ldraw\p\wpin.dat
[ Info: incorporating geometry from C:\Users\chahj\Documents\ldraw\p\1-16edge.dat into C:\Users\chahj\Documents\ldraw\p\wpin.dat
[ Info: incorporating geometry from C:\Users\chahj\Documents\ldraw\p\1-16edge.dat into C:\Users\chahj\Documents\ldraw\p\wpin.dat
[ Info: incorporating geometry from C:\Users\chahj\Documents\ldraw\p\1-16cyli.dat into C:\Users\chahj\Documents\ldraw\p\wpin.dat
[ Info: incorporating geometry from C:\Users\chahj\Documents\ldraw\p\1-16cyli.dat into C:\Users\chahj\Documents\ldraw\p\wpin.dat
[ Info: incorporating geometry from C:\Users\chahj\Documents\ldraw\p\1-16edge.dat into C:\Users\chahj\Documents\ldraw\p\wpin.dat
[ Info: incorporating geometry from C:\Users\chahj\Documents\ldraw\p\1-16edge.dat into C:\Users\chahj\Documents\ldraw\p\wpin.dat
[ Info: incorporating geometry from C:\Users\chahj\Documents\ldraw\p\3-8ring12.dat into C:\Users\chahj\Documents\ldraw\p\wpin.dat
[ Info: incorporating geometry from C:\Users\chahj\Documents\ldraw\p\3-8ring12.dat into C:\Users\chahj\Documents\ldraw\p\wpin.dat
[ Info: incorporating geometry from C:\Users\chahj\Documents\ldraw\p\3-8edge.dat into C:\Users\chahj\Documents\ldraw\p\wpin.dat
[ Info: incorporating geometry from C:\Users\chahj\Documents\ldraw\p\3-8edge.dat into C:\Users\chahj\Documents\ldraw\p\wpin.dat
[ Info: incorporating geometry from C:\Users\chahj\Documents/ldraw\p\8\1-4edge.dat into C:\Users\chahj\Documents\ldraw\p\wpin.dat
[ Info: incorporating geometry from C:\Users\chahj\Documents/ldraw\p\8\1-4edge.dat into C:\Users\chahj\Documents\ldraw\p\wpin.dat
[ Info: incorporating geometry from C:\Users\chahj\Documents/ldraw\p\8\1-4edge.dat into C:\Users\chahj\Documents\ldraw\p\wpin.dat
[ Info: incorporating geometry from C:\Users\chahj\Documents/ldraw\p\8\1-4edge.dat into C:\Users\chahj\Documents\ldraw\p\wpin.dat
[ Info: incorporating geometry from C:\Users\chahj\Documents/ldraw\p\8\1-4ndis.dat into C:\Users\chahj\Documents\ldraw\p\wpin.dat
[ Info: incorporating geometry from C:\Users\chahj\Documents/ldraw\p\8\1-4ndis.dat into C:\Users\chahj\Documents\ldraw\p\wpin.dat
[ Info: incorporating geometry from C:\Users\chahj\Documents/ldraw\p\8\1-4ndis.dat into C:\Users\chahj\Documents\ldraw\p\wpin.dat
[ Info: incorporating geometry from C:\Users\chahj\Documents/ldraw\p\8\1-4ndis.dat into C:\Users\chahj\Documents\ldraw\p\wpin.dat
[ Info: incorporating geometry from C:\Users\chahj\Documents/ldraw\p\8\1-4cyli.dat into C:\Users\chahj\Documents\ldraw\p\wpin.dat
[ Info: incorporating geometry from C:\Users\chahj\Documents/ldraw\p\8\1-4cyli.dat into C:\Users\chahj\Documents\ldraw\p\wpin.dat
[ Info: incorporating geometry from C:\Users\chahj\Documents/ldraw\p\8\1-4cyls.dat into C:\Users\chahj\Documents\ldraw\p\wpin.dat
[ Info: incorporating geometry from C:\Users\chahj\Documents/ldraw\p\8\1-4cyls.dat into C:\Users\chahj\Documents\ldraw\p\wpin.dat
[ Info: incorporating geometry from C:\Users\chahj\Documents\ldraw\p\wpin.dat into C:\Users\chahj\Documents\ldraw\p\wpin2a.dat
[ Info: incorporating geometry from C:\Users\chahj\Documents\ldraw\p\1-4edge.dat into C:\Users\chahj\Documents\ldraw\p\1-4cylo.dat
[ Info: incorporating geometry from C:\Users\chahj\Documents\ldraw\p\1-4edge.dat into C:\Users\chahj\Documents\ldraw\p\1-4cylo.dat
[ Info: incorporating geometry from C:\Users\chahj\Documents\ldraw\p\1-4cyli.dat into C:\Users\chahj\Documents\ldraw\p\1-4cylo.dat
[ Info: incorporating geometry from C:\Users\chahj\Documents\ldraw\p\1-4cylo.dat into C:\Users\chahj\Documents\ldraw\p\wpin2a.dat
[ Info: incorporating geometry from C:\Users\chahj\Documents\ldraw\p\1-4chrd.dat into C:\Users\chahj\Documents\ldraw\p\wpin2a.dat
[ Info: incorporating geometry from C:\Users\chahj\Documents\ldraw\p\wpin2a.dat into C:\Users\chahj\Documents\ldraw\p\wpin2.dat
[ Info: incorporating geometry from C:\Users\chahj\Documents\ldraw\p\stud3.dat into C:\Users\chahj\Documents/ldraw\parts\s\3023bs01.dat
[ Info: incorporating geometry from C:\Users\chahj\Documents\ldraw\p\box5.dat into C:\Users\chahj\Documents/ldraw\parts\s\3023bs01.dat
[ Info: incorporating geometry from C:\Users\chahj\Documents\ldraw\p\box4t.dat into C:\Users\chahj\Documents/ldraw\parts\s\3023bs01.dat
[ Info: incorporating geometry from C:\Users\chahj\Documents\ldraw\p\stud.dat into C:\Users\chahj\Documents\ldraw\p\stug-1x2.dat
[ Info: incorporating geometry from C:\Users\chahj\Documents\ldraw\p\stud.dat into C:\Users\chahj\Documents\ldraw\p\stug-1x2.dat
[ Info: incorporating geometry from C:\Users\chahj\Documents\ldraw\p\stug-1x2.dat into C:\Users\chahj\Documents/ldraw\parts\s\3023bs01.dat
[ Info: incorporating geometry from C:\Users\chahj\Documents/ldraw\parts\s\3004s01.dat into C:\Users\chahj\Documents\ldraw\parts\3004.dat
[ Info: incorporating geometry from C:\Users\chahj\Documents\ldraw\p\stug-1x2.dat into C:\Users\chahj\Documents/ldraw\parts\s\3039s01.dat
[ Info: incorporating geometry from C:\Users\chahj\Documents\ldraw\p\4-4edge.dat into C:\Users\chahj\Documents\ldraw\p\stud4a.dat
[ Info: incorporating geometry from C:\Users\chahj\Documents\ldraw\p\4-4edge.dat into C:\Users\chahj\Documents\ldraw\p\stud4a.dat
[ Info: incorporating geometry from C:\Users\chahj\Documents\ldraw\p\4-4cyli.dat into C:\Users\chahj\Documents\ldraw\p\stud4a.dat
[ Info: incorporating geometry from C:\Users\chahj\Documents\ldraw\p\4-4cyli.dat into C:\Users\chahj\Documents\ldraw\p\stud4a.dat
[ Info: incorporating geometry from C:\Users\chahj\Documents\ldraw\p\4-4ring3.dat into C:\Users\chahj\Documents\ldraw\p\stud4a.dat
[ Info: incorporating geometry from C:\Users\chahj\Documents\ldraw\p\stud4a.dat into C:\Users\chahj\Documents/ldraw\parts\s\3039s01.dat
[ Info: incorporating geometry from C:\Users\chahj\Documents\ldraw\p\2-4cyli.dat into C:\Users\chahj\Documents/ldraw\parts\s\3039s01.dat
[ Info: incorporating geometry from C:\Users\chahj\Documents\ldraw\p\2-4cyli.dat into C:\Users\chahj\Documents/ldraw\parts\s\3039s01.dat
[ Info: incorporating geometry from C:\Users\chahj\Documents\ldraw\p\1-4cyls.dat into C:\Users\chahj\Documents/ldraw\parts\s\3039s01.dat
[ Info: incorporating geometry from C:\Users\chahj\Documents\ldraw\p\1-4cyls.dat into C:\Users\chahj\Documents/ldraw\parts\s\3039s01.dat
[ Info: incorporating geometry from C:\Users\chahj\Documents\ldraw\p\2-4cyli.dat into C:\Users\chahj\Documents/ldraw\parts\s\3039s01.dat
[ Info: incorporating geometry from C:\Users\chahj\Documents\ldraw\p\1-4cyls.dat into C:\Users\chahj\Documents/ldraw\parts\s\3039s01.dat
[ Info: incorporating geometry from C:\Users\chahj\Documents\ldraw\p\1-4cyls.dat into C:\Users\chahj\Documents/ldraw\parts\s\3039s01.dat
[ Info: incorporating geometry from C:\Users\chahj\Documents\ldraw\p\2-4edge.dat into C:\Users\chahj\Documents/ldraw\parts\s\3039s01.dat
[ Info: incorporating geometry from C:\Users\chahj\Documents\ldraw\p\2-4edge.dat into C:\Users\chahj\Documents/ldraw\parts\s\3039s01.dat
[ Info: incorporating geometry from C:\Users\chahj\Documents\ldraw\p\2-4edge.dat into C:\Users\chahj\Documents/ldraw\parts\s\3039s01.dat
[ Info: incorporating geometry from C:\Users\chahj\Documents\ldraw\p\2-4edge.dat into C:\Users\chahj\Documents/ldraw\parts\s\3039s01.dat
[ Info: incorporating geometry from C:\Users\chahj\Documents\ldraw\p\2-4chrd.dat into C:\Users\chahj\Documents/ldraw\parts\s\3039s01.dat
[ Info: incorporating geometry from C:\Users\chahj\Documents\ldraw\p\2-4ndis.dat into C:\Users\chahj\Documents/ldraw\parts\s\3039s01.dat
[ Info: incorporating geometry from C:\Users\chahj\Documents\ldraw\p\2-4chrd.dat into C:\Users\chahj\Documents/ldraw\parts\s\3039s01.dat
[ Info: incorporating geometry from C:\Users\chahj\Documents\ldraw\p\2-4ndis.dat into C:\Users\chahj\Documents/ldraw\parts\s\3039s01.dat
[ Info: incorporating geometry from C:\Users\chahj\Documents\ldraw\p\box3u4a.dat into C:\Users\chahj\Documents/ldraw\parts\s\3039s01.dat
[ Info: incorporating geometry from C:\Users\chahj\Documents\ldraw\p\rect.dat into C:\Users\chahj\Documents/ldraw\parts\s\3039s01.dat
[ Info: incorporating geometry from C:\Users\chahj\Documents\ldraw\p\box4-4a.dat into C:\Users\chahj\Documents/ldraw\parts\s\3039s01.dat
[ Info: incorporating geometry from C:\Users\chahj\Documents\ldraw\p\rect.dat into C:\Users\chahj\Documents/ldraw\parts\s\3039s01.dat
[ Info: incorporating geometry from C:\Users\chahj\Documents/ldraw\parts\s\3039s01.dat into C:\Users\chahj\Documents\ldraw\parts\3039.dat
[ Info: incorporating geometry from C:\Users\chahj\Documents\ldraw\p\stud4.dat into C:\Users\chahj\Documents\ldraw\parts\3022.dat
[ Info: incorporating geometry from C:\Users\chahj\Documents\ldraw\p\box5.dat into C:\Users\chahj\Documents\ldraw\parts\3022.dat
[ Info: incorporating geometry from C:\Users\chahj\Documents\ldraw\p\box5.dat into C:\Users\chahj\Documents\ldraw\parts\3022.dat
[ Info: incorporating geometry from C:\Users\chahj\Documents\ldraw\p\stud.dat into C:\Users\chahj\Documents\ldraw\parts\3022.dat
[ Info: incorporating geometry from C:\Users\chahj\Documents\ldraw\p\stud.dat into C:\Users\chahj\Documents\ldraw\parts\3022.dat
[ Info: incorporating geometry from C:\Users\chahj\Documents\ldraw\p\stud.dat into C:\Users\chahj\Documents\ldraw\parts\3022.dat
[ Info: incorporating geometry from C:\Users\chahj\Documents\ldraw\p\stud.dat into C:\Users\chahj\Documents\ldraw\parts\3022.dat
[ Info: incorporating geometry from C:\Users\chahj\Documents\ldraw\p\rect3.dat into C:\Users\chahj\Documents/ldraw\parts\s\87697s01.dat
[ Info: incorporating geometry from C:\Users\chahj\Documents\ldraw\p\rect1.dat into C:\Users\chahj\Documents/ldraw\parts\s\87697s01.dat
[ Info: incorporating geometry from C:\Users\chahj\Documents\ldraw\p\rect.dat into C:\Users\chahj\Documents/ldraw\parts\s\87697s01.dat
[ Info: incorporating geometry from C:\Users\chahj\Documents\ldraw\p\4-4edge.dat into C:\Users\chahj\Documents/ldraw\parts\s\6014s01.dat
[ Info: incorporating geometry from C:\Users\chahj\Documents\ldraw\p\3-8edge.dat into C:\Users\chahj\Documents/ldraw\parts\s\6014s01.dat
[ Info: incorporating geometry from C:\Users\chahj\Documents\ldraw\p\3-8edge.dat into C:\Users\chahj\Documents/ldraw\parts\s\6014s01.dat
[ Info: incorporating geometry from C:\Users\chahj\Documents\ldraw\p\1-4edge.dat into C:\Users\chahj\Documents/ldraw\parts\s\6014s01.dat
[ Info: incorporating geometry from C:\Users\chahj\Documents\ldraw\p\1-4edge.dat into C:\Users\chahj\Documents/ldraw\parts\s\6014s01.dat
[ Info: incorporating geometry from C:\Users\chahj\Documents\ldraw\p\4-4edge.dat into C:\Users\chahj\Documents/ldraw\parts\s\6014s01.dat
[ Info: incorporating geometry from C:\Users\chahj\Documents\ldraw\p\4-4edge.dat into C:\Users\chahj\Documents/ldraw\parts\s\6014s01.dat
[ Info: incorporating geometry from C:\Users\chahj\Documents\ldraw\p\4-4con4.dat into C:\Users\chahj\Documents/ldraw\parts\s\6014s01.dat
[ Info: incorporating geometry from C:\Users\chahj\Documents\ldraw\p\4-4con10.dat into C:\Users\chahj\Documents/ldraw\parts\s\6014s01.dat
[ Info: incorporating geometry from C:\Users\chahj\Documents\ldraw\p\4-4edge.dat into C:\Users\chahj\Documents/ldraw\parts\s\6014s01.dat
[ Info: incorporating geometry from C:\Users\chahj\Documents\ldraw\p\1-4ring3.dat into C:\Users\chahj\Documents/ldraw\parts\s\6014s01.dat
[ Info: incorporating geometry from C:\Users\chahj\Documents\ldraw\p\1-4ring3.dat into C:\Users\chahj\Documents/ldraw\parts\s\6014s01.dat
[ Info: incorporating geometry from C:\Users\chahj\Documents\ldraw\p\4-4disc.dat into C:\Users\chahj\Documents/ldraw\parts\s\6014s01.dat
[ Info: incorporating geometry from C:\Users\chahj\Documents\ldraw\p\1-8cylo.dat into C:\Users\chahj\Documents/ldraw\parts\s\6014s01.dat
[ Info: incorporating geometry from C:\Users\chahj\Documents\ldraw\p\1-8cylo.dat into C:\Users\chahj\Documents/ldraw\parts\s\6014s01.dat
[ Info: incorporating geometry from C:\Users\chahj\Documents\ldraw\p\1-8cylo.dat into C:\Users\chahj\Documents/ldraw\parts\s\6014s01.dat
[ Info: incorporating geometry from C:\Users\chahj\Documents\ldraw\p\1-8cylo.dat into C:\Users\chahj\Documents/ldraw\parts\s\6014s01.dat
[ Info: incorporating geometry from C:\Users\chahj\Documents\ldraw\p\1-8chrd.dat into C:\Users\chahj\Documents/ldraw\parts\s\6014s01.dat
[ Info: incorporating geometry from C:\Users\chahj\Documents\ldraw\p\1-8chrd.dat into C:\Users\chahj\Documents/ldraw\parts\s\6014s01.dat
[ Info: incorporating geometry from C:\Users\chahj\Documents\ldraw\p\1-4ring4.dat into C:\Users\chahj\Documents/ldraw\parts\s\6014s01.dat
[ Info: incorporating geometry from C:\Users\chahj\Documents\ldraw\p\1-4ring4.dat into C:\Users\chahj\Documents/ldraw\parts\s\6014s01.dat
[ Info: incorporating geometry from C:\Users\chahj\Documents\ldraw\p\1-4cyli.dat into C:\Users\chahj\Documents/ldraw\parts\s\6014s01.dat
[ Info: incorporating geometry from C:\Users\chahj\Documents\ldraw\p\1-4cyli.dat into C:\Users\chahj\Documents/ldraw\parts\s\6014s01.dat
[ Info: incorporating geometry from C:\Users\chahj\Documents\ldraw\p\4-4edge.dat into C:\Users\chahj\Documents/ldraw\parts\s\6014s01.dat
[ Info: incorporating geometry from C:\Users\chahj\Documents\ldraw\p\4-4cylo.dat into C:\Users\chahj\Documents/ldraw\parts\s\6014s01.dat
[ Info: incorporating geometry from C:\Users\chahj\Documents\ldraw\p\4-4cylo.dat into C:\Users\chahj\Documents/ldraw\parts\s\6014s01.dat
[ Info: incorporating geometry from C:\Users\chahj\Documents\ldraw\p\4-4cyli.dat into C:\Users\chahj\Documents/ldraw\parts\s\6014s01.dat
[ Info: incorporating geometry from C:\Users\chahj\Documents\ldraw\p\3-8cyli.dat into C:\Users\chahj\Documents/ldraw\parts\s\6014s01.dat
[ Info: incorporating geometry from C:\Users\chahj\Documents\ldraw\p\3-8cyli.dat into C:\Users\chahj\Documents/ldraw\parts\s\6014s01.dat
[ Info: incorporating geometry from C:\Users\chahj\Documents\ldraw\p\4-4con5.dat into C:\Users\chahj\Documents/ldraw\parts\s\6014s01.dat
[ Info: incorporating geometry from C:\Users\chahj\Documents\ldraw\p\4-4con12.dat into C:\Users\chahj\Documents/ldraw\parts\s\6014s01.dat
[ Info: incorporating geometry from C:\Users\chahj\Documents\ldraw\p\1-4con5.dat into C:\Users\chahj\Documents/ldraw\parts\s\6014s01.dat
[ Info: incorporating geometry from C:\Users\chahj\Documents\ldraw\p\1-4con5.dat into C:\Users\chahj\Documents/ldraw\parts\s\6014s01.dat
[ Info: incorporating geometry from C:\Users\chahj\Documents\ldraw\p\3-8con12.dat into C:\Users\chahj\Documents/ldraw\parts\s\6014s01.dat
[ Info: incorporating geometry from C:\Users\chahj\Documents\ldraw\p\3-8con12.dat into C:\Users\chahj\Documents/ldraw\parts\s\6014s01.dat
[ Info: incorporating geometry from C:\Users\chahj\Documents\ldraw\p\1-4cyli.dat into C:\Users\chahj\Documents/ldraw\parts\s\6014s01.dat
[ Info: incorporating geometry from C:\Users\chahj\Documents\ldraw\p\1-4cyli.dat into C:\Users\chahj\Documents/ldraw\parts\s\6014s01.dat
[ Info: incorporating geometry from C:\Users\chahj\Documents\ldraw\p\4-4cylo.dat into C:\Users\chahj\Documents/ldraw\parts\s\6014s01.dat
[ Info: incorporating geometry from C:\Users\chahj\Documents\ldraw\p\4-4cylo.dat into C:\Users\chahj\Documents/ldraw\parts\s\6014s01.dat
[ Info: incorporating geometry from C:\Users\chahj\Documents\ldraw\p\4-4ring11.dat into C:\Users\chahj\Documents/ldraw\parts\s\6014s01.dat
[ Info: incorporating geometry from C:\Users\chahj\Documents\ldraw\p\4-4ring12.dat into C:\Users\chahj\Documents/ldraw\parts\s\6014s01.dat
[ Info: incorporating geometry from C:\Users\chahj\Documents\ldraw\p\4-4ring11.dat into C:\Users\chahj\Documents/ldraw\parts\s\6014s01.dat
[ Info: incorporating geometry from C:\Users\chahj\Documents\ldraw\p\4-4ring12.dat into C:\Users\chahj\Documents/ldraw\parts\s\6014s01.dat
[ Info: incorporating geometry from C:\Users\chahj\Documents\ldraw\p\4-4ring9.dat into C:\Users\chahj\Documents/ldraw\parts\s\6014s01.dat
[ Info: incorporating geometry from C:\Users\chahj\Documents\ldraw\p\4-4ring10.dat into C:\Users\chahj\Documents/ldraw\parts\s\6014s01.dat
[ Info: incorporating geometry from C:\Users\chahj\Documents\ldraw\p\4-4ring2.dat into C:\Users\chahj\Documents/ldraw\parts\s\6014s01.dat
[ Info: incorporating geometry from C:\Users\chahj\Documents\ldraw\p\4-4ndis.dat into C:\Users\chahj\Documents/ldraw\parts\s\6014s01.dat
[ Info: incorporating geometry from C:\Users\chahj\Documents\ldraw\p\rect3.dat into C:\Users\chahj\Documents/ldraw\parts\s\6014s01.dat
[ Info: incorporating geometry from C:\Users\chahj\Documents\ldraw\p\rect3.dat into C:\Users\chahj\Documents/ldraw\parts\s\6014s01.dat
[ Info: incorporating geometry from C:\Users\chahj\Documents\ldraw\p\rect3.dat into C:\Users\chahj\Documents/ldraw\parts\s\6014s01.dat
[ Info: incorporating geometry from C:\Users\chahj\Documents\ldraw\p\rect3.dat into C:\Users\chahj\Documents/ldraw\parts\s\6014s01.dat
[ Info: incorporating geometry from C:\Users\chahj\Documents\ldraw\p\st4jfil4.dat into C:\Users\chahj\Documents\ldraw\p\stud4f2w.dat
[ Info: incorporating geometry from C:\Users\chahj\Documents\ldraw\p\st4jfil4.dat into C:\Users\chahj\Documents\ldraw\p\stud4f2w.dat
[ Info: incorporating geometry from C:\Users\chahj\Documents\ldraw\p\4-4edge.dat into C:\Users\chahj\Documents\ldraw\p\stud4f2w.dat
[ Info: incorporating geometry from C:\Users\chahj\Documents\ldraw\p\4-4cyli.dat into C:\Users\chahj\Documents\ldraw\p\stud4f2w.dat
[ Info: incorporating geometry from C:\Users\chahj\Documents\ldraw\p\3-8ring3.dat into C:\Users\chahj\Documents\ldraw\p\stud4f2w.dat
[ Info: incorporating geometry from C:\Users\chahj\Documents\ldraw\p\3-8ring3.dat into C:\Users\chahj\Documents\ldraw\p\stud4f2w.dat
[ Info: incorporating geometry from C:\Users\chahj\Documents\ldraw\p\3-8cylo.dat into C:\Users\chahj\Documents\ldraw\p\stud4f2w.dat
[ Info: incorporating geometry from C:\Users\chahj\Documents\ldraw\p\3-8cylo.dat into C:\Users\chahj\Documents\ldraw\p\stud4f2w.dat
[ Info: incorporating geometry from C:\Users\chahj\Documents/ldraw\parts\s\6014s01.dat into C:\Users\chahj\Documents\ldraw\parts\6014a.dat
[ Info: incorporating geometry from C:\Users\chahj\Documents\ldraw\p\4-4cyli.dat into C:\Users\chahj\Documents\ldraw\parts\6014a.dat
[ Info: incorporating geometry from C:\Users\chahj\Documents\ldraw\p\4-4edge.dat into C:\Users\chahj\Documents\ldraw\parts\6014a.dat
[ Info: incorporating geometry from C:\Users\chahj\Documents\ldraw\p\4-4ring2.dat into C:\Users\chahj\Documents\ldraw\parts\6014a.dat
[ Info: incorporating geometry from C:\Users\chahj\Documents\ldraw\p\4-4cylo.dat into C:\Users\chahj\Documents\ldraw\parts\87697.dat
[ Info: incorporating geometry from C:\Users\chahj\Documents\ldraw\p\4-4cylo.dat into C:\Users\chahj\Documents\ldraw\parts\87697.dat
[ Info: incorporating geometry from C:\Users\chahj\Documents\ldraw\p\4-4cylo.dat into C:\Users\chahj\Documents\ldraw\parts\87697.dat
[ Info: incorporating geometry from C:\Users\chahj\Documents\ldraw\p\4-4con12.dat into C:\Users\chahj\Documents\ldraw\parts\87697.dat
[ Info: incorporating geometry from C:\Users\chahj\Documents\ldraw\p\4-4con12.dat into C:\Users\chahj\Documents\ldraw\parts\87697.dat
[ Info: incorporating geometry from C:\Users\chahj\Documents\ldraw\p\1-4ndis.dat into C:\Users\chahj\Documents/ldraw\parts\s\6015s02.dat
[ Info: incorporating geometry from C:\Users\chahj\Documents/ldraw\parts\s\6015s02.dat into C:\Users\chahj\Documents\ldraw\parts\87697.dat
[ Info: incorporating geometry from C:\Users\chahj\Documents/ldraw\parts\s\6015s02.dat into C:\Users\chahj\Documents\ldraw\parts\87697.dat
[ Info: incorporating geometry from C:\Users\chahj\Documents/ldraw\parts\s\6015s02.dat into C:\Users\chahj\Documents\ldraw\parts\87697.dat
[ Info: incorporating geometry from C:\Users\chahj\Documents/ldraw\parts\s\6015s02.dat into C:\Users\chahj\Documents\ldraw\parts\87697.dat
[ Info: incorporating geometry from C:\Users\chahj\Documents/ldraw\parts\s\6015s02.dat into C:\Users\chahj\Documents\ldraw\parts\87697.dat
[ Info: incorporating geometry from C:\Users\chahj\Documents/ldraw\parts\s\6015s02.dat into C:\Users\chahj\Documents\ldraw\parts\87697.dat
[ Info: incorporating geometry from C:\Users\chahj\Documents/ldraw\parts\s\6015s02.dat into C:\Users\chahj\Documents\ldraw\parts\87697.dat
[ Info: incorporating geometry from C:\Users\chahj\Documents/ldraw\parts\s\6015s02.dat into C:\Users\chahj\Documents\ldraw\parts\87697.dat
[ Info: incorporating geometry from C:\Users\chahj\Documents/ldraw\parts\s\87697s01.dat into C:\Users\chahj\Documents\ldraw\parts\87697.dat
[ Info: incorporating geometry from C:\Users\chahj\Documents/ldraw\parts\s\87697s01.dat into C:\Users\chahj\Documents\ldraw\parts\87697.dat
[ Info: incorporating geometry from C:\Users\chahj\Documents/ldraw\parts\s\87697s01.dat into C:\Users\chahj\Documents\ldraw\parts\87697.dat
[ Info: incorporating geometry from C:\Users\chahj\Documents/ldraw\parts\s\87697s01.dat into C:\Users\chahj\Documents\ldraw\parts\87697.dat
[ Info: incorporating geometry from C:\Users\chahj\Documents/ldraw\parts\s\87697s01.dat into C:\Users\chahj\Documents\ldraw\parts\87697.dat
[ Info: incorporating geometry from C:\Users\chahj\Documents/ldraw\parts\s\87697s01.dat into C:\Users\chahj\Documents\ldraw\parts\87697.dat
[ Info: incorporating geometry from C:\Users\chahj\Documents/ldraw\parts\s\87697s01.dat into C:\Users\chahj\Documents\ldraw\parts\87697.dat
[ Info: incorporating geometry from C:\Users\chahj\Documents/ldraw\parts\s\87697s01.dat into C:\Users\chahj\Documents\ldraw\parts\87697.dat
[ Info: incorporating geometry from C:\Users\chahj\Documents/ldraw\parts\s\87697s01.dat into C:\Users\chahj\Documents\ldraw\parts\87697.dat
[ Info: incorporating geometry from C:\Users\chahj\Documents/ldraw\parts\s\87697s01.dat into C:\Users\chahj\Documents\ldraw\parts\87697.dat
[ Info: incorporating geometry from C:\Users\chahj\Documents/ldraw\parts\s\87697s01.dat into C:\Users\chahj\Documents\ldraw\parts\87697.dat
[ Info: incorporating geometry from C:\Users\chahj\Documents/ldraw\parts\s\87697s01.dat into C:\Users\chahj\Documents\ldraw\parts\87697.dat
[ Info: incorporating geometry from C:\Users\chahj\Documents/ldraw\parts\s\87697s01.dat into C:\Users\chahj\Documents\ldraw\parts\87697.dat
[ Info: incorporating geometry from C:\Users\chahj\Documents/ldraw\parts\s\87697s01.dat into C:\Users\chahj\Documents\ldraw\parts\87697.dat
[ Info: incorporating geometry from C:\Users\chahj\Documents/ldraw\parts\s\87697s01.dat into C:\Users\chahj\Documents\ldraw\parts\87697.dat
[ Info: incorporating geometry from C:\Users\chahj\Documents/ldraw\parts\s\87697s01.dat into C:\Users\chahj\Documents\ldraw\parts\87697.dat
[ Info: incorporating geometry from C:\Users\chahj\Documents/ldraw\parts\s\87697s01.dat into C:\Users\chahj\Documents\ldraw\parts\87697.dat
[ Info: incorporating geometry from C:\Users\chahj\Documents/ldraw\parts\s\87697s01.dat into C:\Users\chahj\Documents\ldraw\parts\87697.dat
[ Info: incorporating geometry from C:\Users\chahj\Documents/ldraw\parts\s\87697s01.dat into C:\Users\chahj\Documents\ldraw\parts\87697.dat
[ Info: incorporating geometry from C:\Users\chahj\Documents/ldraw\parts\s\87697s01.dat into C:\Users\chahj\Documents\ldraw\parts\87697.dat
[ Info: incorporating geometry from C:\Users\chahj\Documents/ldraw\parts\s\87697s01.dat into C:\Users\chahj\Documents\ldraw\parts\87697.dat
[ Info: incorporating geometry from C:\Users\chahj\Documents/ldraw\parts\s\87697s01.dat into C:\Users\chahj\Documents\ldraw\parts\87697.dat
[ Info: incorporating geometry from C:\Users\chahj\Documents/ldraw\parts\s\87697s01.dat into C:\Users\chahj\Documents\ldraw\parts\87697.dat
[ Info: incorporating geometry from C:\Users\chahj\Documents/ldraw\parts\s\87697s01.dat into C:\Users\chahj\Documents\ldraw\parts\87697.dat
[ Info: incorporating geometry from C:\Users\chahj\Documents/ldraw\parts\s\87697s01.dat into C:\Users\chahj\Documents\ldraw\parts\87697.dat
[ Info: incorporating geometry from C:\Users\chahj\Documents/ldraw\parts\s\87697s01.dat into C:\Users\chahj\Documents\ldraw\parts\87697.dat
[ Info: incorporating geometry from C:\Users\chahj\Documents/ldraw\parts\s\87697s01.dat into C:\Users\chahj\Documents\ldraw\parts\87697.dat
[ Info: incorporating geometry from C:\Users\chahj\Documents/ldraw\parts\s\87697s01.dat into C:\Users\chahj\Documents\ldraw\parts\87697.dat
[ Info: incorporating geometry from C:\Users\chahj\Documents/ldraw\parts\s\87697s01.dat into C:\Users\chahj\Documents\ldraw\parts\87697.dat
[ Info: incorporating geometry from C:\Users\chahj\Documents/ldraw\parts\s\87697s01.dat into C:\Users\chahj\Documents\ldraw\parts\87697.dat
[ Info: incorporating geometry from C:\Users\chahj\Documents/ldraw\parts\s\87697s01.dat into C:\Users\chahj\Documents\ldraw\parts\87697.dat
[ Info: incorporating geometry from C:\Users\chahj\Documents/ldraw\parts\s\87697s01.dat into C:\Users\chahj\Documents\ldraw\parts\87697.dat
[ Info: incorporating geometry from C:\Users\chahj\Documents/ldraw\parts\s\87697s01.dat into C:\Users\chahj\Documents\ldraw\parts\87697.dat
[ Info: incorporating geometry from C:\Users\chahj\Documents/ldraw\parts\s\87697s01.dat into C:\Users\chahj\Documents\ldraw\parts\87697.dat
[ Info: incorporating geometry from C:\Users\chahj\Documents/ldraw\parts\s\87697s01.dat into C:\Users\chahj\Documents\ldraw\parts\87697.dat
[ Info: incorporating geometry from C:\Users\chahj\Documents/ldraw\parts\s\87697s01.dat into C:\Users\chahj\Documents\ldraw\parts\87697.dat
[ Info: incorporating geometry from C:\Users\chahj\Documents\ldraw\p\rect3.dat into C:\Users\chahj\Documents/ldraw\parts\s\87414s01.dat
[ Info: incorporating geometry from C:\Users\chahj\Documents\ldraw\p\rect.dat into C:\Users\chahj\Documents/ldraw\parts\s\87414s01.dat
[ Info: incorporating geometry from C:\Users\chahj\Documents\ldraw\p\rect3.dat into C:\Users\chahj\Documents/ldraw\parts\s\87414s01.dat
[ Info: incorporating geometry from C:\Users\chahj\Documents\ldraw\p\rect2a.dat into C:\Users\chahj\Documents/ldraw\parts\s\87414s01.dat
[ Info: incorporating geometry from C:\Users\chahj\Documents/ldraw\parts\s\87414s01.dat into C:\Users\chahj\Documents\ldraw\parts\87414.dat
[ Info: incorporating geometry from C:\Users\chahj\Documents/ldraw\parts\s\87414s01.dat into C:\Users\chahj\Documents\ldraw\parts\87414.dat
[ Info: incorporating geometry from C:\Users\chahj\Documents/ldraw\parts\s\87414s01.dat into C:\Users\chahj\Documents\ldraw\parts\87414.dat
[ Info: incorporating geometry from C:\Users\chahj\Documents/ldraw\parts\s\87414s01.dat into C:\Users\chahj\Documents\ldraw\parts\87414.dat
[ Info: incorporating geometry from C:\Users\chahj\Documents/ldraw\parts\s\87414s01.dat into C:\Users\chahj\Documents\ldraw\parts\87414.dat
[ Info: incorporating geometry from C:\Users\chahj\Documents/ldraw\parts\s\87414s01.dat into C:\Users\chahj\Documents\ldraw\parts\87414.dat
[ Info: incorporating geometry from C:\Users\chahj\Documents/ldraw\parts\s\87414s01.dat into C:\Users\chahj\Documents\ldraw\parts\87414.dat
[ Info: incorporating geometry from C:\Users\chahj\Documents/ldraw\parts\s\87414s01.dat into C:\Users\chahj\Documents\ldraw\parts\87414.dat
[ Info: incorporating geometry from C:\Users\chahj\Documents/ldraw\parts\s\87414s01.dat into C:\Users\chahj\Documents\ldraw\parts\87414.dat
[ Info: incorporating geometry from C:\Users\chahj\Documents/ldraw\parts\s\87414s01.dat into C:\Users\chahj\Documents\ldraw\parts\87414.dat
[ Info: incorporating geometry from C:\Users\chahj\Documents/ldraw\parts\s\87414s01.dat into C:\Users\chahj\Documents\ldraw\parts\87414.dat
[ Info: incorporating geometry from C:\Users\chahj\Documents/ldraw\parts\s\87414s01.dat into C:\Users\chahj\Documents\ldraw\parts\87414.dat
[ Info: incorporating geometry from C:\Users\chahj\Documents/ldraw\parts\s\87414s01.dat into C:\Users\chahj\Documents\ldraw\parts\87414.dat
[ Info: incorporating geometry from C:\Users\chahj\Documents/ldraw\parts\s\87414s01.dat into C:\Users\chahj\Documents\ldraw\parts\87414.dat
[ Info: incorporating geometry from C:\Users\chahj\Documents/ldraw\parts\s\87414s01.dat into C:\Users\chahj\Documents\ldraw\parts\87414.dat
[ Info: incorporating geometry from C:\Users\chahj\Documents/ldraw\parts\s\87414s01.dat into C:\Users\chahj\Documents\ldraw\parts\87414.dat
[ Info: incorporating geometry from C:\Users\chahj\Documents\ldraw\p\4-4cylo.dat into C:\Users\chahj\Documents\ldraw\parts\87414.dat
[ Info: incorporating geometry from C:\Users\chahj\Documents\ldraw\p\4-4cylo.dat into C:\Users\chahj\Documents\ldraw\parts\87414.dat
[ Info: incorporating geometry from C:\Users\chahj\Documents\ldraw\p\4-4cylo.dat into C:\Users\chahj\Documents\ldraw\parts\87414.dat
[ Info: incorporating geometry from C:\Users\chahj\Documents\ldraw\p\4-4con7.dat into C:\Users\chahj\Documents\ldraw\parts\87414.dat
[ Info: incorporating geometry from C:\Users\chahj\Documents\ldraw\p\4-4cylo.dat into C:\Users\chahj\Documents\ldraw\parts\87414.dat
[ Info: incorporating geometry from C:\Users\chahj\Documents\ldraw\p\4-4con7.dat into C:\Users\chahj\Documents\ldraw\parts\87414.dat
[ Info: incorporating geometry from C:\Users\chahj\Documents\ldraw\p\4-4cylo.dat into C:\Users\chahj\Documents\ldraw\parts\87414.dat
[ Info: incorporating geometry from C:\Users\chahj\Documents\ldraw\p\4-4ring16.dat into C:\Users\chahj\Documents\ldraw\parts\87414.dat
[ Info: incorporating geometry from C:\Users\chahj\Documents\ldraw\p\4-4ring16.dat into C:\Users\chahj\Documents\ldraw\parts\87414.dat
[ Info: incorporating geometry from C:\Users\chahj\Documents/ldraw\parts\s\3023bs01.dat into C:\Users\chahj\Documents\ldraw\parts\3023b.dat
[ Info: incorporating geometry from C:\Users\chahj\Documents\ldraw\parts\3023b.dat into C:\Users\chahj\Documents\ldraw\parts\3023.dat
[ Info: incorporating geometry from C:\Users\chahj\Documents\ldraw\p\stud4.dat into C:\Users\chahj\Documents\ldraw\parts\3021.dat
[ Info: incorporating geometry from C:\Users\chahj\Documents\ldraw\p\stud4.dat into C:\Users\chahj\Documents\ldraw\parts\3021.dat
[ Info: incorporating geometry from C:\Users\chahj\Documents\ldraw\p\box5.dat into C:\Users\chahj\Documents\ldraw\parts\3021.dat
[ Info: incorporating geometry from C:\Users\chahj\Documents\ldraw\p\box5.dat into C:\Users\chahj\Documents\ldraw\parts\3021.dat
[ Info: incorporating geometry from C:\Users\chahj\Documents\ldraw\p\stud.dat into C:\Users\chahj\Documents\ldraw\parts\3021.dat
[ Info: incorporating geometry from C:\Users\chahj\Documents\ldraw\p\stud.dat into C:\Users\chahj\Documents\ldraw\parts\3021.dat
[ Info: incorporating geometry from C:\Users\chahj\Documents\ldraw\p\stud.dat into C:\Users\chahj\Documents\ldraw\parts\3021.dat
[ Info: incorporating geometry from C:\Users\chahj\Documents\ldraw\p\stud.dat into C:\Users\chahj\Documents\ldraw\parts\3021.dat
[ Info: incorporating geometry from C:\Users\chahj\Documents\ldraw\p\stud.dat into C:\Users\chahj\Documents\ldraw\parts\3021.dat
[ Info: incorporating geometry from C:\Users\chahj\Documents\ldraw\p\stud.dat into C:\Users\chahj\Documents\ldraw\parts\3021.dat
[ Info: incorporating geometry from C:\Users\chahj\Documents\ldraw\p\stud4f2w.dat into C:\Users\chahj\Documents\ldraw\parts\4600.dat
[ Info: incorporating geometry from C:\Users\chahj\Documents\ldraw\p\4-4edge.dat into C:\Users\chahj\Documents\ldraw\parts\4600.dat
[ Info: incorporating geometry from C:\Users\chahj\Documents\ldraw\p\box3u8p.dat into C:\Users\chahj\Documents\ldraw\parts\4600.dat
[ Info: incorporating geometry from C:\Users\chahj\Documents\ldraw\p\box3u8p.dat into C:\Users\chahj\Documents\ldraw\parts\4600.dat
[ Info: incorporating geometry from C:\Users\chahj\Documents\ldraw\p\box3u2p.dat into C:\Users\chahj\Documents\ldraw\parts\4600.dat
[ Info: incorporating geometry from C:\Users\chahj\Documents\ldraw\p\rect2a.dat into C:\Users\chahj\Documents\ldraw\parts\4600.dat
[ Info: incorporating geometry from C:\Users\chahj\Documents\ldraw\p\rect2a.dat into C:\Users\chahj\Documents\ldraw\parts\4600.dat
[ Info: incorporating geometry from C:\Users\chahj\Documents\ldraw\p\rect2a.dat into C:\Users\chahj\Documents\ldraw\parts\4600.dat
[ Info: incorporating geometry from C:\Users\chahj\Documents\ldraw\p\rect2a.dat into C:\Users\chahj\Documents\ldraw\parts\4600.dat
[ Info: incorporating geometry from C:\Users\chahj\Documents\ldraw\p\box5-4a.dat into C:\Users\chahj\Documents\ldraw\parts\4600.dat
[ Info: incorporating geometry from C:\Users\chahj\Documents\ldraw\p\wpin2.dat into C:\Users\chahj\Documents\ldraw\parts\4600.dat
[ Info: incorporating geometry from C:\Users\chahj\Documents\ldraw\p\wpin2.dat into C:\Users\chahj\Documents\ldraw\parts\4600.dat
[ Info: incorporating geometry from C:\Users\chahj\Documents\ldraw\p\stud.dat into C:\Users\chahj\Documents\ldraw\p\stug-2x2.dat
[ Info: incorporating geometry from C:\Users\chahj\Documents\ldraw\p\stud.dat into C:\Users\chahj\Documents\ldraw\p\stug-2x2.dat
[ Info: incorporating geometry from C:\Users\chahj\Documents\ldraw\p\stud.dat into C:\Users\chahj\Documents\ldraw\p\stug-2x2.dat
[ Info: incorporating geometry from C:\Users\chahj\Documents\ldraw\p\stud.dat into C:\Users\chahj\Documents\ldraw\p\stug-2x2.dat
[ Info: incorporating geometry from C:\Users\chahj\Documents\ldraw\p\stug-2x2.dat into C:\Users\chahj\Documents\ldraw\parts\4600.dat
[ Info: incorporating geometry from C:\Users\chahj\Documents\ldraw\parts\6014a.dat into C:\Users\chahj\Documents\ldraw\parts\6014.dat
[ Info: incorporating geometry from C:\Users\chahj\Documents\ldraw\parts\3039.dat into C:\Users\chahj\Documents\ldraw\parts\6227.dat
[ Info: incorporating geometry from C:\Users\chahj\Documents\ldraw\parts\3021.dat into C:\Users\chahj\Documents\ldraw\parts\3021.dat
[ Info: incorporating geometry from C:\Users\chahj\Documents\ldraw\parts\3001.dat into C:\Users\chahj\Documents\ldraw\parts\3001.dat
[ Info: incorporating geometry from rear_axle.ldr into rear_axle.ldr
[ Info: incorporating geometry from rear_wheel_and_tire.ldr into rear_wheel_and_tire.ldr
[ Info: incorporating geometry from front_wheel_and_tire.ldr into front_wheel_and_tire.ldr
[ Info: incorporating geometry from C:\Users\chahj\Documents\ldraw\parts\4600.dat into C:\Users\chahj\Documents\ldraw\parts\4600.dat
[ Info: incorporating geometry from C:\Users\chahj\Documents\ldraw\parts\3004.dat into C:\Users\chahj\Documents\ldraw\parts\3004.dat
[ Info: incorporating geometry from C:\Users\chahj\Documents\ldraw\parts\87697.dat into C:\Users\chahj\Documents\ldraw\parts\87697.dat
[ Info: incorporating geometry from C:\Users\chahj\Documents\ldraw\parts\3062b.dat into C:\Users\chahj\Documents\ldraw\parts\3062b.dat
[ Info: incorporating geometry from C:\Users\chahj\Documents\ldraw\parts\4624.dat into C:\Users\chahj\Documents\ldraw\parts\4624.dat
[ Info: incorporating geometry from C:\Users\chahj\Documents\ldraw\parts\87414.dat into C:\Users\chahj\Documents\ldraw\parts\87414.dat
[ Info: incorporating geometry from chassis.ldr into chassis.ldr
[ Info: incorporating geometry from C:\Users\chahj\Documents\ldraw\parts\3022.dat into C:\Users\chahj\Documents\ldraw\parts\3022.dat
[ Info: incorporating geometry from C:\Users\chahj\Documents\ldraw\parts\6014.dat into C:\Users\chahj\Documents\ldraw\parts\6014.dat
[ Info: incorporating geometry from front_axle.ldr into front_axle.ldr
[ Info: incorporating geometry from C:\Users\chahj\Documents\ldraw\parts\6227.dat into C:\Users\chahj\Documents\ldraw\parts\6227.dat
[ Info: incorporating geometry from C:\Users\chahj\Documents\ldraw\parts\3023.dat into C:\Users\chahj\Documents\ldraw\parts\3023.dat
[ Info: incorporating geometry from C:\Users\chahj\Documents\ldraw\p\4-4con4.dat into C:\Users\chahj\Documents\ldraw\p\4-4con4.dat
[ Info: incorporating geometry from C:\Users\chahj\Documents/ldraw\p\8\1-4cyls.dat into C:\Users\chahj\Documents/ldraw\p\8\1-4cyls.dat
[ Info: incorporating geometry from C:\Users\chahj\Documents\ldraw\p\1-16con16.dat into C:\Users\chahj\Documents\ldraw\p\1-16con16.dat
[ Info: incorporating geometry from C:\Users\chahj\Documents\ldraw\p\1-8cyli.dat into C:\Users\chahj\Documents\ldraw\p\1-8cyli.dat
[ Info: incorporating geometry from C:\Users\chahj\Documents\ldraw\p\1-8chrd.dat into C:\Users\chahj\Documents\ldraw\p\1-8chrd.dat
[ Info: incorporating geometry from C:\Users\chahj\Documents/ldraw\parts\s\3004s01.dat into C:\Users\chahj\Documents/ldraw\parts\s\3004s01.dat
[ Info: incorporating geometry from C:\Users\chahj\Documents\ldraw\p\1-8disc.dat into C:\Users\chahj\Documents\ldraw\p\1-8disc.dat
[ Info: incorporating geometry from C:\Users\chahj\Documents\ldraw\p\4-4ring11.dat into C:\Users\chahj\Documents\ldraw\p\4-4ring11.dat
[ Info: incorporating geometry from C:\Users\chahj\Documents\ldraw\p\1-16con3.dat into C:\Users\chahj\Documents\ldraw\p\1-16con3.dat
[ Info: incorporating geometry from C:\Users\chahj\Documents\ldraw\p\4-4ring10.dat into C:\Users\chahj\Documents\ldraw\p\4-4ring10.dat
[ Info: incorporating geometry from C:\Users\chahj\Documents/ldraw\parts\s\3001s01.dat into C:\Users\chahj\Documents/ldraw\parts\s\3001s01.dat
[ Info: incorporating geometry from C:\Users\chahj\Documents\ldraw\p\1-4ring3.dat into C:\Users\chahj\Documents\ldraw\p\1-4ring3.dat
[ Info: incorporating geometry from C:\Users\chahj\Documents\ldraw\p\box3u8p.dat into C:\Users\chahj\Documents\ldraw\p\box3u8p.dat
[ Info: incorporating geometry from C:\Users\chahj\Documents\ldraw\p\stud.dat into C:\Users\chahj\Documents\ldraw\p\stud.dat
[ Info: incorporating geometry from C:\Users\chahj\Documents\ldraw\p\box3u4a.dat into C:\Users\chahj\Documents\ldraw\p\box3u4a.dat
[ Info: incorporating geometry from C:\Users\chahj\Documents/ldraw\parts\s\3062bs01.dat into C:\Users\chahj\Documents/ldraw\parts\s\3062bs01.dat
[ Info: incorporating geometry from C:\Users\chahj\Documents\ldraw\p\1-4ndis.dat into C:\Users\chahj\Documents\ldraw\p\1-4ndis.dat
[ Info: incorporating geometry from C:\Users\chahj\Documents\ldraw\p\1-16cylo.dat into C:\Users\chahj\Documents\ldraw\p\1-16cylo.dat
[ Info: incorporating geometry from C:\Users\chahj\Documents\ldraw\p\st4jfil4.dat into C:\Users\chahj\Documents\ldraw\p\st4jfil4.dat
[ Info: incorporating geometry from C:\Users\chahj\Documents\ldraw\p\1-4chrd.dat into C:\Users\chahj\Documents\ldraw\p\1-4chrd.dat
[ Info: incorporating geometry from C:\Users\chahj\Documents\ldraw\p\empty.dat into C:\Users\chahj\Documents\ldraw\p\empty.dat
[ Info: incorporating geometry from C:\Users\chahj\Documents\ldraw\p\wpin2.dat into C:\Users\chahj\Documents\ldraw\p\wpin2.dat
[ Info: incorporating geometry from C:\Users\chahj\Documents/ldraw\parts\s\3023bs01.dat into C:\Users\chahj\Documents/ldraw\parts\s\3023bs01.dat
[ Info: incorporating geometry from C:\Users\chahj\Documents\ldraw\p\3-8ring3.dat into C:\Users\chahj\Documents\ldraw\p\3-8ring3.dat
[ Info: incorporating geometry from C:\Users\chahj\Documents\ldraw\p\1-8ring4.dat into C:\Users\chahj\Documents\ldraw\p\1-8ring4.dat
[ Info: incorporating geometry from C:\Users\chahj\Documents\ldraw\p\4-4ndis.dat into C:\Users\chahj\Documents\ldraw\p\4-4ndis.dat
[ Info: incorporating geometry from C:\Users\chahj\Documents\ldraw\p\2-4ndis.dat into C:\Users\chahj\Documents\ldraw\p\2-4ndis.dat
[ Info: incorporating geometry from C:\Users\chahj\Documents\ldraw\p\1-8cylo.dat into C:\Users\chahj\Documents\ldraw\p\1-8cylo.dat
[ Info: incorporating geometry from C:\Users\chahj\Documents\ldraw\p\1-8con4.dat into C:\Users\chahj\Documents\ldraw\p\1-8con4.dat
[ Info: incorporating geometry from C:\Users\chahj\Documents\ldraw\p\4-4ring4.dat into C:\Users\chahj\Documents\ldraw\p\4-4ring4.dat
[ Info: incorporating geometry from C:\Users\chahj\Documents\ldraw\p\3-8chrd.dat into C:\Users\chahj\Documents\ldraw\p\3-8chrd.dat
[ Info: incorporating geometry from C:\Users\chahj\Documents\ldraw\p\4-4edge.dat into C:\Users\chahj\Documents\ldraw\p\4-4edge.dat
[ Info: incorporating geometry from C:\Users\chahj\Documents\ldraw\p\wpin.dat into C:\Users\chahj\Documents\ldraw\p\wpin.dat
[ Info: incorporating geometry from C:\Users\chahj\Documents\ldraw\parts\3039.dat into C:\Users\chahj\Documents\ldraw\parts\3039.dat
[ Info: incorporating geometry from C:\Users\chahj\Documents\ldraw\p\4-4ring16.dat into C:\Users\chahj\Documents\ldraw\p\4-4ring16.dat
[ Info: incorporating geometry from C:\Users\chahj\Documents/ldraw\p\8\1-4edge.dat into C:\Users\chahj\Documents/ldraw\p\8\1-4edge.dat
[ Info: incorporating geometry from C:\Users\chahj\Documents\ldraw\p\4-4cylo.dat into C:\Users\chahj\Documents\ldraw\p\4-4cylo.dat
[ Info: incorporating geometry from C:\Users\chahj\Documents/ldraw\parts\s\87697s01.dat into C:\Users\chahj\Documents/ldraw\parts\s\87697s01.dat
[ Info: incorporating geometry from C:\Users\chahj\Documents\ldraw\p\rect1.dat into C:\Users\chahj\Documents\ldraw\p\rect1.dat
[ Info: incorporating geometry from C:\Users\chahj\Documents\ldraw\p\4-4ring12.dat into C:\Users\chahj\Documents\ldraw\p\4-4ring12.dat
[ Info: incorporating geometry from C:\Users\chahj\Documents/ldraw\parts\s\6014s01.dat into C:\Users\chahj\Documents/ldraw\parts\s\6014s01.dat
[ Info: incorporating geometry from C:\Users\chahj\Documents\ldraw\p\4-4con12.dat into C:\Users\chahj\Documents\ldraw\p\4-4con12.dat
[ Info: incorporating geometry from C:\Users\chahj\Documents\ldraw\p\stud4f2w.dat into C:\Users\chahj\Documents\ldraw\p\stud4f2w.dat
[ Info: incorporating geometry from C:\Users\chahj\Documents\ldraw\p\4-4ring3.dat into C:\Users\chahj\Documents\ldraw\p\4-4ring3.dat
[ Info: incorporating geometry from C:\Users\chahj\Documents\ldraw\p\1-4cyli.dat into C:\Users\chahj\Documents\ldraw\p\1-4cyli.dat
[ Info: incorporating geometry from C:\Users\chahj\Documents\ldraw\p\2-4chrd.dat into C:\Users\chahj\Documents\ldraw\p\2-4chrd.dat
[ Info: incorporating geometry from C:\Users\chahj\Documents\ldraw\p\4-4disc.dat into C:\Users\chahj\Documents\ldraw\p\4-4disc.dat
[ Info: incorporating geometry from C:\Users\chahj\Documents\ldraw\p\4-4ring2.dat into C:\Users\chahj\Documents\ldraw\p\4-4ring2.dat
[ Info: incorporating geometry from C:\Users\chahj\Documents\ldraw\parts\6014a.dat into C:\Users\chahj\Documents\ldraw\parts\6014a.dat
[ Info: incorporating geometry from C:\Users\chahj\Documents\ldraw\p\1-16ring2.dat into C:\Users\chahj\Documents\ldraw\p\1-16ring2.dat
[ Info: incorporating geometry from C:\Users\chahj\Documents\ldraw\p\1-4con5.dat into C:\Users\chahj\Documents\ldraw\p\1-4con5.dat
[ Info: incorporating geometry from C:\Users\chahj\Documents\ldraw\p\3-8con12.dat into C:\Users\chahj\Documents\ldraw\p\3-8con12.dat
[ Info: incorporating geometry from C:\Users\chahj\Documents\ldraw\p\4-4con7.dat into C:\Users\chahj\Documents\ldraw\p\4-4con7.dat
[ Info: incorporating geometry from C:\Users\chahj\Documents\ldraw\p\1-16tndis.dat into C:\Users\chahj\Documents\ldraw\p\1-16tndis.dat
[ Info: incorporating geometry from C:\Users\chahj\Documents\ldraw\p\3-8cylo.dat into C:\Users\chahj\Documents\ldraw\p\3-8cylo.dat
[ Info: incorporating geometry from C:\Users\chahj\Documents\ldraw\p\box5-4a.dat into C:\Users\chahj\Documents\ldraw\p\box5-4a.dat
[ Info: incorporating geometry from C:\Users\chahj\Documents\ldraw\p\1-4edge.dat into C:\Users\chahj\Documents\ldraw\p\1-4edge.dat
[ Info: incorporating geometry from C:\Users\chahj\Documents/ldraw\parts\s\4624s01.dat into C:\Users\chahj\Documents/ldraw\parts\s\4624s01.dat
[ Info: incorporating geometry from C:\Users\chahj\Documents\ldraw\p\3-8edge.dat into C:\Users\chahj\Documents\ldraw\p\3-8edge.dat
[ Info: incorporating geometry from C:\Users\chahj\Documents\ldraw\p\3-8cyli.dat into C:\Users\chahj\Documents\ldraw\p\3-8cyli.dat
[ Info: incorporating geometry from C:\Users\chahj\Documents/ldraw\parts\s\6015s02.dat into C:\Users\chahj\Documents/ldraw\parts\s\6015s02.dat
[ Info: incorporating geometry from C:\Users\chahj\Documents\ldraw\p\3-8ring12.dat into C:\Users\chahj\Documents\ldraw\p\3-8ring12.dat
[ Info: incorporating geometry from C:\Users\chahj\Documents\ldraw\p\1-16cyli.dat into C:\Users\chahj\Documents\ldraw\p\1-16cyli.dat
[ Info: incorporating geometry from C:\Users\chahj\Documents\ldraw\p\stug-1x2.dat into C:\Users\chahj\Documents\ldraw\p\stug-1x2.dat
[ Info: incorporating geometry from C:\Users\chahj\Documents\ldraw\p\2-4edge.dat into C:\Users\chahj\Documents\ldraw\p\2-4edge.dat
[ Info: incorporating geometry from C:\Users\chahj\Documents\ldraw\p\box4-4a.dat into C:\Users\chahj\Documents\ldraw\p\box4-4a.dat
[ Info: incorporating geometry from C:\Users\chahj\Documents\ldraw\p\1-4cylo.dat into C:\Users\chahj\Documents\ldraw\p\1-4cylo.dat
[ Info: incorporating geometry from C:\Users\chahj\Documents/ldraw\p\8\1-4ndis.dat into C:\Users\chahj\Documents/ldraw\p\8\1-4ndis.dat
[ Info: incorporating geometry from C:\Users\chahj\Documents\ldraw\p\box5.dat into C:\Users\chahj\Documents\ldraw\p\box5.dat
[ Info: incorporating geometry from C:\Users\chahj\Documents\ldraw\p\1-16chrd.dat into C:\Users\chahj\Documents\ldraw\p\1-16chrd.dat
[ Info: incorporating geometry from C:\Users\chahj\Documents\ldraw\p\rect2a.dat into C:\Users\chahj\Documents\ldraw\p\rect2a.dat
[ Info: incorporating geometry from C:\Users\chahj\Documents\ldraw\p\4-4con5.dat into C:\Users\chahj\Documents\ldraw\p\4-4con5.dat
[ Info: incorporating geometry from C:\Users\chahj\Documents\ldraw\p\1-16edge.dat into C:\Users\chahj\Documents\ldraw\p\1-16edge.dat
[ Info: incorporating geometry from C:\Users\chahj\Documents\ldraw\p\4-4cyli.dat into C:\Users\chahj\Documents\ldraw\p\4-4cyli.dat
[ Info: incorporating geometry from C:\Users\chahj\Documents/ldraw\parts\s\87414s01.dat into C:\Users\chahj\Documents/ldraw\parts\s\87414s01.dat
[ Info: incorporating geometry from C:\Users\chahj\Documents\ldraw\p\stud2a.dat into C:\Users\chahj\Documents\ldraw\p\stud2a.dat
[ Info: incorporating geometry from C:\Users\chahj\Documents\ldraw\p\1-4ring4.dat into C:\Users\chahj\Documents\ldraw\p\1-4ring4.dat
[ Info: incorporating geometry from C:\Users\chahj\Documents\ldraw\p\1-8ring17.dat into C:\Users\chahj\Documents\ldraw\p\1-8ring17.dat
[ Info: incorporating geometry from C:\Users\chahj\Documents\ldraw\p\wpin2a.dat into C:\Users\chahj\Documents\ldraw\p\wpin2a.dat
[ Info: incorporating geometry from C:\Users\chahj\Documents\ldraw\p\stud4a.dat into C:\Users\chahj\Documents\ldraw\p\stud4a.dat
[ Info: incorporating geometry from C:\Users\chahj\Documents\ldraw\p\2-4cyli.dat into C:\Users\chahj\Documents\ldraw\p\2-4cyli.dat
[ Info: incorporating geometry from C:\Users\chahj\Documents\ldraw\p\4-4ring9.dat into C:\Users\chahj\Documents\ldraw\p\4-4ring9.dat
[ Info: incorporating geometry from C:\Users\chahj\Documents\ldraw\p\4-4con10.dat into C:\Users\chahj\Documents\ldraw\p\4-4con10.dat
[ Info: incorporating geometry from C:\Users\chahj\Documents\ldraw\p\stud3.dat into C:\Users\chahj\Documents\ldraw\p\stud3.dat
[ Info: incorporating geometry from C:\Users\chahj\Documents/ldraw\parts\s\3039s01.dat into C:\Users\chahj\Documents/ldraw\parts\s\3039s01.dat
[ Info: incorporating geometry from C:\Users\chahj\Documents\ldraw\p\1-8ring3.dat into C:\Users\chahj\Documents\ldraw\p\1-8ring3.dat
[ Info: incorporating geometry from C:\Users\chahj\Documents\ldraw\p\1-8ring9.dat into C:\Users\chahj\Documents\ldraw\p\1-8ring9.dat
[ Info: incorporating geometry from C:\Users\chahj\Documents\ldraw\p\box3u2p.dat into C:\Users\chahj\Documents\ldraw\p\box3u2p.dat
[ Info: incorporating geometry from C:\Users\chahj\Documents\ldraw\p\stug-2x2.dat into C:\Users\chahj\Documents\ldraw\p\stug-2x2.dat
[ Info: incorporating geometry from C:\Users\chahj\Documents\ldraw\p\1-8edge.dat into C:\Users\chahj\Documents\ldraw\p\1-8edge.dat
[ Info: incorporating geometry from C:\Users\chahj\Documents\ldraw\p\stud4od.dat into C:\Users\chahj\Documents\ldraw\p\stud4od.dat
[ Info: incorporating geometry from C:\Users\chahj\Documents\ldraw\p\1-4cyls.dat into C:\Users\chahj\Documents\ldraw\p\1-4cyls.dat
[ Info: incorporating geometry from C:\Users\chahj\Documents\ldraw\p\stud4.dat into C:\Users\chahj\Documents\ldraw\p\stud4.dat
[ Info: incorporating geometry from C:\Users\chahj\Documents/ldraw\p\8\1-4cyli.dat into C:\Users\chahj\Documents/ldraw\p\8\1-4cyli.dat
[ Info: incorporating geometry from C:\Users\chahj\Documents\ldraw\parts\3023b.dat into C:\Users\chahj\Documents\ldraw\parts\3023b.dat
[ Info: incorporating geometry from C:\Users\chahj\Documents\ldraw\p\rect2p.dat into C:\Users\chahj\Documents\ldraw\p\rect2p.dat
[ Info: incorporating geometry from C:\Users\chahj\Documents\ldraw\p\rect3.dat into C:\Users\chahj\Documents\ldraw\p\rect3.dat
[ Info: incorporating geometry from C:\Users\chahj\Documents\ldraw\p\box4t.dat into C:\Users\chahj\Documents\ldraw\p\box4t.dat
[ Info: incorporating geometry from C:\Users\chahj\Documents\ldraw\p\rect.dat into C:\Users\chahj\Documents\ldraw\p\rect.dat
[ Info: SUB FILE PART: C:\Users\chahj\Documents\ldraw\parts\3023.dat-1
[ Info: Attaching full_assembly.ldr => C:\Users\chahj\Documents\ldraw\parts\3023.dat-1
[ Info: full_assembly.ldr => C:\Users\chahj\Documents\ldraw\parts\3023.dat-1 is true
[ Info: SUB FILE PART: C:\Users\chahj\Documents\ldraw\parts\3023.dat-2
[ Info: Attaching full_assembly.ldr => C:\Users\chahj\Documents\ldraw\parts\3023.dat-2
[ Info: full_assembly.ldr => C:\Users\chahj\Documents\ldraw\parts\3023.dat-2 is true
[ Info: SUB FILE PART: C:\Users\chahj\Documents\ldraw\parts\3062b.dat-1
[ Info: Attaching full_assembly.ldr => C:\Users\chahj\Documents\ldraw\parts\3062b.dat-1
[ Info: full_assembly.ldr => C:\Users\chahj\Documents\ldraw\parts\3062b.dat-1 is true
[ Info: SUB FILE PART: C:\Users\chahj\Documents\ldraw\parts\6227.dat-1
[ Info: Attaching full_assembly.ldr => C:\Users\chahj\Documents\ldraw\parts\6227.dat-1
[ Info: full_assembly.ldr => C:\Users\chahj\Documents\ldraw\parts\6227.dat-1 is true
[ Info: SUB FILE PART: C:\Users\chahj\Documents\ldraw\parts\3004.dat-1
[ Info: Attaching full_assembly.ldr => C:\Users\chahj\Documents\ldraw\parts\3004.dat-1
[ Info: full_assembly.ldr => C:\Users\chahj\Documents\ldraw\parts\3004.dat-1 is true
[ Info: Attaching full_assembly.ldr => front_axle.ldr-2
[ Info: full_assembly.ldr => front_axle.ldr-2 is true
[ Info: Attaching full_assembly.ldr => rear_axle.ldr-2
[ Info: full_assembly.ldr => rear_axle.ldr-2 is true
[ Info: Attaching full_assembly.ldr => chassis.ldr-2
[ Info: full_assembly.ldr => chassis.ldr-2 is true
[ Info: SUB FILE PART: C:\Users\chahj\Documents\ldraw\parts\3001.dat-2
[ Info: Attaching chassis.ldr-2 => C:\Users\chahj\Documents\ldraw\parts\3001.dat-2
[ Info: chassis.ldr-2 => C:\Users\chahj\Documents\ldraw\parts\3001.dat-2 is true
[ Info: SUB FILE PART: C:\Users\chahj\Documents\ldraw\parts\3004.dat-3
[ Info: Attaching chassis.ldr-2 => C:\Users\chahj\Documents\ldraw\parts\3004.dat-3
[ Info: chassis.ldr-2 => C:\Users\chahj\Documents\ldraw\parts\3004.dat-3 is true
[ Info: SUB FILE PART: C:\Users\chahj\Documents\ldraw\parts\3021.dat-4
[ Info: Attaching chassis.ldr-2 => C:\Users\chahj\Documents\ldraw\parts\3021.dat-4
[ Info: chassis.ldr-2 => C:\Users\chahj\Documents\ldraw\parts\3021.dat-4 is true
[ Info: SUB FILE PART: C:\Users\chahj\Documents\ldraw\parts\3022.dat-2
[ Info: Attaching chassis.ldr-2 => C:\Users\chahj\Documents\ldraw\parts\3022.dat-2
[ Info: chassis.ldr-2 => C:\Users\chahj\Documents\ldraw\parts\3022.dat-2 is true
[ Info: SUB FILE PART: C:\Users\chahj\Documents\ldraw\parts\3021.dat-3
[ Info: Attaching chassis.ldr-2 => C:\Users\chahj\Documents\ldraw\parts\3021.dat-3
[ Info: chassis.ldr-2 => C:\Users\chahj\Documents\ldraw\parts\3021.dat-3 is true
[ Info: Attaching rear_axle.ldr-2 => rear_wheel_and_tire.ldr-8
[ Info: rear_axle.ldr-2 => rear_wheel_and_tire.ldr-8 is true
[ Info: Attaching rear_axle.ldr-2 => rear_wheel_and_tire.ldr-7
[ Info: rear_axle.ldr-2 => rear_wheel_and_tire.ldr-7 is true
[ Info: SUB FILE PART: C:\Users\chahj\Documents\ldraw\parts\4600.dat-3
[ Info: Attaching rear_axle.ldr-2 => C:\Users\chahj\Documents\ldraw\parts\4600.dat-3
[ Info: rear_axle.ldr-2 => C:\Users\chahj\Documents\ldraw\parts\4600.dat-3 is true
[ Info: SUB FILE PART: C:\Users\chahj\Documents\ldraw\parts\87697.dat-4
[ Info: Attaching rear_wheel_and_tire.ldr-7 => C:\Users\chahj\Documents\ldraw\parts\87697.dat-4
[ Info: rear_wheel_and_tire.ldr-7 => C:\Users\chahj\Documents\ldraw\parts\87697.dat-4 is true
[ Info: SUB FILE PART: C:\Users\chahj\Documents\ldraw\parts\6014.dat-4
[ Info: Attaching rear_wheel_and_tire.ldr-7 => C:\Users\chahj\Documents\ldraw\parts\6014.dat-4
[ Info: rear_wheel_and_tire.ldr-7 => C:\Users\chahj\Documents\ldraw\parts\6014.dat-4 is true
[ Info: SUB FILE PART: C:\Users\chahj\Documents\ldraw\parts\87697.dat-5
[ Info: Attaching rear_wheel_and_tire.ldr-8 => C:\Users\chahj\Documents\ldraw\parts\87697.dat-5
[ Info: rear_wheel_and_tire.ldr-8 => C:\Users\chahj\Documents\ldraw\parts\87697.dat-5 is true
[ Info: SUB FILE PART: C:\Users\chahj\Documents\ldraw\parts\6014.dat-5
[ Info: Attaching rear_wheel_and_tire.ldr-8 => C:\Users\chahj\Documents\ldraw\parts\6014.dat-5
[ Info: rear_wheel_and_tire.ldr-8 => C:\Users\chahj\Documents\ldraw\parts\6014.dat-5 is true
[ Info: Attaching front_axle.ldr-2 => front_wheel_and_tire.ldr-8
[ Info: front_axle.ldr-2 => front_wheel_and_tire.ldr-8 is true
[ Info: Attaching front_axle.ldr-2 => front_wheel_and_tire.ldr-7
[ Info: front_axle.ldr-2 => front_wheel_and_tire.ldr-7 is true
[ Info: SUB FILE PART: C:\Users\chahj\Documents\ldraw\parts\4600.dat-4
[ Info: Attaching front_axle.ldr-2 => C:\Users\chahj\Documents\ldraw\parts\4600.dat-4
[ Info: front_axle.ldr-2 => C:\Users\chahj\Documents\ldraw\parts\4600.dat-4 is true
[ Info: SUB FILE PART: C:\Users\chahj\Documents\ldraw\parts\87414.dat-4
[ Info: Attaching front_wheel_and_tire.ldr-7 => C:\Users\chahj\Documents\ldraw\parts\87414.dat-4
[ Info: front_wheel_and_tire.ldr-7 => C:\Users\chahj\Documents\ldraw\parts\87414.dat-4 is true
[ Info: SUB FILE PART: C:\Users\chahj\Documents\ldraw\parts\4624.dat-4
[ Info: Attaching front_wheel_and_tire.ldr-7 => C:\Users\chahj\Documents\ldraw\parts\4624.dat-4
[ Info: front_wheel_and_tire.ldr-7 => C:\Users\chahj\Documents\ldraw\parts\4624.dat-4 is true
[ Info: SUB FILE PART: C:\Users\chahj\Documents\ldraw\parts\87414.dat-5
[ Info: Attaching front_wheel_and_tire.ldr-8 => C:\Users\chahj\Documents\ldraw\parts\87414.dat-5
[ Info: front_wheel_and_tire.ldr-8 => C:\Users\chahj\Documents\ldraw\parts\87414.dat-5 is true
[ Info: SUB FILE PART: C:\Users\chahj\Documents\ldraw\parts\4624.dat-5
[ Info: Attaching front_wheel_and_tire.ldr-8 => C:\Users\chahj\Documents\ldraw\parts\4624.dat-5
[ Info: front_wheel_and_tire.ldr-8 => C:\Users\chahj\Documents\ldraw\parts\4624.dat-5 is true
[ Info: number of robots in transport unit: 2
[ Info: number of robots in transport unit: 4
[ Info: number of robots in transport unit: 1
[ Info: number of robots in transport unit: 1
[ Info: number of robots in transport unit: 2
[ Info: number of robots in transport unit: 2
[ Info: number of robots in transport unit: 3
[ Info: number of robots in transport unit: 4
[ Info: number of robots in transport unit: 1
[ Info: number of robots in transport unit: 1
[ Info: number of robots in transport unit: 2
[ Info: number of robots in transport unit: 1
[ Info: number of robots in transport unit: 1
[ Info: number of robots in transport unit: 4
[ Info: number of robots in transport unit: 3
[ Info: number of robots in transport unit: 2
[ Info: number of robots in transport unit: 2
[ Info: number of robots in transport unit: 1
[ Info: number of robots in transport unit: 2
[ Info: number of robots in transport unit: 1
[ Info: number of robots in transport unit: 2
[ Info: number of robots in transport unit: 1
[ Info: number of robots in transport unit: 1
[ Info: number of robots in transport unit: 2
[ Info: number of robots in transport unit: 2
[ Info: number of robots in transport unit: 1
[ Info: number of robots in transport unit: 1
[ Info: number of robots in transport unit: 1
[ Info: [OOD-1-1] injected 12 spare robots (3/pool x 4 dirs); pools=[:east, :south, :west, :north]
[ Info: Staging config: setting GOAL config of ConstructionBots.TemplatedID{Tuple{ConstructionBots.LiftIntoPlace, ConstructionBots.ObjectID}}(17) to TransformNode(133) - ConstructionBots.CachedElement{CoordinateTransformations.Transformation}(AffineMap([1.0 0.0 0.0; 0.0 1.0 0.0; 0.0 0.0 1.0], [0.0, 0.0, 0.064]), true, 4.0698668e7)
[ Info: Staging config: setting GOAL config of ConstructionBots.TemplatedID{Tuple{ConstructionBots.LiftIntoPlace, ConstructionBots.ObjectID}}(18) to TransformNode(147) - ConstructionBots.CachedElement{CoordinateTransformations.Transformation}(AffineMap([1.0 0.0 0.0; 0.0 1.0 0.0; 0.0 0.0 1.0], [0.0, 0.0, 0.064]), true, 4.0698723e7)
[ Info: Staging config: setting GOAL config of ConstructionBots.TemplatedID{Tuple{ConstructionBots.LiftIntoPlace, ConstructionBots.ObjectID}}(19) to TransformNode(164) - ConstructionBots.CachedElement{CoordinateTransformations.Transformation}(AffineMap([1.0 0.0 0.0; 0.0 1.0 0.0; 0.0 0.0 1.0], [0.0, 0.0, 0.064]), true, 4.0698795e7)
[ Info: Staging config: setting GOAL config of ConstructionBots.TemplatedID{Tuple{ConstructionBots.LiftIntoPlace, ConstructionBots.ObjectID}}(20) to TransformNode(178) - ConstructionBots.CachedElement{CoordinateTransformations.Transformation}(AffineMap([1.0 0.0 0.0; 0.0 1.0 0.0; 0.0 0.0 1.0], [0.0, 0.0, 0.064]), true, 4.069885e7)
[ Info: Staging config: setting GOAL config of ConstructionBots.TemplatedID{Tuple{ConstructionBots.LiftIntoPlace, ConstructionBots.ObjectID}}(12) to TransformNode(195) - ConstructionBots.CachedElement{CoordinateTransformations.Transformation}(AffineMap([1.0 0.0 0.0; 0.0 1.0 0.0; 0.0 0.0 1.0], [0.0, 0.032, 0.10400000000000001]), true, 4.0698922e7)
[ Info: Staging config: setting GOAL config of ConstructionBots.TemplatedID{Tuple{ConstructionBots.LiftIntoPlace, ConstructionBots.ObjectID}}(13) to TransformNode(209) - ConstructionBots.CachedElement{CoordinateTransformations.Transformation}(AffineMap([1.0 0.0 0.0; 0.0 1.0 0.0; 0.0 0.0 1.0], [0.0, 0.08, 0.10400000000000001]), true, 4.0698977e7)
[ Info: Staging config: setting GOAL config of ConstructionBots.TemplatedID{Tuple{ConstructionBots.LiftIntoPlace, ConstructionBots.ObjectID}}(14) to TransformNode(226) - ConstructionBots.CachedElement{CoordinateTransformations.Transformation}(AffineMap([1.0 0.0 0.0; 0.0 1.0 0.0; 0.0 0.0 1.0], [0.0, 0.032, 0.10400000000000001]), true, 4.0699049e7)
[ Info: Staging config: setting GOAL config of ConstructionBots.TemplatedID{Tuple{ConstructionBots.LiftIntoPlace, ConstructionBots.ObjectID}}(15) to TransformNode(240) - ConstructionBots.CachedElement{CoordinateTransformations.Transformation}(AffineMap([1.0 0.0 0.0; 0.0 1.0 0.0; 0.0 0.0 1.0], [0.0, 0.08, 0.10400000000000001]), true, 4.0699104e7)
[ Info: Staging config: setting GOAL config of ConstructionBots.TemplatedID{Tuple{ConstructionBots.LiftIntoPlace, ConstructionBots.ObjectID}}(7) to TransformNode(257) - ConstructionBots.CachedElement{CoordinateTransformations.Transformation}(AffineMap([0.0 -1.0 0.0; 1.0 0.0 0.0; 0.0 0.0 1.0], [0.4, 0.0, 0.32]), true, 4.0699176e7)
[ Info: Staging config: setting GOAL config of ConstructionBots.TemplatedID{Tuple{ConstructionBots.LiftIntoPlace, ConstructionBots.ObjectID}}(6) to TransformNode(269) - ConstructionBots.CachedElement{CoordinateTransformations.Transformation}(AffineMap([1.0 0.0 0.0; 0.0 1.0 0.0; 0.0 0.0 1.0], [0.0, 0.0, 0.32]), true, 4.0699223e7)
[ Info: Staging config: setting GOAL config of ConstructionBots.TemplatedID{Tuple{ConstructionBots.LiftIntoPlace, ConstructionBots.ObjectID}}(8) to TransformNode(283) - ConstructionBots.CachedElement{CoordinateTransformations.Transformation}(AffineMap([1.0 0.0 0.0; 0.0 1.0 0.0; 0.0 0.0 1.0], [0.24, 0.0, 0.128]), true, 4.0699278e7)
[ Info: Staging config: setting GOAL config of ConstructionBots.TemplatedID{Tuple{ConstructionBots.LiftIntoPlace, ConstructionBots.ObjectID}}(9) to TransformNode(295) - ConstructionBots.CachedElement{CoordinateTransformations.Transformation}(AffineMap([1.0 0.0 0.0; 0.0 1.0 0.0; 0.0 0.0 1.0], [-0.16, 0.0, 0.128]), true, 4.0699325e7)
[ Info: Staging config: setting GOAL config of ConstructionBots.TemplatedID{Tuple{ConstructionBots.LiftIntoPlace, ConstructionBots.ObjectID}}(10) to TransformNode(309) - ConstructionBots.CachedElement{CoordinateTransformations.Transformation}(AffineMap([1.0 0.0 0.0; 0.0 1.0 0.0; 0.0 0.0 1.0], [-0.08, 0.0, 0.064]), true, 4.069938e7)
[ Info: Staging config: setting GOAL config of ConstructionBots.TemplatedID{Tuple{ConstructionBots.LiftIntoPlace, ConstructionBots.AssemblyID}}(6) to TransformNode(326) - ConstructionBots.CachedElement{CoordinateTransformations.Transformation}(AffineMap([0.0 1.0 0.0; -1.0 0.0 0.0; 0.0 0.0 1.0], [-0.32, 0.0, -0.064]), true, 4.0699452e7)
[ Info: Staging config: setting GOAL config of ConstructionBots.TemplatedID{Tuple{ConstructionBots.LiftIntoPlace, ConstructionBots.AssemblyID}}(5) to TransformNode(340) - ConstructionBots.CachedElement{CoordinateTransformations.Transformation}(AffineMap([0.0 -1.0 0.0; 1.0 0.0 0.0; 0.0 0.0 1.0], [0.32, 0.0, -0.064]), true, 4.0699506e7)
[ Info: Staging config: setting GOAL config of ConstructionBots.TemplatedID{Tuple{ConstructionBots.LiftIntoPlace, ConstructionBots.ObjectID}}(11) to TransformNode(356) - ConstructionBots.CachedElement{CoordinateTransformations.Transformation}(AffineMap([1.0 0.0 0.0; 0.0 1.0 0.0; 0.0 0.0 1.0], [0.0, 0.0, 0.08]), true, 4.0699568e7)
[ Info: Staging config: setting GOAL config of ConstructionBots.TemplatedID{Tuple{ConstructionBots.LiftIntoPlace, ConstructionBots.AssemblyID}}(8) to TransformNode(373) - ConstructionBots.CachedElement{CoordinateTransformations.Transformation}(AffineMap([0.0 1.0 0.0; -1.0 0.0 0.0; 0.0 0.0 1.0], [-0.24, 0.0, -0.04]), true, 4.069964e7)
[ Info: Staging config: setting GOAL config of ConstructionBots.TemplatedID{Tuple{ConstructionBots.LiftIntoPlace, ConstructionBots.AssemblyID}}(7) to TransformNode(387) - ConstructionBots.CachedElement{CoordinateTransformations.Transformation}(AffineMap([0.0 -1.0 0.0; 1.0 0.0 0.0; 0.0 0.0 1.0], [0.24, 0.0, -0.04]), true, 4.0699694e7)
[ Info: Staging config: setting GOAL config of ConstructionBots.TemplatedID{Tuple{ConstructionBots.LiftIntoPlace, ConstructionBots.ObjectID}}(16) to TransformNode(403) - ConstructionBots.CachedElement{CoordinateTransformations.Transformation}(AffineMap([1.0 0.0 0.0; 0.0 1.0 0.0; 0.0 0.0 1.0], [0.0, 0.0, 0.064]), true, 4.0699756e7)
[ Info: Staging config: setting GOAL config of ConstructionBots.TemplatedID{Tuple{ConstructionBots.LiftIntoPlace, ConstructionBots.ObjectID}}(1) to TransformNode(421) - ConstructionBots.CachedElement{CoordinateTransformations.Transformation}(AffineMap([1.0 0.0 0.0; 0.0 1.0 0.0; 0.0 0.0 1.0], [0.32, -0.08, 0.5760000000000001]), true, 4.069983e7)
[ Info: Staging config: setting GOAL config of ConstructionBots.TemplatedID{Tuple{ConstructionBots.LiftIntoPlace, ConstructionBots.ObjectID}}(3) to TransformNode(433) - ConstructionBots.CachedElement{CoordinateTransformations.Transformation}(AffineMap([1.0 0.0 0.0; 0.0 1.0 0.0; 0.0 0.0 1.0], [-0.16, 0.0, 0.504]), true, 4.0699877e7)
[ Info: Staging config: setting GOAL config of ConstructionBots.TemplatedID{Tuple{ConstructionBots.LiftIntoPlace, ConstructionBots.ObjectID}}(2) to TransformNode(445) - ConstructionBots.CachedElement{CoordinateTransformations.Transformation}(AffineMap([-1.0 0.0 0.0; 0.0 -1.0 0.0; 0.0 0.0 1.0], [0.32, 0.08, 0.5760000000000001]), true, 4.0699924e7)
[ Info: Staging config: setting GOAL config of ConstructionBots.TemplatedID{Tuple{ConstructionBots.LiftIntoPlace, ConstructionBots.ObjectID}}(4) to TransformNode(459) - ConstructionBots.CachedElement{CoordinateTransformations.Transformation}(AffineMap([0.0 1.0 0.0; -1.0 0.0 0.0; 0.0 0.0 1.0], [0.24, 0.0, 0.512]), true, 4.0699979e7)
[ Info: Staging config: setting GOAL config of ConstructionBots.TemplatedID{Tuple{ConstructionBots.LiftIntoPlace, ConstructionBots.ObjectID}}(5) to TransformNode(471) - ConstructionBots.CachedElement{CoordinateTransformations.Transformation}(AffineMap([0.0 -1.0 0.0; 1.0 0.0 0.0; 0.0 0.0 1.0], [0.4, 0.0, 0.512]), true, 4.0700026e7)
[ Info: Staging config: setting GOAL config of ConstructionBots.TemplatedID{Tuple{ConstructionBots.LiftIntoPlace, ConstructionBots.AssemblyID}}(2) to TransformNode(485) - ConstructionBots.CachedElement{CoordinateTransformations.Transformation}(AffineMap([0.0 1.0 0.0; -1.0 0.0 0.0; 0.0 0.0 1.0], [-0.16, 0.0, -0.064]), true, 4.0700081e7)
[ Info: Staging config: setting GOAL config of ConstructionBots.TemplatedID{Tuple{ConstructionBots.LiftIntoPlace, ConstructionBots.AssemblyID}}(3) to TransformNode(499) - ConstructionBots.CachedElement{CoordinateTransformations.Transformation}(AffineMap([0.0 -1.0 0.0; 1.0 0.0 0.0; 0.0 0.0 1.0], [0.32, 0.0, -0.016]), true, 4.0700135e7)
[ Info: Staging config: setting GOAL config of ConstructionBots.TemplatedID{Tuple{ConstructionBots.LiftIntoPlace, ConstructionBots.AssemblyID}}(4) to TransformNode(515) - ConstructionBots.CachedElement{CoordinateTransformations.Transformation}(AffineMap([1.0 0.0 0.0; 0.0 1.0 0.0; 0.0 0.0 1.0], [0.0, 0.0, 0.0]), true, 4.0700197e7)
[ Info: Only 1 component to place at first build step--no need for ring optimization - ConstructionBots.AssemblyID(4)
[ Info: Only 1 component to place at first build step--R = 0
[ Info: Updating staging_circle for ConstructionBots.AssemblyID(1) to LazySets.Ball2Module.Ball2{Float64, StaticArraysCore.SVector{2, Float64}}([0.08218207165779438, 0.00545517964224686], 0.5841171287777026) based on ConstructionBots.TemplatedID{ConstructionBots.OpenBuildStep}(19)
[ Info: Only 1 component to place at first build step--no need for ring optimization - ConstructionBots.ObjectID(16)
[ Info: Only 1 component to place at first build step--R = 0
[ Info: Updating staging_circle for ConstructionBots.AssemblyID(2) to LazySets.Ball2Module.Ball2{Float64, StaticArraysCore.SVector{2, Float64}}([-6.598422160140219e-15, 4.899002509750264e-14], 0.41697289891955347) based on ConstructionBots.TemplatedID{ConstructionBots.OpenBuildStep}(15)
[ Info: Updating staging_circle for ConstructionBots.AssemblyID(2) to LazySets.Ball2Module.Ball2{Float64, StaticArraysCore.SVector{2, Float64}}([3.740823691086665e-12, 1.4286576412708769e-6], 0.9569905384268537) based on ConstructionBots.TemplatedID{ConstructionBots.OpenBuildStep}(14)
[ Info: Only 1 component to place at first build step--no need for ring optimization - ConstructionBots.ObjectID(11)
[ Info: Only 1 component to place at first build step--R = 0
[ Info: Updating staging_circle for ConstructionBots.AssemblyID(3) to LazySets.Ball2Module.Ball2{Float64, StaticArraysCore.SVector{2, Float64}}([-6.382629356209068e-15, 4.900453791486866e-14], 0.41697289891955347) based on ConstructionBots.TemplatedID{ConstructionBots.OpenBuildStep}(13)
[ Info: Updating staging_circle for ConstructionBots.AssemblyID(3) to LazySets.Ball2Module.Ball2{Float64, StaticArraysCore.SVector{2, Float64}}([4.46309796609416e-12, 0.031985276082193155], 1.2398662996240026) based on ConstructionBots.TemplatedID{ConstructionBots.OpenBuildStep}(12)
[ Info: Only 1 component to place at first build step--no need for ring optimization - ConstructionBots.ObjectID(10)
[ Info: Only 1 component to place at first build step--R = 0
[ Info: Updating staging_circle for ConstructionBots.AssemblyID(4) to LazySets.Ball2Module.Ball2{Float64, StaticArraysCore.SVector{2, Float64}}([-0.03999999987313704, -1.2913755321917329e-17], 0.4712166309488202) based on ConstructionBots.TemplatedID{ConstructionBots.OpenBuildStep}(11)
[ Info: Updating staging_circle for ConstructionBots.AssemblyID(4) to LazySets.Ball2Module.Ball2{Float64, StaticArraysCore.SVector{2, Float64}}([-0.017830070135163217, 3.357181358736533e-7], 1.3014799914227937) based on ConstructionBots.TemplatedID{ConstructionBots.OpenBuildStep}(10)
[ Info: Updating staging_circle for ConstructionBots.AssemblyID(4) to LazySets.Ball2Module.Ball2{Float64, StaticArraysCore.SVector{2, Float64}}([-0.1582418140244194, 2.452285094492142e-7], 1.441891732260215) based on ConstructionBots.TemplatedID{ConstructionBots.OpenBuildStep}(9)
[ Info: Updating staging_circle for ConstructionBots.AssemblyID(1) to LazySets.Ball2Module.Ball2{Float64, StaticArraysCore.SVector{2, Float64}}([0.19317033534316322, -0.021837463155978638], 1.7397231281106043) based on ConstructionBots.TemplatedID{ConstructionBots.OpenBuildStep}(18)
[ Info: Only 1 component to place at first build step--no need for ring optimization - ConstructionBots.ObjectID(15)
[ Info: Only 1 component to place at first build step--R = 0
[ Info: Updating staging_circle for ConstructionBots.AssemblyID(5) to LazySets.Ball2Module.Ball2{Float64, StaticArraysCore.SVector{2, Float64}}([1.8082837015929097e-12, -0.008000006165778378], 0.2538083323383307) based on ConstructionBots.TemplatedID{ConstructionBots.OpenBuildStep}(8)
[ Info: Updating staging_circle for ConstructionBots.AssemblyID(5) to LazySets.Ball2Module.Ball2{Float64, StaticArraysCore.SVector{2, Float64}}([-0.001272357542839318, -0.29812507422207457], 0.7065742160406852) based on ConstructionBots.TemplatedID{ConstructionBots.OpenBuildStep}(7)
[ Info: Only 1 component to place at first build step--no need for ring optimization - ConstructionBots.ObjectID(13)
[ Info: Only 1 component to place at first build step--R = 0
[ Info: Updating staging_circle for ConstructionBots.AssemblyID(6) to LazySets.Ball2Module.Ball2{Float64, StaticArraysCore.SVector{2, Float64}}([1.8082837015929101e-12, -0.008000006165778378], 0.25380833233833067) based on ConstructionBots.TemplatedID{ConstructionBots.OpenBuildStep}(6)
[ Info: Updating staging_circle for ConstructionBots.AssemblyID(6) to LazySets.Ball2Module.Ball2{Float64, StaticArraysCore.SVector{2, Float64}}([-0.0012714885458574878, -0.29812507757019036], 0.7065742160406853) based on ConstructionBots.TemplatedID{ConstructionBots.OpenBuildStep}(5)
[ Info: Only 1 component to place at first build step--no need for ring optimization - ConstructionBots.ObjectID(20)
[ Info: Only 1 component to place at first build step--R = 0
[ Info: Updating staging_circle for ConstructionBots.AssemblyID(7) to LazySets.Ball2Module.Ball2{Float64, StaticArraysCore.SVector{2, Float64}}([-1.0094387069708868e-13, 2.1806923168419704e-14], 0.1766120493055417) based on ConstructionBots.TemplatedID{ConstructionBots.OpenBuildStep}(4)
[ Info: Updating staging_circle for ConstructionBots.AssemblyID(7) to LazySets.Ball2Module.Ball2{Float64, StaticArraysCore.SVector{2, Float64}}([-4.5348226474614004e-8, 0.24081178121871308], 0.475819255034983) based on ConstructionBots.TemplatedID{ConstructionBots.OpenBuildStep}(3)
[ Info: Only 1 component to place at first build step--no need for ring optimization - ConstructionBots.ObjectID(18)
[ Info: Only 1 component to place at first build step--R = 0
[ Info: Updating staging_circle for ConstructionBots.AssemblyID(8) to LazySets.Ball2Module.Ball2{Float64, StaticArraysCore.SVector{2, Float64}}([-1.0094387069708496e-13, 2.1806923168419897e-14], 0.17661204930558239) based on ConstructionBots.TemplatedID{ConstructionBots.OpenBuildStep}(2)
[ Info: Updating staging_circle for ConstructionBots.AssemblyID(8) to LazySets.Ball2Module.Ball2{Float64, StaticArraysCore.SVector{2, Float64}}([-4.5348226474613964e-8, 0.24081178121871302], 0.4758192550349831) based on ConstructionBots.TemplatedID{ConstructionBots.OpenBuildStep}(1)
┌ Info: ring placement solution ConstructionBots.TemplatedID{ConstructionBots.OpenBuildStep}(17)
│   assembly_radius = 0.7829572453142153
│   radii = 2-element Vector{Float64}: …
│   θ_des = 2-element Vector{Float64}: …
│   θ_star = 2-element Vector{Float64}: …
└   Δθ = 2-element Vector{Float64}: …
[ Info: Updating staging_circle for ConstructionBots.AssemblyID(1) to LazySets.Ball2Module.Ball2{Float64, StaticArraysCore.SVector{2, Float64}}([0.19317033654743998, -0.021837463508941918], 1.739723119422754) based on ConstructionBots.TemplatedID{ConstructionBots.OpenBuildStep}(17)
[ Info: Updating staging_circle for ConstructionBots.AssemblyID(1) to LazySets.Ball2Module.Ball2{Float64, StaticArraysCore.SVector{2, Float64}}([0.19317033657342095, -0.021837463494866306], 1.7397231187891113) based on ConstructionBots.TemplatedID{ConstructionBots.OpenBuildStep}(16)
[ Info: Selecting staging location for ConstructionBots.AssemblyID(3)
[ Info: Updating staging_circle for ConstructionBots.AssemblyID(3) to LazySets.Ball2Module.Ball2{Float64, StaticArraysCore.SVector{2, Float64}}([-8.126075207944536e-5, -0.5827645138408979], 3.793704106618533)
[ Info: Selecting staging location for ConstructionBots.AssemblyID(2)
[ Info: Updating staging_circle for ConstructionBots.AssemblyID(2) to LazySets.Ball2Module.Ball2{Float64, StaticArraysCore.SVector{2, Float64}}([4.820674587724254e-8, 0.40245756360489865], 3.079008014910239)
[ Info: Selecting staging location for ConstructionBots.AssemblyID(1)
[ Info: Updating staging_circle for ConstructionBots.AssemblyID(1) to LazySets.Ball2Module.Ball2{Float64, StaticArraysCore.SVector{2, Float64}}([1.496018205358188, 0.9619410521282962], 9.643081689271405)
[ Info: Beginning task assignment
[ Info: Assignment: closing build step ConstructionBots.TemplatedID{ConstructionBots.OpenBuildStep}(8). 1/19 complete. 
[ Info: Assignment: closing build step ConstructionBots.TemplatedID{ConstructionBots.OpenBuildStep}(2). 2/19 complete. 
[ Info: Assignment: closing build step ConstructionBots.TemplatedID{ConstructionBots.OpenBuildStep}(1). 3/19 complete. 
[ Info: Closing Assembly ConstructionBots.AssemblyID(8)
[ Info: Assignment: closing build step ConstructionBots.TemplatedID{ConstructionBots.OpenBuildStep}(13). 4/19 complete. 
[ Info: Assignment: closing build step ConstructionBots.TemplatedID{ConstructionBots.OpenBuildStep}(6). 5/19 complete. 
[ Info: Assignment: closing build step ConstructionBots.TemplatedID{ConstructionBots.OpenBuildStep}(5). 6/19 complete. 
[ Info: Closing Assembly ConstructionBots.AssemblyID(6)
[ Info: Assignment: closing build step ConstructionBots.TemplatedID{ConstructionBots.OpenBuildStep}(11). 7/19 complete. 
[ Info: Assignment: closing build step ConstructionBots.TemplatedID{ConstructionBots.OpenBuildStep}(4). 8/19 complete. 
[ Info: Assignment: closing build step ConstructionBots.TemplatedID{ConstructionBots.OpenBuildStep}(3). 9/19 complete. 
[ Info: Closing Assembly ConstructionBots.AssemblyID(7)
[ Info: Assignment: closing build step ConstructionBots.TemplatedID{ConstructionBots.OpenBuildStep}(7). 10/19 complete. 
[ Info: Closing Assembly ConstructionBots.AssemblyID(5)
[ Info: Assignment: closing build step ConstructionBots.TemplatedID{ConstructionBots.OpenBuildStep}(12). 11/19 complete. 
[ Info: Closing Assembly ConstructionBots.AssemblyID(3)
[ Info: Assignment: closing build step ConstructionBots.TemplatedID{ConstructionBots.OpenBuildStep}(10). 12/19 complete. 
[ Info: Assignment: closing build step ConstructionBots.TemplatedID{ConstructionBots.OpenBuildStep}(9). 13/19 complete. 
[ Info: Closing Assembly ConstructionBots.AssemblyID(4)
[ Info: Assignment: closing build step ConstructionBots.TemplatedID{ConstructionBots.OpenBuildStep}(19). 14/19 complete. 
[ Info: Assignment: closing build step ConstructionBots.TemplatedID{ConstructionBots.OpenBuildStep}(15). 15/19 complete. 
[ Info: Assignment: closing build step ConstructionBots.TemplatedID{ConstructionBots.OpenBuildStep}(14). 16/19 complete. 
[ Info: Closing Assembly ConstructionBots.AssemblyID(2)
[ Info: Assignment: closing build step ConstructionBots.TemplatedID{ConstructionBots.OpenBuildStep}(18). 17/19 complete. 
[ Info: Assignment: closing build step ConstructionBots.TemplatedID{ConstructionBots.OpenBuildStep}(17). 18/19 complete. 
[ Info: Assignment: closing build step ConstructionBots.TemplatedID{ConstructionBots.OpenBuildStep}(16). 19/19 complete. 
[ Info: Closing Assembly ConstructionBots.AssemblyID(1)
[ Info: Assignment Complete!
[ Info: node ConstructionBots.TemplatedID{Tuple{ConstructionBots.RobotStart, ConstructionBots.BotID{ConstructionBots.DeliveryBot}}}(19) finished.
[ Info: node ConstructionBots.TemplatedID{Tuple{ConstructionBots.ObjectStart, ConstructionBots.ObjectID}}(20) finished.
[ Info: node ConstructionBots.TemplatedID{Tuple{ConstructionBots.ObjectStart, ConstructionBots.ObjectID}}(1) finished.
[ Info: node ConstructionBots.TemplatedID{Tuple{ConstructionBots.ObjectStart, ConstructionBots.ObjectID}}(7) finished.
[ Info: node ConstructionBots.TemplatedID{Tuple{ConstructionBots.RobotStart, ConstructionBots.BotID{ConstructionBots.DeliveryBot}}}(7) finished.
[ Info: node ConstructionBots.TemplatedID{Tuple{ConstructionBots.RobotStart, ConstructionBots.BotID{ConstructionBots.DeliveryBot}}}(2) finished.
[ Info: node ConstructionBots.TemplatedID{Tuple{ConstructionBots.ObjectStart, ConstructionBots.ObjectID}}(15) finished.
[ Info: node ConstructionBots.TemplatedID{Tuple{ConstructionBots.RobotStart, ConstructionBots.BotID{ConstructionBots.DeliveryBot}}}(14) finished.
[ Info: node ConstructionBots.TemplatedID{Tuple{ConstructionBots.ObjectStart, ConstructionBots.ObjectID}}(9) finished.
[ Info: node ConstructionBots.TemplatedID{Tuple{ConstructionBots.ObjectStart, ConstructionBots.ObjectID}}(3) finished.
[ Info: node ConstructionBots.TemplatedID{Tuple{ConstructionBots.RobotStart, ConstructionBots.BotID{ConstructionBots.DeliveryBot}}}(18) finished.
[ Info: node ConstructionBots.TemplatedID{Tuple{ConstructionBots.RobotStart, ConstructionBots.BotID{ConstructionBots.DeliveryBot}}}(21) finished.
[ Info: node ConstructionBots.TemplatedID{Tuple{ConstructionBots.RobotStart, ConstructionBots.BotID{ConstructionBots.DeliveryBot}}}(3) finished.
[ Info: node ConstructionBots.TemplatedID{Tuple{ConstructionBots.ObjectStart, ConstructionBots.ObjectID}}(12) finished.
[ Info: node ConstructionBots.TemplatedID{Tuple{ConstructionBots.ObjectStart, ConstructionBots.ObjectID}}(8) finished.
[ Info: node ConstructionBots.TemplatedID{Tuple{ConstructionBots.RobotStart, ConstructionBots.BotID{ConstructionBots.DeliveryBot}}}(11) finished.
[ Info: node ConstructionBots.TemplatedID{Tuple{ConstructionBots.AssemblyStart, ConstructionBots.AssemblyID}}(2) finished.
[ Info: node ConstructionBots.TemplatedID{Tuple{ConstructionBots.ObjectStart, ConstructionBots.ObjectID}}(4) finished.
[ Info: node ConstructionBots.TemplatedID{Tuple{ConstructionBots.RobotStart, ConstructionBots.BotID{ConstructionBots.DeliveryBot}}}(17) finished.
[ Info: node ConstructionBots.TemplatedID{Tuple{ConstructionBots.ObjectStart, ConstructionBots.ObjectID}}(19) finished.
[ Info: node ConstructionBots.TemplatedID{Tuple{ConstructionBots.AssemblyStart, ConstructionBots.AssemblyID}}(4) finished.
[ Info: node ConstructionBots.TemplatedID{Tuple{ConstructionBots.AssemblyStart, ConstructionBots.AssemblyID}}(6) finished.
[ Info: node ConstructionBots.TemplatedID{Tuple{ConstructionBots.AssemblyStart, ConstructionBots.AssemblyID}}(5) finished.
[ Info: node ConstructionBots.TemplatedID{Tuple{ConstructionBots.RobotStart, ConstructionBots.BotID{ConstructionBots.DeliveryBot}}}(13) finished.
[ Info: node ConstructionBots.TemplatedID{Tuple{ConstructionBots.AssemblyStart, ConstructionBots.AssemblyID}}(8) finished.
[ Info: node ConstructionBots.TemplatedID{Tuple{ConstructionBots.AssemblyStart, ConstructionBots.AssemblyID}}(7) finished.
[ Info: node ConstructionBots.TemplatedID{Tuple{ConstructionBots.RobotStart, ConstructionBots.BotID{ConstructionBots.DeliveryBot}}}(6) finished.
[ Info: node ConstructionBots.TemplatedID{Tuple{ConstructionBots.ObjectStart, ConstructionBots.ObjectID}}(5) finished.
[ Info: node ConstructionBots.TemplatedID{Tuple{ConstructionBots.ObjectStart, ConstructionBots.ObjectID}}(11) finished.
[ Info: node ConstructionBots.TemplatedID{Tuple{ConstructionBots.RobotStart, ConstructionBots.BotID{ConstructionBots.DeliveryBot}}}(10) finished.
[ Info: node ConstructionBots.TemplatedID{Tuple{ConstructionBots.RobotStart, ConstructionBots.BotID{ConstructionBots.DeliveryBot}}}(9) finished.
[ Info: node ConstructionBots.TemplatedID{Tuple{ConstructionBots.ObjectStart, ConstructionBots.ObjectID}}(18) finished.
[ Info: node ConstructionBots.TemplatedID{Tuple{ConstructionBots.ObjectStart, ConstructionBots.ObjectID}}(16) finished.
[ Info: node ConstructionBots.TemplatedID{Tuple{ConstructionBots.ObjectStart, ConstructionBots.ObjectID}}(17) finished.
[ Info: node ConstructionBots.TemplatedID{Tuple{ConstructionBots.AssemblyStart, ConstructionBots.AssemblyID}}(1) finished.
[ Info: node ConstructionBots.TemplatedID{Tuple{ConstructionBots.RobotStart, ConstructionBots.BotID{ConstructionBots.DeliveryBot}}}(20) finished.
[ Info: node ConstructionBots.TemplatedID{Tuple{ConstructionBots.RobotStart, ConstructionBots.BotID{ConstructionBots.DeliveryBot}}}(15) finished.
[ Info: node ConstructionBots.TemplatedID{Tuple{ConstructionBots.ObjectStart, ConstructionBots.ObjectID}}(14) finished.
[ Info: node ConstructionBots.TemplatedID{Tuple{ConstructionBots.RobotStart, ConstructionBots.BotID{ConstructionBots.DeliveryBot}}}(22) finished.
[ Info: node ConstructionBots.TemplatedID{Tuple{ConstructionBots.RobotStart, ConstructionBots.BotID{ConstructionBots.DeliveryBot}}}(5) finished.
[ Info: node ConstructionBots.TemplatedID{Tuple{ConstructionBots.ObjectStart, ConstructionBots.ObjectID}}(6) finished.
[ Info: node ConstructionBots.TemplatedID{Tuple{ConstructionBots.RobotStart, ConstructionBots.BotID{ConstructionBots.DeliveryBot}}}(1) finished.
[ Info: node ConstructionBots.TemplatedID{Tuple{ConstructionBots.RobotStart, ConstructionBots.BotID{ConstructionBots.DeliveryBot}}}(4) finished.
[ Info: node ConstructionBots.TemplatedID{Tuple{ConstructionBots.AssemblyStart, ConstructionBots.AssemblyID}}(3) finished.
[ Info: node ConstructionBots.TemplatedID{Tuple{ConstructionBots.RobotStart, ConstructionBots.BotID{ConstructionBots.DeliveryBot}}}(12) finished.
[ Info: node ConstructionBots.TemplatedID{Tuple{ConstructionBots.RobotStart, ConstructionBots.BotID{ConstructionBots.DeliveryBot}}}(8) finished.
[ Info: node ConstructionBots.TemplatedID{Tuple{ConstructionBots.RobotStart, ConstructionBots.BotID{ConstructionBots.DeliveryBot}}}(16) finished.
[ Info: node ConstructionBots.TemplatedID{Tuple{ConstructionBots.ObjectStart, ConstructionBots.ObjectID}}(2) finished.
[ Info: node ConstructionBots.TemplatedID{Tuple{ConstructionBots.ObjectStart, ConstructionBots.ObjectID}}(13) finished.
[ Info: node ConstructionBots.TemplatedID{Tuple{ConstructionBots.ObjectStart, ConstructionBots.ObjectID}}(10) finished.
[ Info: node ConstructionBots.TemplatedID{ConstructionBots.OpenBuildStep}(19) finished.
[ Info: node ConstructionBots.TemplatedID{ConstructionBots.OpenBuildStep}(13) finished.
[ Info: node ConstructionBots.TemplatedID{ConstructionBots.OpenBuildStep}(11) finished.
[ Info: node ConstructionBots.TemplatedID{ConstructionBots.OpenBuildStep}(6) finished.
[ Info: node ConstructionBots.TemplatedID{ConstructionBots.OpenBuildStep}(2) finished.
[ Info: node ConstructionBots.TemplatedID{ConstructionBots.OpenBuildStep}(15) finished.
[ Info: node ConstructionBots.TemplatedID{ConstructionBots.OpenBuildStep}(8) finished.
[ Info: node ConstructionBots.TemplatedID{ConstructionBots.OpenBuildStep}(4) finished.
[ Info: [RESPEC] OOD event: A multi-robot transport team is deadlocked while forming: some members are waiting in their carrying positions but the team cannot complete and the build has stalled. Re-establish the stuck transport team(s).
[ Info: [RESPEC] LLM proposal: [ReformTeam]  rationale: oracle macro 4
┌ Warning: [RESPEC][DIAG] reform declined, NO team forming (stall is NOT a team wedge). types=Dict("RobotGo" => 22) | Go-nodes: AT-goal/waiting=0 EN-ROUTE=22 dist[min=0.71 max=20.18 mean=9.29] | active_zones=0 => NAVIGATION stall (blocked/congested)
└ @ ConstructionBots C:\Users\chahj\PythonCodes\venv\ConstructionBots.jl\src\respec\verifier.jl:399
┌ Warning: [RESPEC] reform: no safe recovery applicable (no_team) -> no-op (build continues)
└ @ ConstructionBots C:\Users\chahj\PythonCodes\venv\ConstructionBots.jl\src\respec\replan.jl:721
[ Info: node ConstructionBots.ActionID(2) finished.
[ Info: node ConstructionBots.ActionID(46) finished.
[ Info: New RVO simulation
[ Info: [RESPEC] OOD event: A no-go exclusion zone has appeared at (0.16, 0.0) over the central build area, covering 8 of the 8 final-assembly delivery points; the work region must be moved clear of the restricted region.
[ Info: [RESPEC] LLM proposal: [RelocateBuild]  rationale: oracle macro 7
[ Info: [RESPEC] whole-build relocation verified -> translate the entire build clear of the zone
[ Info: [WHOLE-BUILD] translated Δ=[-3.026, -2.022] |Δ|=3.64 footprint(R=9.64); residual=0 -> translated
[ Info: [RESPEC] whole-build translated Δ=[-3.0256120774937827, -2.021649356811974] -> admitted
Simulating...   1%|█                                                 |  ETA: 0:05:22 ( 1.27  s/it)[K
   step_num: 10[K
   n_closed: 60[K
    n_total: 313[K[A[A[A[ Info: node ConstructionBots.TemplatedID{Tuple{ConstructionBots.FormTransportUnit, ConstructionBots.TemplatedID{Tuple{ConstructionBots.TransportUnitNode, ConstructionBots.ObjectID}}}}(17) finished.



[K[A[K[A[K[ASimulating...   1%|█                                                 |  ETA: 0:04:58 ( 1.18  s/it)[K
   step_num: 60[K
   n_closed: 61[K
    n_total: 313[K[A[A[A[ Info: node ConstructionBots.ActionID(8) finished.



[K[A[K[A[K[ASimulating...   2%|█                                                 |  ETA: 0:04:46 ( 1.14  s/it)[K
   step_num: 112[K
   n_closed: 62[K
    n_total: 313[K[A[A[A[ Info: node ConstructionBots.ActionID(4) finished.
[ Info: node ConstructionBots.ActionID(48) finished.
[ Info: New RVO simulation
[ Info: node ConstructionBots.ActionID(6) finished.
[ Info: node ConstructionBots.TemplatedID{Tuple{ConstructionBots.FormTransportUnit, ConstructionBots.TemplatedID{Tuple{ConstructionBots.TransportUnitNode, ConstructionBots.ObjectID}}}}(18) finished.
[ Info: node ConstructionBots.ActionID(58) finished.
[ Info: New RVO simulation
[ Info: node ConstructionBots.ActionID(18) finished.
[ Info: node ConstructionBots.ActionID(64) finished.
[ Info: New RVO simulation
[ Info: node ConstructionBots.TemplatedID{Tuple{ConstructionBots.FormTransportUnit, ConstructionBots.TemplatedID{Tuple{ConstructionBots.TransportUnitNode, ConstructionBots.ObjectID}}}}(13) finished.
[ Info: node ConstructionBots.TemplatedID{Tuple{ConstructionBots.FormTransportUnit, ConstructionBots.TemplatedID{Tuple{ConstructionBots.TransportUnitNode, ConstructionBots.ObjectID}}}}(15) finished.
[ Info: node ConstructionBots.ActionID(16) finished.
[ Info: node ConstructionBots.ActionID(14) finished.
[ Info: node ConstructionBots.ActionID(56) finished.
[ Info: node ConstructionBots.ActionID(55) finished.
[ Info: New RVO simulation
[ Info: node ConstructionBots.TemplatedID{Tuple{ConstructionBots.FormTransportUnit, ConstructionBots.TemplatedID{Tuple{ConstructionBots.TransportUnitNode, ConstructionBots.ObjectID}}}}(12) finished.



[K[A[K[A[K[ASimulating...   7%|████                                              |  ETA: 0:01:15 ( 0.32  s/it)[K
   step_num: 174[K
   n_closed: 76[K
    n_total: 313[K[A[A[A[ Info: node ConstructionBots.TemplatedID{Tuple{ConstructionBots.TransportUnitGo, ConstructionBots.TemplatedID{Tuple{ConstructionBots.TransportUnitNode, ConstructionBots.ObjectID}}}}(18) finished.
[ Info: node ConstructionBots.TemplatedID{Tuple{ConstructionBots.DepositCargo, ConstructionBots.TemplatedID{Tuple{ConstructionBots.TransportUnitNode, ConstructionBots.ObjectID}}}}(18) finished.
[ Info: node ConstructionBots.TemplatedID{Tuple{ConstructionBots.LiftIntoPlace, ConstructionBots.ObjectID}}(18) finished.
[ Info: Closing BuildingStep ConstructionBots.TemplatedID{ConstructionBots.CloseBuildStep}(2)
[ Info: node ConstructionBots.TemplatedID{ConstructionBots.CloseBuildStep}(2) finished.
[ Info: node ConstructionBots.TemplatedID{ConstructionBots.OpenBuildStep}(1) finished.
[ Info: New RVO simulation
[ Info: node ConstructionBots.TemplatedID{Tuple{ConstructionBots.TransportUnitGo, ConstructionBots.TemplatedID{Tuple{ConstructionBots.TransportUnitNode, ConstructionBots.ObjectID}}}}(17) finished.
[ Info: node ConstructionBots.ActionID(47) finished.
[ Info: node ConstructionBots.ActionID(52) finished.
[ Info: New RVO simulation
[ Info: node ConstructionBots.TemplatedID{Tuple{ConstructionBots.FormTransportUnit, ConstructionBots.TemplatedID{Tuple{ConstructionBots.TransportUnitNode, ConstructionBots.ObjectID}}}}(20) finished.



[K[A[K[A[K[ASimulating...  11%|██████                                            |  ETA: 0:00:57 ( 0.25  s/it)[K
   step_num: 237[K
   n_closed: 85[K
    n_total: 313[K[A[A[A[ Info: node ConstructionBots.TemplatedID{Tuple{ConstructionBots.TransportUnitGo, ConstructionBots.TemplatedID{Tuple{ConstructionBots.TransportUnitNode, ConstructionBots.ObjectID}}}}(20) finished.
[ Info: node ConstructionBots.TemplatedID{Tuple{ConstructionBots.DepositCargo, ConstructionBots.TemplatedID{Tuple{ConstructionBots.TransportUnitNode, ConstructionBots.ObjectID}}}}(20) finished.
[ Info: node ConstructionBots.TemplatedID{Tuple{ConstructionBots.LiftIntoPlace, ConstructionBots.ObjectID}}(20) finished.
[ Info: Closing BuildingStep ConstructionBots.TemplatedID{ConstructionBots.CloseBuildStep}(4)
[ Info: node ConstructionBots.TemplatedID{ConstructionBots.CloseBuildStep}(4) finished.
[ Info: node ConstructionBots.TemplatedID{ConstructionBots.OpenBuildStep}(3) finished.
[ Info: New RVO simulation
[ Info: node ConstructionBots.TemplatedID{Tuple{ConstructionBots.DepositCargo, ConstructionBots.TemplatedID{Tuple{ConstructionBots.TransportUnitNode, ConstructionBots.ObjectID}}}}(17) finished.
[ Info: New RVO simulation
[ Info: node ConstructionBots.TemplatedID{Tuple{ConstructionBots.LiftIntoPlace, ConstructionBots.ObjectID}}(17) finished.
[ Info: Closing BuildingStep ConstructionBots.TemplatedID{ConstructionBots.CloseBuildStep}(1)
[ Info: node ConstructionBots.TemplatedID{ConstructionBots.CloseBuildStep}(1) finished.
[ Info: node ConstructionBots.TemplatedID{Tuple{ConstructionBots.AssemblyComplete, ConstructionBots.AssemblyID}}(8) finished.
[ Info: node ConstructionBots.ActionID(51) finished.
[ Info: node ConstructionBots.ActionID(50) finished.
[ Info: New RVO simulation
[ Info: node ConstructionBots.TemplatedID{Tuple{ConstructionBots.FormTransportUnit, ConstructionBots.TemplatedID{Tuple{ConstructionBots.TransportUnitNode, ConstructionBots.ObjectID}}}}(19) finished.



[K[A[K[A[K[ASimulating...  15%|████████                                          |  ETA: 0:00:43 ( 0.20  s/it)[K
   step_num: 296[K
   n_closed: 97[K
    n_total: 313[K[A[A[A[ Info: node ConstructionBots.TemplatedID{Tuple{ConstructionBots.TransportUnitGo, ConstructionBots.TemplatedID{Tuple{ConstructionBots.TransportUnitNode, ConstructionBots.ObjectID}}}}(19) finished.
[ Info: node ConstructionBots.TemplatedID{Tuple{ConstructionBots.DepositCargo, ConstructionBots.TemplatedID{Tuple{ConstructionBots.TransportUnitNode, ConstructionBots.ObjectID}}}}(19) finished.
[ Info: New RVO simulation
[ Info: node ConstructionBots.TemplatedID{Tuple{ConstructionBots.LiftIntoPlace, ConstructionBots.ObjectID}}(19) finished.
[ Info: Closing BuildingStep ConstructionBots.TemplatedID{ConstructionBots.CloseBuildStep}(3)
[ Info: node ConstructionBots.TemplatedID{ConstructionBots.CloseBuildStep}(3) finished.
[ Info: node ConstructionBots.TemplatedID{Tuple{ConstructionBots.AssemblyComplete, ConstructionBots.AssemblyID}}(7) finished.
[ Info: node ConstructionBots.ActionID(45) finished.
[ Info: node ConstructionBots.ActionID(49) finished.
[ Info: node ConstructionBots.ActionID(62) finished.
[ Info: node ConstructionBots.ActionID(61) finished.
[ Info: New RVO simulation
[ Info: node ConstructionBots.TemplatedID{Tuple{ConstructionBots.FormTransportUnit, ConstructionBots.TemplatedID{Tuple{ConstructionBots.TransportUnitNode, ConstructionBots.ObjectID}}}}(14) finished.



[K[A[K[A[K[ASimulating...  19%|██████████                                        |  ETA: 0:00:37 ( 0.18  s/it)[K
   step_num: 351[K
   n_closed: 107[K
    n_total: 313[K[A[A[A


[K[A[K[A[K[ASimulating...  19%|██████████                                        |  ETA: 0:00:41 ( 0.20  s/it)[K
   step_num: 415[K
   n_closed: 107[K
    n_total: 313[K[A[A[A[ Info: node ConstructionBots.TemplatedID{Tuple{ConstructionBots.TransportUnitGo, ConstructionBots.TemplatedID{Tuple{ConstructionBots.TransportUnitNode, ConstructionBots.ObjectID}}}}(13) finished.
[ Info: node ConstructionBots.TemplatedID{Tuple{ConstructionBots.DepositCargo, ConstructionBots.TemplatedID{Tuple{ConstructionBots.TransportUnitNode, ConstructionBots.ObjectID}}}}(13) finished.
[ Info: node ConstructionBots.TemplatedID{Tuple{ConstructionBots.LiftIntoPlace, ConstructionBots.ObjectID}}(13) finished.
[ Info: Closing BuildingStep ConstructionBots.TemplatedID{ConstructionBots.CloseBuildStep}(6)
[ Info: node ConstructionBots.TemplatedID{ConstructionBots.CloseBuildStep}(6) finished.
[ Info: node ConstructionBots.TemplatedID{ConstructionBots.OpenBuildStep}(5) finished.
[ Info: New RVO simulation



[K[A[K[A[K[ASimulating...  21%|███████████                                       |  ETA: 0:00:40 ( 0.20  s/it)[K
   step_num: 478[K
   n_closed: 112[K
    n_total: 313[K[A[A[A[ Info: node ConstructionBots.TemplatedID{Tuple{ConstructionBots.TransportUnitGo, ConstructionBots.TemplatedID{Tuple{ConstructionBots.TransportUnitNode, ConstructionBots.ObjectID}}}}(12) finished.
[ Info: node ConstructionBots.TemplatedID{Tuple{ConstructionBots.DepositCargo, ConstructionBots.TemplatedID{Tuple{ConstructionBots.TransportUnitNode, ConstructionBots.ObjectID}}}}(12) finished.
[ Info: New RVO simulation
[ Info: node ConstructionBots.TemplatedID{Tuple{ConstructionBots.LiftIntoPlace, ConstructionBots.ObjectID}}(12) finished.
[ Info: Closing BuildingStep ConstructionBots.TemplatedID{ConstructionBots.CloseBuildStep}(5)
[ Info: node ConstructionBots.TemplatedID{ConstructionBots.CloseBuildStep}(5) finished.
[ Info: node ConstructionBots.TemplatedID{Tuple{ConstructionBots.AssemblyComplete, ConstructionBots.AssemblyID}}(6) finished.
[ Info: node ConstructionBots.TemplatedID{Tuple{ConstructionBots.TransportUnitGo, ConstructionBots.TemplatedID{Tuple{ConstructionBots.TransportUnitNode, ConstructionBots.ObjectID}}}}(15) finished.
[ Info: node ConstructionBots.TemplatedID{Tuple{ConstructionBots.DepositCargo, ConstructionBots.TemplatedID{Tuple{ConstructionBots.TransportUnitNode, ConstructionBots.ObjectID}}}}(15) finished.
[ Info: node ConstructionBots.TemplatedID{Tuple{ConstructionBots.LiftIntoPlace, ConstructionBots.ObjectID}}(15) finished.
[ Info: Closing BuildingStep ConstructionBots.TemplatedID{ConstructionBots.CloseBuildStep}(8)
[ Info: node ConstructionBots.TemplatedID{ConstructionBots.CloseBuildStep}(8) finished.
[ Info: node ConstructionBots.TemplatedID{ConstructionBots.OpenBuildStep}(7) finished.
[ Info: New RVO simulation
[ Info: node ConstructionBots.ActionID(20) finished.
[ Info: node ConstructionBots.ActionID(94) finished.
[ Info: node ConstructionBots.ActionID(93) finished.
[ Info: New RVO simulation
[ Info: node ConstructionBots.TemplatedID{Tuple{ConstructionBots.FormTransportUnit, ConstructionBots.TemplatedID{Tuple{ConstructionBots.TransportUnitNode, ConstructionBots.ObjectID}}}}(11) finished.
[ Info: node ConstructionBots.ActionID(54) finished.
[ Info: node ConstructionBots.ActionID(53) finished.
[ Info: node ConstructionBots.ActionID(57) finished.
[ Info: node ConstructionBots.ActionID(82) finished.
[ Info: node ConstructionBots.ActionID(81) finished.
[ Info: New RVO simulation
[ Info: node ConstructionBots.TemplatedID{Tuple{ConstructionBots.FormTransportUnit, ConstructionBots.TemplatedID{Tuple{ConstructionBots.TransportUnitNode, ConstructionBots.ObjectID}}}}(10) finished.
[ Info: node ConstructionBots.TemplatedID{Tuple{ConstructionBots.TransportUnitGo, ConstructionBots.TemplatedID{Tuple{ConstructionBots.TransportUnitNode, ConstructionBots.ObjectID}}}}(14) finished.



[K[A[K[A[K[ASimulating...  29%|███████████████                                   |  ETA: 0:00:28 ( 0.16  s/it)[K
   step_num: 547[K
   n_closed: 133[K
    n_total: 313[K[A[A[A[ Info: node ConstructionBots.TemplatedID{Tuple{ConstructionBots.DepositCargo, ConstructionBots.TemplatedID{Tuple{ConstructionBots.TransportUnitNode, ConstructionBots.ObjectID}}}}(14) finished.
[ Info: New RVO simulation
[ Info: node ConstructionBots.TemplatedID{Tuple{ConstructionBots.LiftIntoPlace, ConstructionBots.ObjectID}}(14) finished.
[ Info: Closing BuildingStep ConstructionBots.TemplatedID{ConstructionBots.CloseBuildStep}(7)
[ Info: node ConstructionBots.TemplatedID{ConstructionBots.CloseBuildStep}(7) finished.
[ Info: node ConstructionBots.TemplatedID{Tuple{ConstructionBots.AssemblyComplete, ConstructionBots.AssemblyID}}(5) finished.
[ Info: node ConstructionBots.ActionID(63) finished.
[ Info: node ConstructionBots.ActionID(10) finished.
[ Info: node ConstructionBots.ActionID(12) finished.
[ Info: node ConstructionBots.ActionID(85) finished.
[ Info: node ConstructionBots.ActionID(86) finished.
[ Info: New RVO simulation
[ Info: node ConstructionBots.TemplatedID{Tuple{ConstructionBots.FormTransportUnit, ConstructionBots.TemplatedID{Tuple{ConstructionBots.TransportUnitNode, ConstructionBots.AssemblyID}}}}(6) finished.
[ Info: node ConstructionBots.TemplatedID{Tuple{ConstructionBots.TransportUnitGo, ConstructionBots.TemplatedID{Tuple{ConstructionBots.TransportUnitNode, ConstructionBots.ObjectID}}}}(10) finished.
[ Info: node ConstructionBots.TemplatedID{Tuple{ConstructionBots.DepositCargo, ConstructionBots.TemplatedID{Tuple{ConstructionBots.TransportUnitNode, ConstructionBots.ObjectID}}}}(10) finished.
[ Info: node ConstructionBots.TemplatedID{Tuple{ConstructionBots.LiftIntoPlace, ConstructionBots.ObjectID}}(10) finished.
[ Info: Closing BuildingStep ConstructionBots.TemplatedID{ConstructionBots.CloseBuildStep}(11)
[ Info: node ConstructionBots.TemplatedID{ConstructionBots.CloseBuildStep}(11) finished.
[ Info: node ConstructionBots.TemplatedID{ConstructionBots.OpenBuildStep}(10) finished.
[ Info: New RVO simulation
[ Info: node ConstructionBots.TemplatedID{Tuple{ConstructionBots.TransportUnitGo, ConstructionBots.TemplatedID{Tuple{ConstructionBots.TransportUnitNode, ConstructionBots.ObjectID}}}}(11) finished.
[ Info: node ConstructionBots.TemplatedID{Tuple{ConstructionBots.DepositCargo, ConstructionBots.TemplatedID{Tuple{ConstructionBots.TransportUnitNode, ConstructionBots.ObjectID}}}}(11) finished.
[ Info: node ConstructionBots.TemplatedID{Tuple{ConstructionBots.LiftIntoPlace, ConstructionBots.ObjectID}}(11) finished.
[ Info: Closing BuildingStep ConstructionBots.TemplatedID{ConstructionBots.CloseBuildStep}(13)
[ Info: node ConstructionBots.TemplatedID{ConstructionBots.CloseBuildStep}(13) finished.
[ Info: node ConstructionBots.TemplatedID{ConstructionBots.OpenBuildStep}(12) finished.
[ Info: New RVO simulation



[K[A[K[A[K[ASimulating...  37%|███████████████████                               |  ETA: 0:00:22 ( 0.13  s/it)[K
   step_num: 609[K
   n_closed: 153[K
    n_total: 313[K[A[A[A[ Info: node ConstructionBots.ActionID(80) finished.
[ Info: node ConstructionBots.ActionID(91) finished.
[ Info: node ConstructionBots.ActionID(89) finished.
[ Info: node ConstructionBots.ActionID(90) finished.
[ Info: New RVO simulation
[ Info: node ConstructionBots.TemplatedID{Tuple{ConstructionBots.FormTransportUnit, ConstructionBots.TemplatedID{Tuple{ConstructionBots.TransportUnitNode, ConstructionBots.AssemblyID}}}}(5) finished.
[ Info: node ConstructionBots.ActionID(92) finished.
[ Info: node ConstructionBots.ActionID(74) finished.
[ Info: node ConstructionBots.ActionID(73) finished.
[ Info: New RVO simulation
[ Info: node ConstructionBots.TemplatedID{Tuple{ConstructionBots.FormTransportUnit, ConstructionBots.TemplatedID{Tuple{ConstructionBots.TransportUnitNode, ConstructionBots.ObjectID}}}}(8) finished.
[ Info: node ConstructionBots.TemplatedID{Tuple{ConstructionBots.TransportUnitGo, ConstructionBots.TemplatedID{Tuple{ConstructionBots.TransportUnitNode, ConstructionBots.AssemblyID}}}}(5) finished.
[ Info: node ConstructionBots.TemplatedID{Tuple{ConstructionBots.TransportUnitGo, ConstructionBots.TemplatedID{Tuple{ConstructionBots.TransportUnitNode, ConstructionBots.AssemblyID}}}}(6) finished.
[ Info: node ConstructionBots.TemplatedID{Tuple{ConstructionBots.DepositCargo, ConstructionBots.TemplatedID{Tuple{ConstructionBots.TransportUnitNode, ConstructionBots.AssemblyID}}}}(5) finished.
[ Info: New RVO simulation



[K[A[K[A[K[ASimulating...  42%|█████████████████████                             |  ETA: 0:00:19 ( 0.13  s/it)[K
   step_num: 666[K
   n_closed: 165[K
    n_total: 313[K[A[A[A[ Info: node ConstructionBots.TemplatedID{Tuple{ConstructionBots.DepositCargo, ConstructionBots.TemplatedID{Tuple{ConstructionBots.TransportUnitNode, ConstructionBots.AssemblyID}}}}(6) finished.
[ Info: New RVO simulation
[ Info: node ConstructionBots.TemplatedID{Tuple{ConstructionBots.LiftIntoPlace, ConstructionBots.AssemblyID}}(5) finished.
[ Info: node ConstructionBots.TemplatedID{Tuple{ConstructionBots.LiftIntoPlace, ConstructionBots.AssemblyID}}(6) finished.
[ Info: Closing BuildingStep ConstructionBots.TemplatedID{ConstructionBots.CloseBuildStep}(12)
[ Info: node ConstructionBots.TemplatedID{ConstructionBots.CloseBuildStep}(12) finished.
[ Info: node ConstructionBots.TemplatedID{Tuple{ConstructionBots.AssemblyComplete, ConstructionBots.AssemblyID}}(3) finished.
[ Info: node ConstructionBots.ActionID(79) finished.
[ Info: node ConstructionBots.ActionID(60) finished.
[ Info: node ConstructionBots.ActionID(59) finished.
[ Info: node ConstructionBots.TemplatedID{Tuple{ConstructionBots.TransportUnitGo, ConstructionBots.TemplatedID{Tuple{ConstructionBots.TransportUnitNode, ConstructionBots.ObjectID}}}}(8) finished.
[ Info: node ConstructionBots.TemplatedID{Tuple{ConstructionBots.DepositCargo, ConstructionBots.TemplatedID{Tuple{ConstructionBots.TransportUnitNode, ConstructionBots.ObjectID}}}}(8) finished.
[ Info: New RVO simulation
[ Info: node ConstructionBots.ActionID(88) finished.
[ Info: node ConstructionBots.TemplatedID{Tuple{ConstructionBots.LiftIntoPlace, ConstructionBots.ObjectID}}(8) finished.



[K[A[K[A[K[ASimulating...  47%|████████████████████████                          |  ETA: 0:00:17 ( 0.12  s/it)[K
   step_num: 724[K
   n_closed: 177[K
    n_total: 313[K[A[A[A[ Info: node ConstructionBots.ActionID(72) finished.
[ Info: node ConstructionBots.ActionID(78) finished.
[ Info: node ConstructionBots.ActionID(77) finished.
[ Info: New RVO simulation
[ Info: node ConstructionBots.ActionID(83) finished.
[ Info: node ConstructionBots.TemplatedID{Tuple{ConstructionBots.FormTransportUnit, ConstructionBots.TemplatedID{Tuple{ConstructionBots.TransportUnitNode, ConstructionBots.ObjectID}}}}(9) finished.
[ Info: node ConstructionBots.ActionID(84) finished.
[ Info: node ConstructionBots.ActionID(66) finished.
[ Info: New RVO simulation
[ Info: node ConstructionBots.TemplatedID{Tuple{ConstructionBots.FormTransportUnit, ConstructionBots.TemplatedID{Tuple{ConstructionBots.TransportUnitNode, ConstructionBots.ObjectID}}}}(7) finished.
[ Info: node ConstructionBots.TemplatedID{Tuple{ConstructionBots.TransportUnitGo, ConstructionBots.TemplatedID{Tuple{ConstructionBots.TransportUnitNode, ConstructionBots.ObjectID}}}}(9) finished.
[ Info: node ConstructionBots.TemplatedID{Tuple{ConstructionBots.DepositCargo, ConstructionBots.TemplatedID{Tuple{ConstructionBots.TransportUnitNode, ConstructionBots.ObjectID}}}}(9) finished.
[ Info: New RVO simulation
[ Info: node ConstructionBots.TemplatedID{Tuple{ConstructionBots.LiftIntoPlace, ConstructionBots.ObjectID}}(9) finished.
[ Info: Closing BuildingStep ConstructionBots.TemplatedID{ConstructionBots.CloseBuildStep}(10)
[ Info: node ConstructionBots.TemplatedID{ConstructionBots.CloseBuildStep}(10) finished.
[ Info: node ConstructionBots.TemplatedID{ConstructionBots.OpenBuildStep}(9) finished.



[K[A[K[A[K[ASimulating...  52%|██████████████████████████                        |  ETA: 0:00:15 ( 0.12  s/it)[K
   step_num: 791[K
   n_closed: 190[K
    n_total: 313[K[A[A[A[ Info: node ConstructionBots.ActionID(71) finished.
[ Info: node ConstructionBots.ActionID(70) finished.
[ Info: node ConstructionBots.ActionID(69) finished.
[ Info: New RVO simulation
[ Info: node ConstructionBots.TemplatedID{Tuple{ConstructionBots.FormTransportUnit, ConstructionBots.TemplatedID{Tuple{ConstructionBots.TransportUnitNode, ConstructionBots.ObjectID}}}}(6) finished.
[ Info: node ConstructionBots.TemplatedID{Tuple{ConstructionBots.TransportUnitGo, ConstructionBots.TemplatedID{Tuple{ConstructionBots.TransportUnitNode, ConstructionBots.ObjectID}}}}(7) finished.
[ Info: node ConstructionBots.TemplatedID{Tuple{ConstructionBots.DepositCargo, ConstructionBots.TemplatedID{Tuple{ConstructionBots.TransportUnitNode, ConstructionBots.ObjectID}}}}(7) finished.
[ Info: New RVO simulation
[ Info: node ConstructionBots.TemplatedID{Tuple{ConstructionBots.TransportUnitGo, ConstructionBots.TemplatedID{Tuple{ConstructionBots.TransportUnitNode, ConstructionBots.ObjectID}}}}(6) finished.
[ Info: node ConstructionBots.TemplatedID{Tuple{ConstructionBots.LiftIntoPlace, ConstructionBots.ObjectID}}(7) finished.
[ Info: node ConstructionBots.TemplatedID{Tuple{ConstructionBots.DepositCargo, ConstructionBots.TemplatedID{Tuple{ConstructionBots.TransportUnitNode, ConstructionBots.ObjectID}}}}(6) finished.
[ Info: New RVO simulation
[ Info: node ConstructionBots.ActionID(76) finished.
[ Info: node ConstructionBots.TemplatedID{Tuple{ConstructionBots.LiftIntoPlace, ConstructionBots.ObjectID}}(6) finished.
[ Info: Closing BuildingStep ConstructionBots.TemplatedID{ConstructionBots.CloseBuildStep}(9)
[ Info: node ConstructionBots.TemplatedID{ConstructionBots.CloseBuildStep}(9) finished.
[ Info: node ConstructionBots.TemplatedID{Tuple{ConstructionBots.AssemblyComplete, ConstructionBots.AssemblyID}}(4) finished.
[ Info: node ConstructionBots.ActionID(102) finished.
[ Info: node ConstructionBots.ActionID(101) finished.
[ Info: New RVO simulation



[K[A[K[A[K[ASimulating...  58%|█████████████████████████████                     |  ETA: 0:00:12 ( 0.12  s/it)[K
   step_num: 857[K
   n_closed: 205[K
    n_total: 313[K[A[A[A[ Info: node ConstructionBots.TemplatedID{Tuple{ConstructionBots.FormTransportUnit, ConstructionBots.TemplatedID{Tuple{ConstructionBots.TransportUnitNode, ConstructionBots.ObjectID}}}}(16) finished.
[ Info: node ConstructionBots.ActionID(65) finished.
[ Info: node ConstructionBots.ActionID(75) finished.
[ Info: node ConstructionBots.ActionID(130) finished.
[ Info: node ConstructionBots.ActionID(129) finished.
[ Info: New RVO simulation
[ Info: node ConstructionBots.TemplatedID{Tuple{ConstructionBots.FormTransportUnit, ConstructionBots.TemplatedID{Tuple{ConstructionBots.TransportUnitNode, ConstructionBots.AssemblyID}}}}(4) finished.
[ Info: node ConstructionBots.ActionID(67) finished.
[ Info: node ConstructionBots.ActionID(98) finished.
[ Info: New RVO simulation
[ Info: node ConstructionBots.TemplatedID{Tuple{ConstructionBots.FormTransportUnit, ConstructionBots.TemplatedID{Tuple{ConstructionBots.TransportUnitNode, ConstructionBots.AssemblyID}}}}(7) finished.
[ Info: node ConstructionBots.ActionID(68) finished.
[ Info: node ConstructionBots.ActionID(96) finished.
[ Info: New RVO simulation
[ Info: node ConstructionBots.TemplatedID{Tuple{ConstructionBots.FormTransportUnit, ConstructionBots.TemplatedID{Tuple{ConstructionBots.TransportUnitNode, ConstructionBots.AssemblyID}}}}(8) finished.



[K[A[K[A[K[ASimulating...  62%|████████████████████████████████                  |  ETA: 0:00:11 ( 0.11  s/it)[K
   step_num: 918[K
   n_closed: 217[K
    n_total: 313[K[A[A[A[ Info: node ConstructionBots.TemplatedID{Tuple{ConstructionBots.TransportUnitGo, ConstructionBots.TemplatedID{Tuple{ConstructionBots.TransportUnitNode, ConstructionBots.ObjectID}}}}(16) finished.
[ Info: node ConstructionBots.TemplatedID{Tuple{ConstructionBots.DepositCargo, ConstructionBots.TemplatedID{Tuple{ConstructionBots.TransportUnitNode, ConstructionBots.ObjectID}}}}(16) finished.
[ Info: node ConstructionBots.TemplatedID{Tuple{ConstructionBots.LiftIntoPlace, ConstructionBots.ObjectID}}(16) finished.
[ Info: Closing BuildingStep ConstructionBots.TemplatedID{ConstructionBots.CloseBuildStep}(15)
[ Info: node ConstructionBots.TemplatedID{ConstructionBots.CloseBuildStep}(15) finished.
[ Info: node ConstructionBots.TemplatedID{ConstructionBots.OpenBuildStep}(14) finished.
[ Info: New RVO simulation
[ Info: node ConstructionBots.TemplatedID{Tuple{ConstructionBots.TransportUnitGo, ConstructionBots.TemplatedID{Tuple{ConstructionBots.TransportUnitNode, ConstructionBots.AssemblyID}}}}(4) finished.
[ Info: node ConstructionBots.TemplatedID{Tuple{ConstructionBots.DepositCargo, ConstructionBots.TemplatedID{Tuple{ConstructionBots.TransportUnitNode, ConstructionBots.AssemblyID}}}}(4) finished.
[ Info: node ConstructionBots.TemplatedID{Tuple{ConstructionBots.LiftIntoPlace, ConstructionBots.AssemblyID}}(4) finished.
[ Info: Closing BuildingStep ConstructionBots.TemplatedID{ConstructionBots.CloseBuildStep}(19)
[ Info: node ConstructionBots.TemplatedID{ConstructionBots.CloseBuildStep}(19) finished.
[ Info: node ConstructionBots.TemplatedID{ConstructionBots.OpenBuildStep}(18) finished.
[ Info: New RVO simulation
[ Info: node ConstructionBots.TemplatedID{Tuple{ConstructionBots.TransportUnitGo, ConstructionBots.TemplatedID{Tuple{ConstructionBots.TransportUnitNode, ConstructionBots.AssemblyID}}}}(7) finished.
[ Info: node ConstructionBots.TemplatedID{Tuple{ConstructionBots.DepositCargo, ConstructionBots.TemplatedID{Tuple{ConstructionBots.TransportUnitNode, ConstructionBots.AssemblyID}}}}(7) finished.
[ Info: New RVO simulation
[ Info: node ConstructionBots.TemplatedID{Tuple{ConstructionBots.TransportUnitGo, ConstructionBots.TemplatedID{Tuple{ConstructionBots.TransportUnitNode, ConstructionBots.AssemblyID}}}}(8) finished.



[K[A[K[A[K[ASimulating...  67%|██████████████████████████████████                |  ETA: 0:00:09 ( 0.11  s/it)[K
   step_num: 974[K
   n_closed: 230[K
    n_total: 313[K[A[A[A[ Info: node ConstructionBots.TemplatedID{Tuple{ConstructionBots.DepositCargo, ConstructionBots.TemplatedID{Tuple{ConstructionBots.TransportUnitNode, ConstructionBots.AssemblyID}}}}(8) finished.
[ Info: New RVO simulation
[ Info: node ConstructionBots.TemplatedID{Tuple{ConstructionBots.LiftIntoPlace, ConstructionBots.AssemblyID}}(7) finished.
[ Info: node ConstructionBots.ActionID(87) finished.
[ Info: node ConstructionBots.ActionID(108) finished.
[ Info: New RVO simulation
[ Info: node ConstructionBots.TemplatedID{Tuple{ConstructionBots.FormTransportUnit, ConstructionBots.TemplatedID{Tuple{ConstructionBots.TransportUnitNode, ConstructionBots.ObjectID}}}}(2) finished.
[ Info: node ConstructionBots.TemplatedID{Tuple{ConstructionBots.LiftIntoPlace, ConstructionBots.AssemblyID}}(8) finished.
[ Info: Closing BuildingStep ConstructionBots.TemplatedID{ConstructionBots.CloseBuildStep}(14)
[ Info: node ConstructionBots.TemplatedID{ConstructionBots.CloseBuildStep}(14) finished.
[ Info: node ConstructionBots.TemplatedID{Tuple{ConstructionBots.AssemblyComplete, ConstructionBots.AssemblyID}}(2) finished.
[ Info: node ConstructionBots.ActionID(127) finished.
[ Info: node ConstructionBots.ActionID(100) finished.
[ Info: node ConstructionBots.ActionID(114) finished.
[ Info: New RVO simulation
[ Info: node ConstructionBots.ActionID(99) finished.
[ Info: node ConstructionBots.ActionID(117) finished.
[ Info: node ConstructionBots.TemplatedID{Tuple{ConstructionBots.FormTransportUnit, ConstructionBots.TemplatedID{Tuple{ConstructionBots.TransportUnitNode, ConstructionBots.ObjectID}}}}(5) finished.
[ Info: node ConstructionBots.ActionID(118) finished.
[ Info: New RVO simulation
[ Info: node ConstructionBots.TemplatedID{Tuple{ConstructionBots.FormTransportUnit, ConstructionBots.TemplatedID{Tuple{ConstructionBots.TransportUnitNode, ConstructionBots.AssemblyID}}}}(2) finished.



[K[A[K[A[K[ASimulating...  74%|█████████████████████████████████████             |  ETA: 0:00:07 ( 0.11  s/it)[K
   step_num: 1028[K
   n_closed: 246[K
    n_total: 313[K[A[A[A[ Info: node ConstructionBots.ActionID(128) finished.
[ Info: node ConstructionBots.ActionID(123) finished.
[ Info: node ConstructionBots.ActionID(125) finished.
[ Info: node ConstructionBots.ActionID(124) finished.
[ Info: node ConstructionBots.ActionID(126) finished.
[ Info: New RVO simulation
[ Info: node ConstructionBots.TemplatedID{Tuple{ConstructionBots.FormTransportUnit, ConstructionBots.TemplatedID{Tuple{ConstructionBots.TransportUnitNode, ConstructionBots.AssemblyID}}}}(3) finished.
[ Info: node ConstructionBots.TemplatedID{Tuple{ConstructionBots.TransportUnitGo, ConstructionBots.TemplatedID{Tuple{ConstructionBots.TransportUnitNode, ConstructionBots.AssemblyID}}}}(2) finished.
[ Info: node ConstructionBots.TemplatedID{Tuple{ConstructionBots.DepositCargo, ConstructionBots.TemplatedID{Tuple{ConstructionBots.TransportUnitNode, ConstructionBots.AssemblyID}}}}(2) finished.
[ Info: New RVO simulation
[ Info: node ConstructionBots.TemplatedID{Tuple{ConstructionBots.TransportUnitGo, ConstructionBots.TemplatedID{Tuple{ConstructionBots.TransportUnitNode, ConstructionBots.AssemblyID}}}}(3) finished.
[ Info: node ConstructionBots.TemplatedID{Tuple{ConstructionBots.DepositCargo, ConstructionBots.TemplatedID{Tuple{ConstructionBots.TransportUnitNode, ConstructionBots.AssemblyID}}}}(3) finished.
[ Info: New RVO simulation
[ Info: node ConstructionBots.TemplatedID{Tuple{ConstructionBots.LiftIntoPlace, ConstructionBots.AssemblyID}}(2) finished.
[ Info: node ConstructionBots.TemplatedID{Tuple{ConstructionBots.LiftIntoPlace, ConstructionBots.AssemblyID}}(3) finished.
[ Info: Closing BuildingStep ConstructionBots.TemplatedID{ConstructionBots.CloseBuildStep}(18)
[ Info: node ConstructionBots.TemplatedID{ConstructionBots.CloseBuildStep}(18) finished.
[ Info: node ConstructionBots.TemplatedID{ConstructionBots.OpenBuildStep}(17) finished.



[K[A[K[A[K[ASimulating...  79%|████████████████████████████████████████          |  ETA: 0:00:06 ( 0.10  s/it)[K
   step_num: 1097[K
   n_closed: 260[K
    n_total: 313[K[A[A[A[ Info: node ConstructionBots.TemplatedID{Tuple{ConstructionBots.TransportUnitGo, ConstructionBots.TemplatedID{Tuple{ConstructionBots.TransportUnitNode, ConstructionBots.ObjectID}}}}(5) finished.
[ Info: node ConstructionBots.TemplatedID{Tuple{ConstructionBots.DepositCargo, ConstructionBots.TemplatedID{Tuple{ConstructionBots.TransportUnitNode, ConstructionBots.ObjectID}}}}(5) finished.
[ Info: New RVO simulation
[ Info: node ConstructionBots.ActionID(97) finished.
[ Info: node ConstructionBots.TemplatedID{Tuple{ConstructionBots.LiftIntoPlace, ConstructionBots.ObjectID}}(5) finished.



[K[A[K[A[K[ASimulating...  81%|█████████████████████████████████████████         |  ETA: 0:00:05 ( 0.11  s/it)[K
   step_num: 1167[K
   n_closed: 264[K
    n_total: 313[K[A[A[A[ Info: node ConstructionBots.ActionID(116) finished.
[ Info: node ConstructionBots.ActionID(106) finished.
[ Info: New RVO simulation
[ Info: node ConstructionBots.TemplatedID{Tuple{ConstructionBots.FormTransportUnit, ConstructionBots.TemplatedID{Tuple{ConstructionBots.TransportUnitNode, ConstructionBots.ObjectID}}}}(3) finished.



[K[A[K[A[K[ASimulating...  82%|█████████████████████████████████████████         |  ETA: 0:00:05 ( 0.11  s/it)[K
   step_num: 1234[K
   n_closed: 267[K
    n_total: 313[K[A[A[A[ Info: node ConstructionBots.ActionID(115) finished.
[ Info: node ConstructionBots.ActionID(104) finished.
[ Info: New RVO simulation
[ Info: node ConstructionBots.TemplatedID{Tuple{ConstructionBots.FormTransportUnit, ConstructionBots.TemplatedID{Tuple{ConstructionBots.TransportUnitNode, ConstructionBots.ObjectID}}}}(1) finished.



[K[A[K[A[K[ASimulating...  83%|██████████████████████████████████████████        |  ETA: 0:00:05 ( 0.11  s/it)[K
   step_num: 1312[K
   n_closed: 270[K
    n_total: 313[K[A[A[A[ Info: [RESPEC] OOD event: A multi-robot transport team is deadlocked while forming: some members are waiting in their carrying positions but the team cannot complete and the build has stalled. Re-establish the stuck transport team(s).



[K[A[K[A[K[ASimulating...  83%|██████████████████████████████████████████        |  ETA: 0:00:05 ( 0.12  s/it)[K
   step_num: 1393[K
   n_closed: 270[K
    n_total: 313[K[A[A[A


[K[A[K[A[K[ASimulating...  83%|██████████████████████████████████████████        |  ETA: 0:00:05 ( 0.12  s/it)[K
   step_num: 1460[K
   n_closed: 270[K
    n_total: 313[K[A[A[A[ Info: [RESPEC] OOD event: A multi-robot transport team is deadlocked while forming: some members are waiting in their carrying positions but the team cannot complete and the build has stalled. Re-establish the stuck transport team(s).



[K[A[K[A[K[ASimulating...  83%|██████████████████████████████████████████        |  ETA: 0:00:06 ( 0.13  s/it)[K
   step_num: 1531[K
   n_closed: 270[K
    n_total: 313[K[A[A[A[ Info: [RESPEC] OOD event: A multi-robot transport team is deadlocked while forming: some members are waiting in their carrying positions but the team cannot complete and the build has stalled. Re-establish the stuck transport team(s).



[K[A[K[A[K[ASimulating...  83%|██████████████████████████████████████████        |  ETA: 0:00:06 ( 0.13  s/it)[K
   step_num: 1612[K
   n_closed: 270[K
    n_total: 313[K[A[A[A


[K[A[K[A[K[ASimulating...  83%|██████████████████████████████████████████        |  ETA: 0:00:06 ( 0.14  s/it)[K
   step_num: 1677[K
   n_closed: 270[K
    n_total: 313[K[A[A[A[ Info: [RESPEC] OOD event: A multi-robot transport team is deadlocked while forming: some members are waiting in their carrying positions but the team cannot complete and the build has stalled. Re-establish the stuck transport team(s).



[K[A[K[A[K[ASimulating...  83%|██████████████████████████████████████████        |  ETA: 0:00:06 ( 0.14  s/it)[K
   step_num: 1750[K
   n_closed: 270[K
    n_total: 313[K[A[A[A


[K[A[K[A[K[ASimulating...  83%|██████████████████████████████████████████        |  ETA: 0:00:06 ( 0.15  s/it)[K
   step_num: 1835[K
   n_closed: 270[K
    n_total: 313[K[A[A[A[ Info: [RESPEC] OOD event: A multi-robot transport team is deadlocked while forming: some members are waiting in their carrying positions but the team cannot complete and the build has stalled. Re-establish the stuck transport team(s).



[K[A[K[A[K[ASimulating...  83%|██████████████████████████████████████████        |  ETA: 0:00:07 ( 0.15  s/it)[K
   step_num: 1902[K
   n_closed: 270[K
    n_total: 313[K[A[A[A[ Info: [RESPEC] OOD event: A multi-robot transport team is deadlocked while forming: some members are waiting in their carrying positions but the team cannot complete and the build has stalled. Re-establish the stuck transport team(s).



[K[A[K[A[K[ASimulating...  83%|██████████████████████████████████████████        |  ETA: 0:00:07 ( 0.16  s/it)[K
   step_num: 1970[K
   n_closed: 270[K
    n_total: 313[K[A[A[A


[K[A[K[A[K[ASimulating...  83%|██████████████████████████████████████████        |  ETA: 0:00:07 ( 0.16  s/it)[K
   step_num: 2053[K
   n_closed: 270[K
    n_total: 313[K[A[A[A[ Info: [RESPEC] OOD event: A multi-robot transport team is deadlocked while forming: some members are waiting in their carrying positions but the team cannot complete and the build has stalled. Re-establish the stuck transport team(s).



[K[A[K[A[K[ASimulating...  83%|██████████████████████████████████████████        |  ETA: 0:00:07 ( 0.17  s/it)[K
   step_num: 2120[K
   n_closed: 270[K
    n_total: 313[K[A[A[A


[K[A[K[A[K[ASimulating...  83%|██████████████████████████████████████████        |  ETA: 0:00:07 ( 0.17  s/it)[K
   step_num: 2190[K
   n_closed: 270[K
    n_total: 313[K[A[A[A[ Info: [RESPEC] OOD event: A multi-robot transport team is deadlocked while forming: some members are waiting in their carrying positions but the team cannot complete and the build has stalled. Re-establish the stuck transport team(s).



[K[A[K[A[K[ASimulating...  83%|██████████████████████████████████████████        |  ETA: 0:00:08 ( 0.18  s/it)[K
   step_num: 2271[K
   n_closed: 270[K
    n_total: 313[K[A[A[A[ Info: [RESPEC] OOD event: A multi-robot transport team is deadlocked while forming: some members are waiting in their carrying positions but the team cannot complete and the build has stalled. Re-establish the stuck transport team(s).



[K[A[K[A[K[ASimulating...  83%|██████████████████████████████████████████        |  ETA: 0:00:08 ( 0.18  s/it)[K
   step_num: 2338[K
   n_closed: 270[K
    n_total: 313[K[A[A[A


[K[A[K[A[K[ASimulating...  83%|██████████████████████████████████████████        |  ETA: 0:00:08 ( 0.19  s/it)[K
   step_num: 2410[K
   n_closed: 270[K
    n_total: 313[K[A[A[A[ Info: [RESPEC] OOD event: A multi-robot transport team is deadlocked while forming: some members are waiting in their carrying positions but the team cannot complete and the build has stalled. Re-establish the stuck transport team(s).



[K[A[K[A[K[ASimulating...  83%|██████████████████████████████████████████        |  ETA: 0:00:08 ( 0.19  s/it)[K
   step_num: 2492[K
   n_closed: 270[K
    n_total: 313[K[A[A[A


[K[A[K[A[K[ASimulating...  83%|██████████████████████████████████████████        |  ETA: 0:00:09 ( 0.20  s/it)[K
   step_num: 2562[K
   n_closed: 270[K
    n_total: 313[K[A[A[A[ Info: [RESPEC] OOD event: A multi-robot transport team is deadlocked while forming: some members are waiting in their carrying positions but the team cannot complete and the build has stalled. Re-establish the stuck transport team(s).



[K[A[K[A[K[ASimulating...  83%|██████████████████████████████████████████        |  ETA: 0:00:09 ( 0.20  s/it)[K
   step_num: 2630[K
   n_closed: 270[K
    n_total: 313[K[A[A[A[ Info: [RESPEC] OOD event: A multi-robot transport team is deadlocked while forming: some members are waiting in their carrying positions but the team cannot complete and the build has stalled. Re-establish the stuck transport team(s).



[K[A[K[A[K[ASimulating...  83%|██████████████████████████████████████████        |  ETA: 0:00:09 ( 0.21  s/it)[K
   step_num: 2710[K
   n_closed: 270[K
    n_total: 313[K[A[A[A


[K[A[K[A[K[ASimulating...  83%|██████████████████████████████████████████        |  ETA: 0:00:09 ( 0.21  s/it)[K
   step_num: 2776[K
   n_closed: 270[K
    n_total: 313[K[A[A[A[ Info: [RESPEC] OOD event: A multi-robot transport team is deadlocked while forming: some members are waiting in their carrying positions but the team cannot complete and the build has stalled. Re-establish the stuck transport team(s).



[K[A[K[A[K[ASimulating...  83%|██████████████████████████████████████████        |  ETA: 0:00:09 ( 0.22  s/it)[K
   step_num: 2850[K
   n_closed: 270[K
    n_total: 313[K[A[A[A[ Info: [RESPEC] OOD event: A multi-robot transport team is deadlocked while forming: some members are waiting in their carrying positions but the team cannot complete and the build has stalled. Re-establish the stuck transport team(s).



[K[A[K[A[K[ASimulating...  83%|██████████████████████████████████████████        |  ETA: 0:00:10 ( 0.22  s/it)[K
   step_num: 2932[K
   n_closed: 270[K
    n_total: 313[K[A[A[A


[K[A[K[A[K[ASimulating...  83%|██████████████████████████████████████████        |  ETA: 0:00:10 ( 0.23  s/it)[K
   step_num: 2999[K
   n_closed: 270[K
    n_total: 313[K[A[A[A[ Info: [RESPEC] OOD event: A multi-robot transport team is deadlocked while forming: some members are waiting in their carrying positions but the team cannot complete and the build has stalled. Re-establish the stuck transport team(s).



[K[A[K[A[K[ASimulating...  83%|██████████████████████████████████████████        |  ETA: 0:00:10 ( 0.23  s/it)[K
   step_num: 3069[K
   n_closed: 270[K
    n_total: 313[K[A[A[A


[K[A[K[A[K[ASimulating...  83%|██████████████████████████████████████████        |  ETA: 0:00:10 ( 0.24  s/it)[K
   step_num: 3147[K
   n_closed: 270[K
    n_total: 313[K[A[A[A[ Info: [RESPEC] OOD event: A multi-robot transport team is deadlocked while forming: some members are waiting in their carrying positions but the team cannot complete and the build has stalled. Re-establish the stuck transport team(s).



[K[A[K[A[K[ASimulating...  83%|██████████████████████████████████████████        |  ETA: 0:00:10 ( 0.24  s/it)[K
   step_num: 3213[K
   n_closed: 270[K
    n_total: 313[K[A[A[A[ Info: [RESPEC] OOD event: A multi-robot transport team is deadlocked while forming: some members are waiting in their carrying positions but the team cannot complete and the build has stalled. Re-establish the stuck transport team(s).



[K[A[K[A[K[ASimulating...  83%|██████████████████████████████████████████        |  ETA: 0:00:11 ( 0.25  s/it)[K
   step_num: 3289[K
   n_closed: 270[K
    n_total: 313[K[A[A[A


[K[A[K[A[K[ASimulating...  83%|██████████████████████████████████████████        |  ETA: 0:00:11 ( 0.25  s/it)[K
   step_num: 3372[K
   n_closed: 270[K
    n_total: 313[K[A[A[A[ Info: [RESPEC] OOD event: A multi-robot transport team is deadlocked while forming: some members are waiting in their carrying positions but the team cannot complete and the build has stalled. Re-establish the stuck transport team(s).



[K[A[K[A[K[ASimulating...  83%|██████████████████████████████████████████        |  ETA: 0:00:11 ( 0.26  s/it)[K
   step_num: 3440[K
   n_closed: 270[K
    n_total: 313[K[A[A[A


[K[A[K[A[K[ASimulating...  83%|██████████████████████████████████████████        |  ETA: 0:00:11 ( 0.26  s/it)[K
   step_num: 3509[K
   n_closed: 270[K
    n_total: 313[K[A[A[A[ Info: [RESPEC] OOD event: A multi-robot transport team is deadlocked while forming: some members are waiting in their carrying positions but the team cannot complete and the build has stalled. Re-establish the stuck transport team(s).



[K[A[K[A[K[ASimulating...  83%|██████████████████████████████████████████        |  ETA: 0:00:11 ( 0.27  s/it)[K
   step_num: 3591[K
   n_closed: 270[K
    n_total: 313[K[A[A[A[ Info: [RESPEC] OOD event: A multi-robot transport team is deadlocked while forming: some members are waiting in their carrying positions but the team cannot complete and the build has stalled. Re-establish the stuck transport team(s).



[K[A[K[A[K[ASimulating...  83%|██████████████████████████████████████████        |  ETA: 0:00:12 ( 0.27  s/it)[K
   step_num: 3659[K
   n_closed: 270[K
    n_total: 313[K[A[A[A


[K[A[K[A[K[ASimulating...  83%|██████████████████████████████████████████        |  ETA: 0:00:12 ( 0.28  s/it)[K
   step_num: 3729[K
   n_closed: 270[K
    n_total: 313[K[A[A[A[ Info: [RESPEC] OOD event: A multi-robot transport team is deadlocked while forming: some members are waiting in their carrying positions but the team cannot complete and the build has stalled. Re-establish the stuck transport team(s).



[K[A[K[A[K[ASimulating...  83%|██████████████████████████████████████████        |  ETA: 0:00:12 ( 0.28  s/it)[K
   step_num: 3811[K
   n_closed: 270[K
    n_total: 313[K[A[A[A


[K[A[K[A[K[ASimulating...  83%|██████████████████████████████████████████        |  ETA: 0:00:12 ( 0.29  s/it)[K
   step_num: 3878[K
   n_closed: 270[K
    n_total: 313[K[A[A[A[ Info: [RESPEC] OOD event: A multi-robot transport team is deadlocked while forming: some members are waiting in their carrying positions but the team cannot complete and the build has stalled. Re-establish the stuck transport team(s).



[K[A[K[A[K[ASimulating...  83%|██████████████████████████████████████████        |  ETA: 0:00:13 ( 0.29  s/it)[K
   step_num: 3949[K
   n_closed: 270[K
    n_total: 313[K[A[A[A[ Info: [RESPEC] OOD event: A multi-robot transport team is deadlocked while forming: some members are waiting in their carrying positions but the team cannot complete and the build has stalled. Re-establish the stuck transport team(s).



[K[A[K[A[K[ASimulating...  83%|██████████████████████████████████████████        |  ETA: 0:00:13 ( 0.30  s/it)[K
   step_num: 4031[K
   n_closed: 270[K
    n_total: 313[K[A[A[A


[K[A[K[A[K[ASimulating...  83%|██████████████████████████████████████████        |  ETA: 0:00:13 ( 0.30  s/it)[K
   step_num: 4101[K
   n_closed: 270[K
    n_total: 313[K[A[A[A[ Info: [RESPEC] OOD event: A multi-robot transport team is deadlocked while forming: some members are waiting in their carrying positions but the team cannot complete and the build has stalled. Re-establish the stuck transport team(s).



[K[A[K[A[K[ASimulating...  83%|██████████████████████████████████████████        |  ETA: 0:00:13 ( 0.31  s/it)[K
   step_num: 4168[K
   n_closed: 270[K
    n_total: 313[K[A[A[A[ Info: [RESPEC] OOD event: A multi-robot transport team is deadlocked while forming: some members are waiting in their carrying positions but the team cannot complete and the build has stalled. Re-establish the stuck transport team(s).



[K[A[K[A[K[ASimulating...  83%|██████████████████████████████████████████        |  ETA: 0:00:13 ( 0.31  s/it)[K
   step_num: 4250[K
   n_closed: 270[K
    n_total: 313[K[A[A[A


[K[A[K[A[K[ASimulating...  83%|██████████████████████████████████████████        |  ETA: 0:00:14 ( 0.32  s/it)[K
   step_num: 4317[K
   n_closed: 270[K
    n_total: 313[K[A[A[A[ Info: [RESPEC] OOD event: A multi-robot transport team is deadlocked while forming: some members are waiting in their carrying positions but the team cannot complete and the build has stalled. Re-establish the stuck transport team(s).



[K[A[K[A[K[ASimulating...  83%|██████████████████████████████████████████        |  ETA: 0:00:14 ( 0.32  s/it)[K
   step_num: 4388[K
   n_closed: 270[K
    n_total: 313[K[A[A[A


[K[A[K[A[K[ASimulating...  83%|██████████████████████████████████████████        |  ETA: 0:00:14 ( 0.33  s/it)[K
   step_num: 4473[K
   n_closed: 270[K
    n_total: 313[K[A[A[A[ Info: [RESPEC] OOD event: A multi-robot transport team is deadlocked while forming: some members are waiting in their carrying positions but the team cannot complete and the build has stalled. Re-establish the stuck transport team(s).



[K[A[K[A[K[ASimulating...  83%|██████████████████████████████████████████        |  ETA: 0:00:14 ( 0.33  s/it)[K
   step_num: 4539[K
   n_closed: 270[K
    n_total: 313[K[A[A[A[ Info: [RESPEC] OOD event: A multi-robot transport team is deadlocked while forming: some members are waiting in their carrying positions but the team cannot complete and the build has stalled. Re-establish the stuck transport team(s).



[K[A[K[A[K[ASimulating...  83%|██████████████████████████████████████████        |  ETA: 0:00:14 ( 0.34  s/it)[K
   step_num: 4608[K
   n_closed: 270[K
    n_total: 313[K[A[A[A


[K[A[K[A[K[ASimulating...  83%|██████████████████████████████████████████        |  ETA: 0:00:15 ( 0.34  s/it)[K
   step_num: 4684[K
   n_closed: 270[K
    n_total: 313[K[A[A[A[ Info: [RESPEC] OOD event: A multi-robot transport team is deadlocked while forming: some members are waiting in their carrying positions but the team cannot complete and the build has stalled. Re-establish the stuck transport team(s).



[K[A[K[A[K[ASimulating...  83%|██████████████████████████████████████████        |  ETA: 0:00:15 ( 0.34  s/it)[K
   step_num: 4750[K
   n_closed: 270[K
    n_total: 313[K[A[A[A


[K[A[K[A[K[ASimulating...  83%|██████████████████████████████████████████        |  ETA: 0:00:15 ( 0.35  s/it)[K
   step_num: 4828[K
   n_closed: 270[K
    n_total: 313[K[A[A[A[ Info: [RESPEC] OOD event: A multi-robot transport team is deadlocked while forming: some members are waiting in their carrying positions but the team cannot complete and the build has stalled. Re-establish the stuck transport team(s).



[K[A[K[A[K[ASimulating...  83%|██████████████████████████████████████████        |  ETA: 0:00:15 ( 0.36  s/it)[K
   step_num: 4908[K
   n_closed: 270[K
    n_total: 313[K[A[A[A[ Info: [RESPEC] OOD event: A multi-robot transport team is deadlocked while forming: some members are waiting in their carrying positions but the team cannot complete and the build has stalled. Re-establish the stuck transport team(s).



[K[A[K[A[K[ASimulating...  83%|██████████████████████████████████████████        |  ETA: 0:00:15 ( 0.36  s/it)[K
   step_num: 4975[K
   n_closed: 270[K
    n_total: 313[K[A[A[A


[K[A[K[A[K[ASimulating...  83%|██████████████████████████████████████████        |  ETA: 0:00:16 ( 0.37  s/it)[K
   step_num: 5048[K
   n_closed: 270[K
    n_total: 313[K[A[A[A[ Info: [RESPEC] OOD event: A multi-robot transport team is deadlocked while forming: some members are waiting in their carrying positions but the team cannot complete and the build has stalled. Re-establish the stuck transport team(s).



[K[A[K[A[K[ASimulating...  83%|██████████████████████████████████████████        |  ETA: 0:00:16 ( 0.37  s/it)[K
   step_num: 5129[K
   n_closed: 270[K
    n_total: 313[K[A[A[A


[K[A[K[A[K[ASimulating...  83%|██████████████████████████████████████████        |  ETA: 0:00:16 ( 0.37  s/it)[K
   step_num: 5193[K
   n_closed: 270[K
    n_total: 313[K[A[A[A[ Info: [RESPEC] OOD event: A multi-robot transport team is deadlocked while forming: some members are waiting in their carrying positions but the team cannot complete and the build has stalled. Re-establish the stuck transport team(s).



[K[A[K[A[K[ASimulating...  83%|██████████████████████████████████████████        |  ETA: 0:00:16 ( 0.38  s/it)[K
   step_num: 5268[K
   n_closed: 270[K
    n_total: 313[K[A[A[A[ Info: [RESPEC] OOD event: A multi-robot transport team is deadlocked while forming: some members are waiting in their carrying positions but the team cannot complete and the build has stalled. Re-establish the stuck transport team(s).



[K[A[K[A[K[ASimulating...  83%|██████████████████████████████████████████        |  ETA: 0:00:17 ( 0.38  s/it)[K
   step_num: 5349[K
   n_closed: 270[K
    n_total: 313[K[A[A[A


[K[A[K[A[K[ASimulating...  83%|██████████████████████████████████████████        |  ETA: 0:00:17 ( 0.39  s/it)[K
   step_num: 5417[K
   n_closed: 270[K
    n_total: 313[K[A[A[A[ Info: [RESPEC] OOD event: A multi-robot transport team is deadlocked while forming: some members are waiting in their carrying positions but the team cannot complete and the build has stalled. Re-establish the stuck transport team(s).



[K[A[K[A[K[ASimulating...  83%|██████████████████████████████████████████        |  ETA: 0:00:17 ( 0.39  s/it)[K
   step_num: 5487[K
   n_closed: 270[K
    n_total: 313[K[A[A[A


[K[A[K[A[K[ASimulating...  83%|██████████████████████████████████████████        |  ETA: 0:00:17 ( 0.40  s/it)[K
   step_num: 5565[K
   n_closed: 270[K
    n_total: 313[K[A[A[A[ Info: [RESPEC] OOD event: A multi-robot transport team is deadlocked while forming: some members are waiting in their carrying positions but the team cannot complete and the build has stalled. Re-establish the stuck transport team(s).



[K[A[K[A[K[ASimulating...  83%|██████████████████████████████████████████        |  ETA: 0:00:17 ( 0.40  s/it)[K
   step_num: 5631[K
   n_closed: 270[K
    n_total: 313[K[A[A[A[ Info: [RESPEC] OOD event: A multi-robot transport team is deadlocked while forming: some members are waiting in their carrying positions but the team cannot complete and the build has stalled. Re-establish the stuck transport team(s).



[K[A[K[A[K[ASimulating...  83%|██████████████████████████████████████████        |  ETA: 0:00:18 ( 0.41  s/it)[K
   step_num: 5707[K
   n_closed: 270[K
    n_total: 313[K[A[A[A


[K[A[K[A[K[ASimulating...  83%|██████████████████████████████████████████        |  ETA: 0:00:18 ( 0.41  s/it)[K
   step_num: 5787[K
   n_closed: 270[K
    n_total: 313[K[A[A[A[ Info: [RESPEC] OOD event: A multi-robot transport team is deadlocked while forming: some members are waiting in their carrying positions but the team cannot complete and the build has stalled. Re-establish the stuck transport team(s).



[K[A[K[A[K[ASimulating...  83%|██████████████████████████████████████████        |  ETA: 0:00:18 ( 0.42  s/it)[K
   step_num: 5852[K
   n_closed: 270[K
    n_total: 313[K[A[A[A[ Info: [RESPEC] OOD event: A multi-robot transport team is deadlocked while forming: some members are waiting in their carrying positions but the team cannot complete and the build has stalled. Re-establish the stuck transport team(s).



[K[A[K[A[K[ASimulating...  83%|██████████████████████████████████████████        |  ETA: 0:00:18 ( 0.42  s/it)[K
   step_num: 5927[K
   n_closed: 270[K
    n_total: 313[K[A[A[A


[K[A[K[A[K[ASimulating...  83%|██████████████████████████████████████████        |  ETA: 0:00:18 ( 0.43  s/it)[K
   step_num: 6011[K
   n_closed: 270[K
    n_total: 313[K[A[A[A[ Info: [RESPEC] OOD event: A multi-robot transport team is deadlocked while forming: some members are waiting in their carrying positions but the team cannot complete and the build has stalled. Re-establish the stuck transport team(s).



[K[A[K[A[K[ASimulating...  83%|██████████████████████████████████████████        |  ETA: 0:00:19 ( 0.43  s/it)[K
   step_num: 6076[K
   n_closed: 270[K
    n_total: 313[K[A[A[A


[K[A[K[A[K[ASimulating...  83%|██████████████████████████████████████████        |  ETA: 0:00:19 ( 0.44  s/it)[K
   step_num: 6147[K
   n_closed: 270[K
    n_total: 313[K[A[A[A[ Info: [RESPEC] OOD event: A multi-robot transport team is deadlocked while forming: some members are waiting in their carrying positions but the team cannot complete and the build has stalled. Re-establish the stuck transport team(s).



[K[A[K[A[K[ASimulating...  83%|██████████████████████████████████████████        |  ETA: 0:00:19 ( 0.44  s/it)[K
   step_num: 6227[K
   n_closed: 270[K
    n_total: 313[K[A[A[A[ Info: [RESPEC] OOD event: A multi-robot transport team is deadlocked while forming: some members are waiting in their carrying positions but the team cannot complete and the build has stalled. Re-establish the stuck transport team(s).



[K[A[K[A[K[ASimulating...  83%|██████████████████████████████████████████        |  ETA: 0:00:19 ( 0.45  s/it)[K
   step_num: 6293[K
   n_closed: 270[K
    n_total: 313[K[A[A[A


[K[A[K[A[K[ASimulating...  83%|██████████████████████████████████████████        |  ETA: 0:00:20 ( 0.45  s/it)[K
   step_num: 6367[K
   n_closed: 270[K
    n_total: 313[K[A[A[A[ Info: [RESPEC] OOD event: A multi-robot transport team is deadlocked while forming: some members are waiting in their carrying positions but the team cannot complete and the build has stalled. Re-establish the stuck transport team(s).



[K[A[K[A[K[ASimulating...  83%|██████████████████████████████████████████        |  ETA: 0:00:20 ( 0.46  s/it)[K
   step_num: 6450[K
   n_closed: 270[K
    n_total: 313[K[A[A[A


[K[A[K[A[K[ASimulating...  83%|██████████████████████████████████████████        |  ETA: 0:00:20 ( 0.46  s/it)[K
   step_num: 6517[K
   n_closed: 270[K
    n_total: 313[K[A[A[A[ Info: [RESPEC] OOD event: A multi-robot transport team is deadlocked while forming: some members are waiting in their carrying positions but the team cannot complete and the build has stalled. Re-establish the stuck transport team(s).



[K[A[K[A[K[ASimulating...  83%|██████████████████████████████████████████        |  ETA: 0:00:20 ( 0.47  s/it)[K
   step_num: 6586[K
   n_closed: 270[K
    n_total: 313[K[A[A[A[ Info: [RESPEC] OOD event: A multi-robot transport team is deadlocked while forming: some members are waiting in their carrying positions but the team cannot complete and the build has stalled. Re-establish the stuck transport team(s).



[K[A[K[A[K[ASimulating...  83%|██████████████████████████████████████████        |  ETA: 0:00:20 ( 0.47  s/it)[K
   step_num: 6669[K
   n_closed: 270[K
    n_total: 313[K[A[A[A


[K[A[K[A[K[ASimulating...  83%|██████████████████████████████████████████        |  ETA: 0:00:21 ( 0.48  s/it)[K
   step_num: 6734[K
   n_closed: 270[K
    n_total: 313[K[A[A[A[ Info: [RESPEC] OOD event: A multi-robot transport team is deadlocked while forming: some members are waiting in their carrying positions but the team cannot complete and the build has stalled. Re-establish the stuck transport team(s).



[K[A[K[A[K[ASimulating...  83%|██████████████████████████████████████████        |  ETA: 0:00:21 ( 0.48  s/it)[K
   step_num: 6806[K
   n_closed: 270[K
    n_total: 313[K[A[A[A[ Info: [RESPEC] OOD event: A multi-robot transport team is deadlocked while forming: some members are waiting in their carrying positions but the team cannot complete and the build has stalled. Re-establish the stuck transport team(s).



[K[A[K[A[K[ASimulating...  83%|██████████████████████████████████████████        |  ETA: 0:00:21 ( 0.49  s/it)[K
   step_num: 6886[K
   n_closed: 270[K
    n_total: 313[K[A[A[A


[K[A[K[A[K[ASimulating...  83%|██████████████████████████████████████████        |  ETA: 0:00:21 ( 0.49  s/it)[K
   step_num: 6950[K
   n_closed: 270[K
    n_total: 313[K[A[A[A[ Info: [RESPEC] OOD event: A multi-robot transport team is deadlocked while forming: some members are waiting in their carrying positions but the team cannot complete and the build has stalled. Re-establish the stuck transport team(s).



[K[A[K[A[K[ASimulating...  83%|██████████████████████████████████████████        |  ETA: 0:00:21 ( 0.50  s/it)[K
   step_num: 7026[K
   n_closed: 270[K
    n_total: 313[K[A[A[A


[K[A[K[A[K[ASimulating...  83%|██████████████████████████████████████████        |  ETA: 0:00:22 ( 0.50  s/it)[K
   step_num: 7111[K
   n_closed: 270[K
    n_total: 313[K[A[A[A[ Info: [RESPEC] OOD event: A multi-robot transport team is deadlocked while forming: some members are waiting in their carrying positions but the team cannot complete and the build has stalled. Re-establish the stuck transport team(s).



[K[A[K[A[K[ASimulating...  83%|██████████████████████████████████████████        |  ETA: 0:00:22 ( 0.51  s/it)[K
   step_num: 7181[K
   n_closed: 270[K
    n_total: 313[K[A[A[A[ Info: [RESPEC] OOD event: A multi-robot transport team is deadlocked while forming: some members are waiting in their carrying positions but the team cannot complete and the build has stalled. Re-establish the stuck transport team(s).



[K[A[K[A[K[ASimulating...  83%|██████████████████████████████████████████        |  ETA: 0:00:22 ( 0.51  s/it)[K
   step_num: 7246[K
   n_closed: 270[K
    n_total: 313[K[A[A[A


[K[A[K[A[K[ASimulating...  83%|██████████████████████████████████████████        |  ETA: 0:00:22 ( 0.52  s/it)[K
   step_num: 7323[K
   n_closed: 270[K
    n_total: 313[K[A[A[A[ Info: [RESPEC] OOD event: A multi-robot transport team is deadlocked while forming: some members are waiting in their carrying positions but the team cannot complete and the build has stalled. Re-establish the stuck transport team(s).



[K[A[K[A[K[ASimulating...  83%|██████████████████████████████████████████        |  ETA: 0:00:23 ( 0.52  s/it)[K
   step_num: 7388[K
   n_closed: 270[K
    n_total: 313[K[A[A[A


[K[A[K[A[K[ASimulating...  83%|██████████████████████████████████████████        |  ETA: 0:00:23 ( 0.53  s/it)[K
   step_num: 7466[K
   n_closed: 270[K
    n_total: 313[K[A[A[A[ Info: [RESPEC] OOD event: A multi-robot transport team is deadlocked while forming: some members are waiting in their carrying positions but the team cannot complete and the build has stalled. Re-establish the stuck transport team(s).



[K[A[K[A[K[ASimulating...  83%|██████████████████████████████████████████        |  ETA: 0:00:23 ( 0.53  s/it)[K
   step_num: 7546[K
   n_closed: 270[K
    n_total: 313[K[A[A[A[ Info: [RESPEC] OOD event: A multi-robot transport team is deadlocked while forming: some members are waiting in their carrying positions but the team cannot complete and the build has stalled. Re-establish the stuck transport team(s).



[K[A[K[A[K[ASimulating...  83%|██████████████████████████████████████████        |  ETA: 0:00:23 ( 0.54  s/it)[K
   step_num: 7610[K
   n_closed: 270[K
    n_total: 313[K[A[A[A


[K[A[K[A[K[ASimulating...  83%|██████████████████████████████████████████        |  ETA: 0:00:23 ( 0.54  s/it)[K
   step_num: 7686[K
   n_closed: 270[K
    n_total: 313[K[A[A[A[ Info: [RESPEC] OOD event: A multi-robot transport team is deadlocked while forming: some members are waiting in their carrying positions but the team cannot complete and the build has stalled. Re-establish the stuck transport team(s).



[K[A[K[A[K[ASimulating...  83%|██████████████████████████████████████████        |  ETA: 0:00:24 ( 0.55  s/it)[K
   step_num: 7760[K
   n_closed: 270[K
    n_total: 313[K[A[A[A


[K[A[K[A[K[ASimulating...  83%|██████████████████████████████████████████        |  ETA: 0:00:24 ( 0.55  s/it)[K
   step_num: 7827[K
   n_closed: 270[K
    n_total: 313[K[A[A[A[ Info: [RESPEC] OOD event: A multi-robot transport team is deadlocked while forming: some members are waiting in their carrying positions but the team cannot complete and the build has stalled. Re-establish the stuck transport team(s).



[K[A[K[A[K[ASimulating...  83%|██████████████████████████████████████████        |  ETA: 0:00:24 ( 0.56  s/it)[K
   step_num: 7900[K
   n_closed: 270[K
    n_total: 313[K[A[A[A


[K[A[K[A[K[ASimulating...  83%|██████████████████████████████████████████        |  ETA: 0:00:24 ( 0.56  s/it)[K
   step_num: 7965[K
   n_closed: 270[K
    n_total: 313[K[A[A[A[ Info: [RESPEC] OOD event: A multi-robot transport team is deadlocked while forming: some members are waiting in their carrying positions but the team cannot complete and the build has stalled. Re-establish the stuck transport team(s).



[K[A[K[A[K[ASimulating...  83%|██████████████████████████████████████████        |  ETA: 0:00:24 ( 0.57  s/it)[K
   step_num: 8033[K
   n_closed: 270[K
    n_total: 313[K[A[A[A[ Info: [RESPEC] OOD event: A multi-robot transport team is deadlocked while forming: some members are waiting in their carrying positions but the team cannot complete and the build has stalled. Re-establish the stuck transport team(s).



[K[A[K[A[K[ASimulating...  83%|██████████████████████████████████████████        |  ETA: 0:00:25 ( 0.57  s/it)[K
   step_num: 8107[K
   n_closed: 270[K
    n_total: 313[K[A[A[A


[K[A[K[A[K[ASimulating...  83%|██████████████████████████████████████████        |  ETA: 0:00:25 ( 0.58  s/it)[K
   step_num: 8172[K
   n_closed: 270[K
    n_total: 313[K[A[A[A[ Info: [RESPEC] OOD event: A multi-robot transport team is deadlocked while forming: some members are waiting in their carrying positions but the team cannot complete and the build has stalled. Re-establish the stuck transport team(s).



[K[A[K[A[K[ASimulating...  83%|██████████████████████████████████████████        |  ETA: 0:00:25 ( 0.58  s/it)[K
   step_num: 8235[K
   n_closed: 270[K
    n_total: 313[K[A[A[A


[K[A[K[A[K[ASimulating...  83%|██████████████████████████████████████████        |  ETA: 0:00:25 ( 0.59  s/it)[K
   step_num: 8315[K
   n_closed: 270[K
    n_total: 313[K[A[A[A[ Info: [RESPEC] OOD event: A multi-robot transport team is deadlocked while forming: some members are waiting in their carrying positions but the team cannot complete and the build has stalled. Re-establish the stuck transport team(s).



[K[A[K[A[K[ASimulating...  83%|██████████████████████████████████████████        |  ETA: 0:00:25 ( 0.59  s/it)[K
   step_num: 8379[K
   n_closed: 270[K
    n_total: 313[K[A[A[A[ Info: [RESPEC] OOD event: A multi-robot transport team is deadlocked while forming: some members are waiting in their carrying positions but the team cannot complete and the build has stalled. Re-establish the stuck transport team(s).



[K[A[K[A[K[ASimulating...  83%|██████████████████████████████████████████        |  ETA: 0:00:26 ( 0.60  s/it)[K
   step_num: 8455[K
   n_closed: 270[K
    n_total: 313[K[A[A[A


[K[A[K[A[K[ASimulating...  83%|██████████████████████████████████████████        |  ETA: 0:00:26 ( 0.60  s/it)[K
   step_num: 8536[K
   n_closed: 270[K
    n_total: 313[K[A[A[A[ Info: [RESPEC] OOD event: A multi-robot transport team is deadlocked while forming: some members are waiting in their carrying positions but the team cannot complete and the build has stalled. Re-establish the stuck transport team(s).



[K[A[K[A[K[ASimulating...  83%|██████████████████████████████████████████        |  ETA: 0:00:26 ( 0.61  s/it)[K
   step_num: 8600[K
   n_closed: 270[K
    n_total: 313[K[A[A[A


[K[A[K[A[K[ASimulating...  83%|██████████████████████████████████████████        |  ETA: 0:00:26 ( 0.61  s/it)[K
   step_num: 8675[K
   n_closed: 270[K
    n_total: 313[K[A[A[A[ Info: [RESPEC] OOD event: A multi-robot transport team is deadlocked while forming: some members are waiting in their carrying positions but the team cannot complete and the build has stalled. Re-establish the stuck transport team(s).



[K[A[K[A[K[ASimulating...  83%|██████████████████████████████████████████        |  ETA: 0:00:27 ( 0.62  s/it)[K
   step_num: 8755[K
   n_closed: 270[K
    n_total: 313[K[A[A[A[ Info: [RESPEC] OOD event: A multi-robot transport team is deadlocked while forming: some members are waiting in their carrying positions but the team cannot complete and the build has stalled. Re-establish the stuck transport team(s).



[K[A[K[A[K[ASimulating...  83%|██████████████████████████████████████████        |  ETA: 0:00:27 ( 0.62  s/it)[K
   step_num: 8821[K
   n_closed: 270[K
    n_total: 313[K[A[A[A


[K[A[K[A[K[ASimulating...  83%|██████████████████████████████████████████        |  ETA: 0:00:27 ( 0.63  s/it)[K
   step_num: 8895[K
   n_closed: 270[K
    n_total: 313[K[A[A[A[ Info: [RESPEC] OOD event: A multi-robot transport team is deadlocked while forming: some members are waiting in their carrying positions but the team cannot complete and the build has stalled. Re-establish the stuck transport team(s).



[K[A[K[A[K[ASimulating...  83%|██████████████████████████████████████████        |  ETA: 0:00:27 ( 0.63  s/it)[K
   step_num: 8973[K
   n_closed: 270[K
    n_total: 313[K[A[A[A


[K[A[K[A[K[ASimulating...  83%|██████████████████████████████████████████        |  ETA: 0:00:27 ( 0.64  s/it)[K
   step_num: 9039[K
   n_closed: 270[K
    n_total: 313[K[A[A[A[ Info: [RESPEC] OOD event: A multi-robot transport team is deadlocked while forming: some members are waiting in their carrying positions but the team cannot complete and the build has stalled. Re-establish the stuck transport team(s).



[K[A[K[A[K[ASimulating...  83%|██████████████████████████████████████████        |  ETA: 0:00:28 ( 0.64  s/it)[K
   step_num: 9115[K
   n_closed: 270[K
    n_total: 313[K[A[A[A[ Info: [RESPEC] OOD event: A multi-robot transport team is deadlocked while forming: some members are waiting in their carrying positions but the team cannot complete and the build has stalled. Re-establish the stuck transport team(s).



[K[A[K[A[K[ASimulating...  83%|██████████████████████████████████████████        |  ETA: 0:00:28 ( 0.65  s/it)[K
   step_num: 9195[K
   n_closed: 270[K
    n_total: 313[K[A[A[A


[K[A[K[A[K[ASimulating...  83%|██████████████████████████████████████████        |  ETA: 0:00:28 ( 0.65  s/it)[K
   step_num: 9259[K
   n_closed: 270[K
    n_total: 313[K[A[A[A[ Info: [RESPEC] OOD event: A multi-robot transport team is deadlocked while forming: some members are waiting in their carrying positions but the team cannot complete and the build has stalled. Re-establish the stuck transport team(s).



[K[A[K[A[K[ASimulating...  83%|██████████████████████████████████████████        |  ETA: 0:00:28 ( 0.66  s/it)[K
   step_num: 9334[K
   n_closed: 270[K
    n_total: 313[K[A[A[A[ Info: [RESPEC] OOD event: A multi-robot transport team is deadlocked while forming: some members are waiting in their carrying positions but the team cannot complete and the build has stalled. Re-establish the stuck transport team(s).



[K[A[K[A[K[ASimulating...  83%|██████████████████████████████████████████        |  ETA: 0:00:28 ( 0.66  s/it)[K
   step_num: 9413[K
   n_closed: 270[K
    n_total: 313[K[A[A[A


[K[A[K[A[K[ASimulating...  83%|██████████████████████████████████████████        |  ETA: 0:00:29 ( 0.67  s/it)[K
   step_num: 9475[K
   n_closed: 270[K
    n_total: 313[K[A[A[A[ Info: [RESPEC] OOD event: A multi-robot transport team is deadlocked while forming: some members are waiting in their carrying positions but the team cannot complete and the build has stalled. Re-establish the stuck transport team(s).



[K[A[K[A[K[ASimulating...  83%|██████████████████████████████████████████        |  ETA: 0:00:29 ( 0.67  s/it)[K
   step_num: 9554[K
   n_closed: 270[K
    n_total: 313[K[A[A[A


[K[A[K[A[K[ASimulating...  83%|██████████████████████████████████████████        |  ETA: 0:00:29 ( 0.68  s/it)[K
   step_num: 9632[K
   n_closed: 270[K
    n_total: 313[K[A[A[A[ Info: [RESPEC] OOD event: A multi-robot transport team is deadlocked while forming: some members are waiting in their carrying positions but the team cannot complete and the build has stalled. Re-establish the stuck transport team(s).



[K[A[K[A[K[ASimulating...  83%|██████████████████████████████████████████        |  ETA: 0:00:29 ( 0.68  s/it)[K
   step_num: 9690[K
   n_closed: 270[K
    n_total: 313[K[A[A[A[ Info: [RESPEC] OOD event: A multi-robot transport team is deadlocked while forming: some members are waiting in their carrying positions but the team cannot complete and the build has stalled. Re-establish the stuck transport team(s).



[K[A[K[A[K[ASimulating...  83%|██████████████████████████████████████████        |  ETA: 0:00:29 ( 0.69  s/it)[K
   step_num: 9767[K
   n_closed: 270[K
    n_total: 313[K[A[A[A


[K[A[K[A[K[ASimulating...  83%|██████████████████████████████████████████        |  ETA: 0:00:30 ( 0.69  s/it)[K
   step_num: 9825[K
   n_closed: 270[K
    n_total: 313[K[A[A[A[ Info: [RESPEC] OOD event: A multi-robot transport team is deadlocked while forming: some members are waiting in their carrying positions but the team cannot complete and the build has stalled. Re-establish the stuck transport team(s).



[K[A[K[A[K[ASimulating...  83%|██████████████████████████████████████████        |  ETA: 0:00:30 ( 0.70  s/it)[K
   step_num: 9886[K
   n_closed: 270[K
    n_total: 313[K[A[A[A


[K[A[K[A[K[ASimulating...  83%|██████████████████████████████████████████        |  ETA: 0:00:30 ( 0.70  s/it)[K
   step_num: 9963[K
   n_closed: 270[K
    n_total: 313[K[A[A[A[ Info: [RESPEC] OOD event: A multi-robot transport team is deadlocked while forming: some members are waiting in their carrying positions but the team cannot complete and the build has stalled. Re-establish the stuck transport team(s).



[K[A[K[A[K[ASimulating...  83%|██████████████████████████████████████████        |  ETA: 0:00:30 ( 0.70  s/it)[K
   step_num: 10026[K
   n_closed: 270[K
    n_total: 313[K[A[A[A


[K[A[K[A[K[ASimulating...  83%|██████████████████████████████████████████        |  ETA: 0:00:31 ( 0.71  s/it)[K
   step_num: 10103[K
   n_closed: 270[K
    n_total: 313[K[A[A[A[ Info: [RESPEC] OOD event: A multi-robot transport team is deadlocked while forming: some members are waiting in their carrying positions but the team cannot complete and the build has stalled. Re-establish the stuck transport team(s).



[K[A[K[A[K[ASimulating...  83%|██████████████████████████████████████████        |  ETA: 0:00:31 ( 0.71  s/it)[K
   step_num: 10167[K
   n_closed: 270[K
    n_total: 313[K[A[A[A


[K[A[K[A[K[ASimulating...  83%|██████████████████████████████████████████        |  ETA: 0:00:31 ( 0.72  s/it)[K
   step_num: 10231[K
   n_closed: 270[K
    n_total: 313[K[A[A[A[ Info: [RESPEC] OOD event: A multi-robot transport team is deadlocked while forming: some members are waiting in their carrying positions but the team cannot complete and the build has stalled. Re-establish the stuck transport team(s).



[K[A[K[A[K[ASimulating...  83%|██████████████████████████████████████████        |  ETA: 0:00:31 ( 0.72  s/it)[K
   step_num: 10309[K
   n_closed: 270[K
    n_total: 313[K[A[A[A[ Info: [RESPEC] OOD event: A multi-robot transport team is deadlocked while forming: some members are waiting in their carrying positions but the team cannot complete and the build has stalled. Re-establish the stuck transport team(s).



[K[A[K[A[K[ASimulating...  83%|██████████████████████████████████████████        |  ETA: 0:00:31 ( 0.73  s/it)[K
   step_num: 10376[K
   n_closed: 270[K
    n_total: 313[K[A[A[A


[K[A[K[A[K[ASimulating...  83%|██████████████████████████████████████████        |  ETA: 0:00:32 ( 0.73  s/it)[K
   step_num: 10441[K
   n_closed: 270[K
    n_total: 313[K[A[A[A[ Info: [RESPEC] OOD event: A multi-robot transport team is deadlocked while forming: some members are waiting in their carrying positions but the team cannot complete and the build has stalled. Re-establish the stuck transport team(s).



[K[A[K[A[K[ASimulating...  83%|██████████████████████████████████████████        |  ETA: 0:00:32 ( 0.74  s/it)[K
   step_num: 10522[K
   n_closed: 270[K
    n_total: 313[K[A[A[A


[K[A[K[A[K[ASimulating...  83%|██████████████████████████████████████████        |  ETA: 0:00:32 ( 0.74  s/it)[K
   step_num: 10588[K
   n_closed: 270[K
    n_total: 313[K[A[A[A[ Info: [RESPEC] OOD event: A multi-robot transport team is deadlocked while forming: some members are waiting in their carrying positions but the team cannot complete and the build has stalled. Re-establish the stuck transport team(s).



[K[A[K[A[K[ASimulating...  83%|██████████████████████████████████████████        |  ETA: 0:00:32 ( 0.75  s/it)[K
   step_num: 10654[K
   n_closed: 270[K
    n_total: 313[K[A[A[A[ Info: [RESPEC] OOD event: A multi-robot transport team is deadlocked while forming: some members are waiting in their carrying positions but the team cannot complete and the build has stalled. Re-establish the stuck transport team(s).



[K[A[K[A[K[ASimulating...  83%|██████████████████████████████████████████        |  ETA: 0:00:32 ( 0.75  s/it)[K
   step_num: 10731[K
   n_closed: 270[K
    n_total: 313[K[A[A[A


[K[A[K[A[K[ASimulating...  83%|██████████████████████████████████████████        |  ETA: 0:00:33 ( 0.76  s/it)[K
   step_num: 10793[K
   n_closed: 270[K
    n_total: 313[K[A[A[A[ Info: [RESPEC] OOD event: A multi-robot transport team is deadlocked while forming: some members are waiting in their carrying positions but the team cannot complete and the build has stalled. Re-establish the stuck transport team(s).



[K[A[K[A[K[ASimulating...  83%|██████████████████████████████████████████        |  ETA: 0:00:33 ( 0.76  s/it)[K
   step_num: 10870[K
   n_closed: 270[K
    n_total: 313[K[A[A[A


[K[A[K[A[K[ASimulating...  83%|██████████████████████████████████████████        |  ETA: 0:00:33 ( 0.77  s/it)[K
   step_num: 10939[K
   n_closed: 270[K
    n_total: 313[K[A[A[A[ Info: [RESPEC] OOD event: A multi-robot transport team is deadlocked while forming: some members are waiting in their carrying positions but the team cannot complete and the build has stalled. Re-establish the stuck transport team(s).



[K[A[K[A[K[ASimulating...  83%|██████████████████████████████████████████        |  ETA: 0:00:33 ( 0.77  s/it)[K
   step_num: 10999[K
   n_closed: 270[K
    n_total: 313[K[A[A[A


[K[A[K[A[K[ASimulating...  83%|██████████████████████████████████████████        |  ETA: 0:00:33 ( 0.78  s/it)[K
   step_num: 11076[K
   n_closed: 270[K
    n_total: 313[K[A[A[A[ Info: [RESPEC] OOD event: A multi-robot transport team is deadlocked while forming: some members are waiting in their carrying positions but the team cannot complete and the build has stalled. Re-establish the stuck transport team(s).



[K[A[K[A[K[ASimulating...  83%|██████████████████████████████████████████        |  ETA: 0:00:34 ( 0.78  s/it)[K
   step_num: 11138[K
   n_closed: 270[K
    n_total: 313[K[A[A[A


[K[A[K[A[K[ASimulating...  83%|██████████████████████████████████████████        |  ETA: 0:00:34 ( 0.79  s/it)[K
   step_num: 11203[K
   n_closed: 270[K
    n_total: 313[K[A[A[A[ Info: [RESPEC] OOD event: A multi-robot transport team is deadlocked while forming: some members are waiting in their carrying positions but the team cannot complete and the build has stalled. Re-establish the stuck transport team(s).



[K[A[K[A[K[ASimulating...  83%|██████████████████████████████████████████        |  ETA: 0:00:34 ( 0.79  s/it)[K
   step_num: 11281[K
   n_closed: 270[K
    n_total: 313[K[A[A[A[ Info: [RESPEC] OOD event: A multi-robot transport team is deadlocked while forming: some members are waiting in their carrying positions but the team cannot complete and the build has stalled. Re-establish the stuck transport team(s).



[K[A[K[A[K[ASimulating...  83%|██████████████████████████████████████████        |  ETA: 0:00:34 ( 0.80  s/it)[K
   step_num: 11345[K
   n_closed: 270[K
    n_total: 313[K[A[A[A


[K[A[K[A[K[ASimulating...  83%|██████████████████████████████████████████        |  ETA: 0:00:34 ( 0.80  s/it)[K
   step_num: 11422[K
   n_closed: 270[K
    n_total: 313[K[A[A[A[ Info: [RESPEC] OOD event: A multi-robot transport team is deadlocked while forming: some members are waiting in their carrying positions but the team cannot complete and the build has stalled. Re-establish the stuck transport team(s).



[K[A[K[A[K[ASimulating...  83%|██████████████████████████████████████████        |  ETA: 0:00:35 ( 0.80  s/it)[K
   step_num: 11488[K
   n_closed: 270[K
    n_total: 313[K[A[A[A


[K[A[K[A[K[ASimulating...  83%|██████████████████████████████████████████        |  ETA: 0:00:35 ( 0.81  s/it)[K
   step_num: 11555[K
   n_closed: 270[K
    n_total: 313[K[A[A[A[ Info: [RESPEC] OOD event: A multi-robot transport team is deadlocked while forming: some members are waiting in their carrying positions but the team cannot complete and the build has stalled. Re-establish the stuck transport team(s).



[K[A[K[A[K[ASimulating...  83%|██████████████████████████████████████████        |  ETA: 0:00:35 ( 0.81  s/it)[K
   step_num: 11629[K
   n_closed: 270[K
    n_total: 313[K[A[A[A[ Info: [RESPEC] OOD event: A multi-robot transport team is deadlocked while forming: some members are waiting in their carrying positions but the team cannot complete and the build has stalled. Re-establish the stuck transport team(s).



[K[A[K[A[K[ASimulating...  83%|██████████████████████████████████████████        |  ETA: 0:00:35 ( 0.82  s/it)[K
   step_num: 11695[K
   n_closed: 270[K
    n_total: 313[K[A[A[A


[K[A[K[A[K[ASimulating...  83%|██████████████████████████████████████████        |  ETA: 0:00:35 ( 0.82  s/it)[K
   step_num: 11760[K
   n_closed: 270[K
    n_total: 313[K[A[A[A[ Info: [RESPEC] OOD event: A multi-robot transport team is deadlocked while forming: some members are waiting in their carrying positions but the team cannot complete and the build has stalled. Re-establish the stuck transport team(s).



[K[A[K[A[K[ASimulating...  83%|██████████████████████████████████████████        |  ETA: 0:00:36 ( 0.83  s/it)[K
   step_num: 11836[K
   n_closed: 270[K
    n_total: 313[K[A[A[A


[K[A[K[A[K[ASimulating...  83%|██████████████████████████████████████████        |  ETA: 0:00:36 ( 0.83  s/it)[K
   step_num: 11903[K
   n_closed: 270[K
    n_total: 313[K[A[A[A[ Info: [RESPEC] OOD event: A multi-robot transport team is deadlocked while forming: some members are waiting in their carrying positions but the team cannot complete and the build has stalled. Re-establish the stuck transport team(s).



[K[A[K[A[K[ASimulating...  83%|██████████████████████████████████████████        |  ETA: 0:00:36 ( 0.84  s/it)[K
   step_num: 11973[K
   n_closed: 270[K
    n_total: 313[K[A[A[A[ Info: [RESPEC] OOD event: A multi-robot transport team is deadlocked while forming: some members are waiting in their carrying positions but the team cannot complete and the build has stalled. Re-establish the stuck transport team(s).



[K[A[K[A[K[ASimulating...  83%|██████████████████████████████████████████        |  ETA: 0:00:36 ( 0.84  s/it)[K
   step_num: 12056[K
   n_closed: 270[K
    n_total: 313[K[A[A[A


[K[A[K[A[K[ASimulating...  83%|██████████████████████████████████████████        |  ETA: 0:00:36 ( 0.85  s/it)[K
   step_num: 12121[K
   n_closed: 270[K
    n_total: 313[K[A[A[A[ Info: [RESPEC] OOD event: A multi-robot transport team is deadlocked while forming: some members are waiting in their carrying positions but the team cannot complete and the build has stalled. Re-establish the stuck transport team(s).



[K[A[K[A[K[ASimulating...  83%|██████████████████████████████████████████        |  ETA: 0:00:37 ( 0.85  s/it)[K
   step_num: 12193[K
   n_closed: 270[K
    n_total: 313[K[A[A[A


[K[A[K[A[K[ASimulating...  83%|██████████████████████████████████████████        |  ETA: 0:00:37 ( 0.86  s/it)[K
   step_num: 12277[K
   n_closed: 270[K
    n_total: 313[K[A[A[A[ Info: [RESPEC] OOD event: A multi-robot transport team is deadlocked while forming: some members are waiting in their carrying positions but the team cannot complete and the build has stalled. Re-establish the stuck transport team(s).



[K[A[K[A[K[ASimulating...  83%|██████████████████████████████████████████        |  ETA: 0:00:37 ( 0.86  s/it)[K
   step_num: 12340[K
   n_closed: 270[K
    n_total: 313[K[A[A[A[ Info: [RESPEC] OOD event: A multi-robot transport team is deadlocked while forming: some members are waiting in their carrying positions but the team cannot complete and the build has stalled. Re-establish the stuck transport team(s).



[K[A[K[A[K[ASimulating...  83%|██████████████████████████████████████████        |  ETA: 0:00:37 ( 0.87  s/it)[K
   step_num: 12413[K
   n_closed: 270[K
    n_total: 313[K[A[A[A


[K[A[K[A[K[ASimulating...  83%|██████████████████████████████████████████        |  ETA: 0:00:38 ( 0.87  s/it)[K
   step_num: 12495[K
   n_closed: 270[K
    n_total: 313[K[A[A[A[ Info: [RESPEC] OOD event: A multi-robot transport team is deadlocked while forming: some members are waiting in their carrying positions but the team cannot complete and the build has stalled. Re-establish the stuck transport team(s).



[K[A[K[A[K[ASimulating...  83%|██████████████████████████████████████████        |  ETA: 0:00:38 ( 0.88  s/it)[K
   step_num: 12563[K
   n_closed: 270[K
    n_total: 313[K[A[A[A


[K[A[K[A[K[ASimulating...  83%|██████████████████████████████████████████        |  ETA: 0:00:38 ( 0.88  s/it)[K
   step_num: 12632[K
   n_closed: 270[K
    n_total: 313[K[A[A[A[ Info: [RESPEC] OOD event: A multi-robot transport team is deadlocked while forming: some members are waiting in their carrying positions but the team cannot complete and the build has stalled. Re-establish the stuck transport team(s).



[K[A[K[A[K[ASimulating...  83%|██████████████████████████████████████████        |  ETA: 0:00:38 ( 0.89  s/it)[K
   step_num: 12712[K
   n_closed: 270[K
    n_total: 313[K[A[A[A[ Info: [RESPEC] OOD event: A multi-robot transport team is deadlocked while forming: some members are waiting in their carrying positions but the team cannot complete and the build has stalled. Re-establish the stuck transport team(s).



[K[A[K[A[K[ASimulating...  83%|██████████████████████████████████████████        |  ETA: 0:00:38 ( 0.89  s/it)[K
   step_num: 12779[K
   n_closed: 270[K
    n_total: 313[K[A[A[A


[K[A[K[A[K[ASimulating...  83%|██████████████████████████████████████████        |  ETA: 0:00:39 ( 0.90  s/it)[K
   step_num: 12852[K
   n_closed: 270[K
    n_total: 313[K[A[A[A[ Info: [RESPEC] OOD event: A multi-robot transport team is deadlocked while forming: some members are waiting in their carrying positions but the team cannot complete and the build has stalled. Re-establish the stuck transport team(s).



[K[A[K[A[K[ASimulating...  83%|██████████████████████████████████████████        |  ETA: 0:00:39 ( 0.90  s/it)[K
   step_num: 12934[K
   n_closed: 270[K
    n_total: 313[K[A[A[A


[K[A[K[A[K[ASimulating...  83%|██████████████████████████████████████████        |  ETA: 0:00:39 ( 0.91  s/it)[K
   step_num: 12996[K
   n_closed: 270[K
    n_total: 313[K[A[A[A[ Info: [RESPEC] OOD event: A multi-robot transport team is deadlocked while forming: some members are waiting in their carrying positions but the team cannot complete and the build has stalled. Re-establish the stuck transport team(s).



[K[A[K[A[K[ASimulating...  83%|██████████████████████████████████████████        |  ETA: 0:00:39 ( 0.91  s/it)[K
   step_num: 13072[K
   n_closed: 270[K
    n_total: 313[K[A[A[A[ Info: [RESPEC] OOD event: A multi-robot transport team is deadlocked while forming: some members are waiting in their carrying positions but the team cannot complete and the build has stalled. Re-establish the stuck transport team(s).



[K[A[K[A[K[ASimulating...  83%|██████████████████████████████████████████        |  ETA: 0:00:39 ( 0.92  s/it)[K
   step_num: 13151[K
   n_closed: 270[K
    n_total: 313[K[A[A[A


[K[A[K[A[K[ASimulating...  83%|██████████████████████████████████████████        |  ETA: 0:00:40 ( 0.92  s/it)[K
   step_num: 13218[K
   n_closed: 270[K
    n_total: 313[K[A[A[A[ Info: [RESPEC] OOD event: A multi-robot transport team is deadlocked while forming: some members are waiting in their carrying positions but the team cannot complete and the build has stalled. Re-establish the stuck transport team(s).



[K[A[K[A[K[ASimulating...  83%|██████████████████████████████████████████        |  ETA: 0:00:40 ( 0.93  s/it)[K
   step_num: 13292[K
   n_closed: 270[K
    n_total: 313[K[A[A[A[ Info: [RESPEC] OOD event: A multi-robot transport team is deadlocked while forming: some members are waiting in their carrying positions but the team cannot complete and the build has stalled. Re-establish the stuck transport team(s).



[K[A[K[A[K[ASimulating...  83%|██████████████████████████████████████████        |  ETA: 0:00:40 ( 0.93  s/it)[K
   step_num: 13374[K
   n_closed: 270[K
    n_total: 313[K[A[A[A


[K[A[K[A[K[ASimulating...  83%|██████████████████████████████████████████        |  ETA: 0:00:40 ( 0.94  s/it)[K
   step_num: 13442[K
   n_closed: 270[K
    n_total: 313[K[A[A[A[ Info: [RESPEC] OOD event: A multi-robot transport team is deadlocked while forming: some members are waiting in their carrying positions but the team cannot complete and the build has stalled. Re-establish the stuck transport team(s).



[K[A[K[A[K[ASimulating...  83%|██████████████████████████████████████████        |  ETA: 0:00:40 ( 0.94  s/it)[K
   step_num: 13512[K
   n_closed: 270[K
    n_total: 313[K[A[A[A


[K[A[K[A[K[ASimulating...  83%|██████████████████████████████████████████        |  ETA: 0:00:41 ( 0.95  s/it)[K
   step_num: 13593[K
   n_closed: 270[K
    n_total: 313[K[A[A[A[ Info: [RESPEC] OOD event: A multi-robot transport team is deadlocked while forming: some members are waiting in their carrying positions but the team cannot complete and the build has stalled. Re-establish the stuck transport team(s).



[K[A[K[A[K[ASimulating...  83%|██████████████████████████████████████████        |  ETA: 0:00:41 ( 0.95  s/it)[K
   step_num: 13657[K
   n_closed: 270[K
    n_total: 313[K[A[A[A[ Info: [RESPEC] OOD event: A multi-robot transport team is deadlocked while forming: some members are waiting in their carrying positions but the team cannot complete and the build has stalled. Re-establish the stuck transport team(s).



[K[A[K[A[K[ASimulating...  83%|██████████████████████████████████████████        |  ETA: 0:00:41 ( 0.96  s/it)[K
   step_num: 13732[K
   n_closed: 270[K
    n_total: 313[K[A[A[A


[K[A[K[A[K[ASimulating...  83%|██████████████████████████████████████████        |  ETA: 0:00:41 ( 0.96  s/it)[K
   step_num: 13813[K
   n_closed: 270[K
    n_total: 313[K[A[A[A[ Info: [RESPEC] OOD event: A multi-robot transport team is deadlocked while forming: some members are waiting in their carrying positions but the team cannot complete and the build has stalled. Re-establish the stuck transport team(s).



[K[A[K[A[K[ASimulating...  83%|██████████████████████████████████████████        |  ETA: 0:00:42 ( 0.97  s/it)[K
   step_num: 13879[K
   n_closed: 270[K
    n_total: 313[K[A[A[A


[K[A[K[A[K[ASimulating...  83%|██████████████████████████████████████████        |  ETA: 0:00:42 ( 0.97  s/it)[K
   step_num: 13952[K
   n_closed: 270[K
    n_total: 313[K[A[A[A[ Info: [RESPEC] OOD event: A multi-robot transport team is deadlocked while forming: some members are waiting in their carrying positions but the team cannot complete and the build has stalled. Re-establish the stuck transport team(s).



[K[A[K[A[K[ASimulating...  83%|██████████████████████████████████████████        |  ETA: 0:00:42 ( 0.98  s/it)[K
   step_num: 14031[K
   n_closed: 270[K
    n_total: 313[K[A[A[A[ Info: [RESPEC] OOD event: A multi-robot transport team is deadlocked while forming: some members are waiting in their carrying positions but the team cannot complete and the build has stalled. Re-establish the stuck transport team(s).



[K[A[K[A[K[ASimulating...  83%|██████████████████████████████████████████        |  ETA: 0:00:42 ( 0.98  s/it)[K
   step_num: 14097[K
   n_closed: 270[K
    n_total: 313[K[A[A[A


[K[A[K[A[K[ASimulating...  83%|██████████████████████████████████████████        |  ETA: 0:00:42 ( 0.99  s/it)[K
   step_num: 14172[K
   n_closed: 270[K
    n_total: 313[K[A[A[A[ Info: [RESPEC] OOD event: A multi-robot transport team is deadlocked while forming: some members are waiting in their carrying positions but the team cannot complete and the build has stalled. Re-establish the stuck transport team(s).



[K[A[K[A[K[ASimulating...  83%|██████████████████████████████████████████        |  ETA: 0:00:43 ( 0.99  s/it)[K
   step_num: 14250[K
   n_closed: 270[K
    n_total: 313[K[A[A[A


[K[A[K[A[K[ASimulating...  83%|██████████████████████████████████████████        |  ETA: 0:00:43 ( 1.00  s/it)[K
   step_num: 14316[K
   n_closed: 270[K
    n_total: 313[K[A[A[A[ Info: [RESPEC] OOD event: A multi-robot transport team is deadlocked while forming: some members are waiting in their carrying positions but the team cannot complete and the build has stalled. Re-establish the stuck transport team(s).



[K[A[K[A[K[ASimulating...  83%|██████████████████████████████████████████        |  ETA: 0:00:43 ( 1.00  s/it)[K
   step_num: 14391[K
   n_closed: 270[K
    n_total: 313[K[A[A[A[ Info: [RESPEC] OOD event: A multi-robot transport team is deadlocked while forming: some members are waiting in their carrying positions but the team cannot complete and the build has stalled. Re-establish the stuck transport team(s).



[K[A[K[A[K[ASimulating...  83%|██████████████████████████████████████████        |  ETA: 0:00:43 ( 1.01  s/it)[K
   step_num: 14469[K
   n_closed: 270[K
    n_total: 313[K[A[A[A


[K[A[K[A[K[ASimulating...  83%|██████████████████████████████████████████        |  ETA: 0:00:43 ( 1.01  s/it)[K
   step_num: 14528[K
   n_closed: 270[K
    n_total: 313[K[A[A[A[ Info: [RESPEC] OOD event: A multi-robot transport team is deadlocked while forming: some members are waiting in their carrying positions but the team cannot complete and the build has stalled. Re-establish the stuck transport team(s).



[K[A[K[A[K[ASimulating...  83%|██████████████████████████████████████████        |  ETA: 0:00:44 ( 1.02  s/it)[K
   step_num: 14601[K
   n_closed: 270[K
    n_total: 313[K[A[A[A


[K[A[K[A[K[ASimulating...  83%|██████████████████████████████████████████        |  ETA: 0:00:44 ( 1.02  s/it)[K
   step_num: 14665[K
   n_closed: 270[K
    n_total: 313[K[A[A[A[ Info: [RESPEC] OOD event: A multi-robot transport team is deadlocked while forming: some members are waiting in their carrying positions but the team cannot complete and the build has stalled. Re-establish the stuck transport team(s).



[K[A[K[A[K[ASimulating...  83%|██████████████████████████████████████████        |  ETA: 0:00:44 ( 1.03  s/it)[K
   step_num: 14726[K
   n_closed: 270[K
    n_total: 313[K[A[A[A[ Info: [RESPEC] OOD event: A multi-robot transport team is deadlocked while forming: some members are waiting in their carrying positions but the team cannot complete and the build has stalled. Re-establish the stuck transport team(s).



[K[A[K[A[K[ASimulating...  83%|██████████████████████████████████████████        |  ETA: 0:00:44 ( 1.03  s/it)[K
   step_num: 14809[K
   n_closed: 270[K
    n_total: 313[K[A[A[A


[K[A[K[A[K[ASimulating...  83%|██████████████████████████████████████████        |  ETA: 0:00:45 ( 1.04  s/it)[K
   step_num: 14876[K
   n_closed: 270[K
    n_total: 313[K[A[A[A[ Info: [RESPEC] OOD event: A multi-robot transport team is deadlocked while forming: some members are waiting in their carrying positions but the team cannot complete and the build has stalled. Re-establish the stuck transport team(s).



[K[A[K[A[K[ASimulating...  83%|██████████████████████████████████████████        |  ETA: 0:00:45 ( 1.04  s/it)[K
   step_num: 14941[K
   n_closed: 270[K
    n_total: 313[K[A[A[A


[K[A[K[A[K[ASimulating...  83%|██████████████████████████████████████████        |  ETA: 0:00:45 ( 1.04  s/it)[K
   step_num: 15017[K
   n_closed: 270[K
    n_total: 313[K[A[A[A[ Info: [RESPEC] OOD event: A multi-robot transport team is deadlocked while forming: some members are waiting in their carrying positions but the team cannot complete and the build has stalled. Re-establish the stuck transport team(s).



[K[A[K[A[K[ASimulating...  83%|██████████████████████████████████████████        |  ETA: 0:00:45 ( 1.05  s/it)[K
   step_num: 15082[K
   n_closed: 270[K
    n_total: 313[K[A[A[A


[K[A[K[A[K[ASimulating...  83%|██████████████████████████████████████████        |  ETA: 0:00:45 ( 1.05  s/it)[K
   step_num: 15160[K
   n_closed: 270[K
    n_total: 313[K[A[A[A[ Info: [RESPEC] OOD event: A multi-robot transport team is deadlocked while forming: some members are waiting in their carrying positions but the team cannot complete and the build has stalled. Re-establish the stuck transport team(s).



[K[A[K[A[K[ASimulating...  83%|██████████████████████████████████████████        |  ETA: 0:00:46 ( 1.06  s/it)[K
   step_num: 15224[K
   n_closed: 270[K
    n_total: 313[K[A[A[A[ Info: [RESPEC] OOD event: A multi-robot transport team is deadlocked while forming: some members are waiting in their carrying positions but the team cannot complete and the build has stalled. Re-establish the stuck transport team(s).



[K[A[K[A[K[ASimulating...  83%|██████████████████████████████████████████        |  ETA: 0:00:46 ( 1.06  s/it)[K
   step_num: 15288[K
   n_closed: 270[K
    n_total: 313[K[A[A[A


[K[A[K[A[K[ASimulating...  83%|██████████████████████████████████████████        |  ETA: 0:00:46 ( 1.07  s/it)[K
   step_num: 15362[K
   n_closed: 270[K
    n_total: 313[K[A[A[A[ Info: [RESPEC] OOD event: A multi-robot transport team is deadlocked while forming: some members are waiting in their carrying positions but the team cannot complete and the build has stalled. Re-establish the stuck transport team(s).



[K[A[K[A[K[ASimulating...  83%|██████████████████████████████████████████        |  ETA: 0:00:46 ( 1.07  s/it)[K
   step_num: 15429[K
   n_closed: 270[K
    n_total: 313[K[A[A[A


[K[A[K[A[K[ASimulating...  83%|██████████████████████████████████████████        |  ETA: 0:00:46 ( 1.08  s/it)[K
   step_num: 15496[K
   n_closed: 270[K
    n_total: 313[K[A[A[A[ Info: [RESPEC] OOD event: A multi-robot transport team is deadlocked while forming: some members are waiting in their carrying positions but the team cannot complete and the build has stalled. Re-establish the stuck transport team(s).



[K[A[K[A[K[ASimulating...  83%|██████████████████████████████████████████        |  ETA: 0:00:47 ( 1.08  s/it)[K
   step_num: 15569[K
   n_closed: 270[K
    n_total: 313[K[A[A[A


[K[A[K[A[K[ASimulating...  83%|██████████████████████████████████████████        |  ETA: 0:00:47 ( 1.09  s/it)[K
   step_num: 15632[K
   n_closed: 270[K
    n_total: 313[K[A[A[A[ Info: [RESPEC] OOD event: A multi-robot transport team is deadlocked while forming: some members are waiting in their carrying positions but the team cannot complete and the build has stalled. Re-establish the stuck transport team(s).



[K[A[K[A[K[ASimulating...  83%|██████████████████████████████████████████        |  ETA: 0:00:47 ( 1.09  s/it)[K
   step_num: 15706[K
   n_closed: 270[K
    n_total: 313[K[A[A[A[ Info: [RESPEC] OOD event: A multi-robot transport team is deadlocked while forming: some members are waiting in their carrying positions but the team cannot complete and the build has stalled. Re-establish the stuck transport team(s).



[K[A[K[A[K[ASimulating...  83%|██████████████████████████████████████████        |  ETA: 0:00:47 ( 1.10  s/it)[K
   step_num: 15771[K
   n_closed: 270[K
    n_total: 313[K[A[A[A


[K[A[K[A[K[ASimulating...  83%|██████████████████████████████████████████        |  ETA: 0:00:47 ( 1.10  s/it)[K
   step_num: 15835[K
   n_closed: 270[K
    n_total: 313[K[A[A[A[ Info: [RESPEC] OOD event: A multi-robot transport team is deadlocked while forming: some members are waiting in their carrying positions but the team cannot complete and the build has stalled. Re-establish the stuck transport team(s).



[K[A[K[A[K[ASimulating...  83%|██████████████████████████████████████████        |  ETA: 0:00:48 ( 1.11  s/it)[K
   step_num: 15918[K
   n_closed: 270[K
    n_total: 313[K[A[A[A


[K[A[K[A[K[ASimulating...  83%|██████████████████████████████████████████        |  ETA: 0:00:48 ( 1.11  s/it)[K
   step_num: 15983[K
   n_closed: 270[K
    n_total: 313[K[A[A[A[ Info: [RESPEC] OOD event: A multi-robot transport team is deadlocked while forming: some members are waiting in their carrying positions but the team cannot complete and the build has stalled. Re-establish the stuck transport team(s).



[K[A[K[A[K[ASimulating...  83%|██████████████████████████████████████████        |  ETA: 0:00:48 ( 1.12  s/it)[K
   step_num: 16045[K
   n_closed: 270[K
    n_total: 313[K[A[A[A


[K[A[K[A[K[ASimulating...  83%|██████████████████████████████████████████        |  ETA: 0:00:48 ( 1.12  s/it)[K
   step_num: 16125[K
   n_closed: 270[K
    n_total: 313[K[A[A[A[ Info: [RESPEC] OOD event: A multi-robot transport team is deadlocked while forming: some members are waiting in their carrying positions but the team cannot complete and the build has stalled. Re-establish the stuck transport team(s).



[K[A[K[A[K[ASimulating...  83%|██████████████████████████████████████████        |  ETA: 0:00:48 ( 1.13  s/it)[K
   step_num: 16190[K
   n_closed: 270[K
    n_total: 313[K[A[A[A[ Info: [RESPEC] OOD event: A multi-robot transport team is deadlocked while forming: some members are waiting in their carrying positions but the team cannot complete and the build has stalled. Re-establish the stuck transport team(s).



[K[A[K[A[K[ASimulating...  83%|██████████████████████████████████████████        |  ETA: 0:00:49 ( 1.13  s/it)[K
   step_num: 16261[K
   n_closed: 270[K
    n_total: 313[K[A[A[A


[K[A[K[A[K[ASimulating...  83%|██████████████████████████████████████████        |  ETA: 0:00:49 ( 1.14  s/it)[K
   step_num: 16342[K
   n_closed: 270[K
    n_total: 313[K[A[A[A[ Info: [RESPEC] OOD event: A multi-robot transport team is deadlocked while forming: some members are waiting in their carrying positions but the team cannot complete and the build has stalled. Re-establish the stuck transport team(s).



[K[A[K[A[K[ASimulating...  83%|██████████████████████████████████████████        |  ETA: 0:00:49 ( 1.14  s/it)[K
   step_num: 16408[K
   n_closed: 270[K
    n_total: 313[K[A[A[A


[K[A[K[A[K[ASimulating...  83%|██████████████████████████████████████████        |  ETA: 0:00:49 ( 1.15  s/it)[K
   step_num: 16481[K
   n_closed: 270[K
    n_total: 313[K[A[A[A[ Info: [RESPEC] OOD event: A multi-robot transport team is deadlocked while forming: some members are waiting in their carrying positions but the team cannot complete and the build has stalled. Re-establish the stuck transport team(s).



[K[A[K[A[K[ASimulating...  83%|██████████████████████████████████████████        |  ETA: 0:00:49 ( 1.15  s/it)[K
   step_num: 16560[K
   n_closed: 270[K
    n_total: 313[K[A[A[A[ Info: [RESPEC] OOD event: A multi-robot transport team is deadlocked while forming: some members are waiting in their carrying positions but the team cannot complete and the build has stalled. Re-establish the stuck transport team(s).



[K[A[K[A[K[ASimulating...  83%|██████████████████████████████████████████        |  ETA: 0:00:50 ( 1.16  s/it)[K
   step_num: 16628[K
   n_closed: 270[K
    n_total: 313[K[A[A[A


[K[A[K[A[K[ASimulating...  83%|██████████████████████████████████████████        |  ETA: 0:00:50 ( 1.16  s/it)[K
   step_num: 16700[K
   n_closed: 270[K
    n_total: 313[K[A[A[A[ Info: [RESPEC] OOD event: A multi-robot transport team is deadlocked while forming: some members are waiting in their carrying positions but the team cannot complete and the build has stalled. Re-establish the stuck transport team(s).



[K[A[K[A[K[ASimulating...  83%|██████████████████████████████████████████        |  ETA: 0:00:50 ( 1.17  s/it)[K
   step_num: 16781[K
   n_closed: 270[K
    n_total: 313[K[A[A[A[ Info: [RESPEC] OOD event: A multi-robot transport team is deadlocked while forming: some members are waiting in their carrying positions but the team cannot complete and the build has stalled. Re-establish the stuck transport team(s).



[K[A[K[A[K[ASimulating...  83%|██████████████████████████████████████████        |  ETA: 0:00:50 ( 1.17  s/it)[K
   step_num: 16848[K
   n_closed: 270[K
    n_total: 313[K[A[A[A


[K[A[K[A[K[ASimulating...  83%|██████████████████████████████████████████        |  ETA: 0:00:51 ( 1.18  s/it)[K
   step_num: 16920[K
   n_closed: 270[K
    n_total: 313[K[A[A[A[ Info: [RESPEC] OOD event: A multi-robot transport team is deadlocked while forming: some members are waiting in their carrying positions but the team cannot complete and the build has stalled. Re-establish the stuck transport team(s).



[K[A[K[A[K[ASimulating...  83%|██████████████████████████████████████████        |  ETA: 0:00:51 ( 1.18  s/it)[K
   step_num: 17003[K
   n_closed: 270[K
    n_total: 313[K[A[A[A


[K[A[K[A[K[ASimulating...  83%|██████████████████████████████████████████        |  ETA: 0:00:51 ( 1.19  s/it)[K
   step_num: 17070[K
   n_closed: 270[K
    n_total: 313[K[A[A[A[ Info: [RESPEC] OOD event: A multi-robot transport team is deadlocked while forming: some members are waiting in their carrying positions but the team cannot complete and the build has stalled. Re-establish the stuck transport team(s).



[K[A[K[A[K[ASimulating...  83%|██████████████████████████████████████████        |  ETA: 0:00:51 ( 1.19  s/it)[K
   step_num: 17140[K
   n_closed: 270[K
    n_total: 313[K[A[A[A[ Info: [RESPEC] OOD event: A multi-robot transport team is deadlocked while forming: some members are waiting in their carrying positions but the team cannot complete and the build has stalled. Re-establish the stuck transport team(s).



[K[A[K[A[K[ASimulating...  83%|██████████████████████████████████████████        |  ETA: 0:00:51 ( 1.19  s/it)[K
   step_num: 17218[K
   n_closed: 270[K
    n_total: 313[K[A[A[A


[K[A[K[A[K[ASimulating...  83%|██████████████████████████████████████████        |  ETA: 0:00:52 ( 1.20  s/it)[K
   step_num: 17285[K
   n_closed: 270[K
    n_total: 313[K[A[A[A[ Info: [RESPEC] OOD event: A multi-robot transport team is deadlocked while forming: some members are waiting in their carrying positions but the team cannot complete and the build has stalled. Re-establish the stuck transport team(s).



[K[A[K[A[K[ASimulating...  83%|██████████████████████████████████████████        |  ETA: 0:00:52 ( 1.21  s/it)[K
   step_num: 17360[K
   n_closed: 270[K
    n_total: 313[K[A[A[A


[K[A[K[A[K[ASimulating...  83%|██████████████████████████████████████████        |  ETA: 0:00:52 ( 1.21  s/it)[K
   step_num: 17442[K
   n_closed: 270[K
    n_total: 313[K[A[A[A[ Info: [RESPEC] OOD event: A multi-robot transport team is deadlocked while forming: some members are waiting in their carrying positions but the team cannot complete and the build has stalled. Re-establish the stuck transport team(s).



[K[A[K[A[K[ASimulating...  83%|██████████████████████████████████████████        |  ETA: 0:00:52 ( 1.21  s/it)[K
   step_num: 17509[K
   n_closed: 270[K
    n_total: 313[K[A[A[A[ Info: [RESPEC] OOD event: A multi-robot transport team is deadlocked while forming: some members are waiting in their carrying positions but the team cannot complete and the build has stalled. Re-establish the stuck transport team(s).



[K[A[K[A[K[ASimulating...  83%|██████████████████████████████████████████        |  ETA: 0:00:52 ( 1.22  s/it)[K
   step_num: 17580[K
   n_closed: 270[K
    n_total: 313[K[A[A[A


[K[A[K[A[K[ASimulating...  83%|██████████████████████████████████████████        |  ETA: 0:00:53 ( 1.22  s/it)[K
   step_num: 17660[K
   n_closed: 270[K
    n_total: 313[K[A[A[A[ Info: [RESPEC] OOD event: A multi-robot transport team is deadlocked while forming: some members are waiting in their carrying positions but the team cannot complete and the build has stalled. Re-establish the stuck transport team(s).



[K[A[K[A[K[ASimulating...  83%|██████████████████████████████████████████        |  ETA: 0:00:53 ( 1.23  s/it)[K
   step_num: 17720[K
   n_closed: 270[K
    n_total: 313[K[A[A[A


[K[A[K[A[K[ASimulating...  83%|██████████████████████████████████████████        |  ETA: 0:00:53 ( 1.23  s/it)[K
   step_num: 17798[K
   n_closed: 270[K
    n_total: 313[K[A[A[A[ Info: [RESPEC] OOD event: A multi-robot transport team is deadlocked while forming: some members are waiting in their carrying positions but the team cannot complete and the build has stalled. Re-establish the stuck transport team(s).



[K[A[K[A[K[ASimulating...  83%|██████████████████████████████████████████        |  ETA: 0:00:53 ( 1.24  s/it)[K
   step_num: 17864[K
   n_closed: 270[K
    n_total: 313[K[A[A[A[ Info: [RESPEC] OOD event: A multi-robot transport team is deadlocked while forming: some members are waiting in their carrying positions but the team cannot complete and the build has stalled. Re-establish the stuck transport team(s).



[K[A[K[A[K[ASimulating...  83%|██████████████████████████████████████████        |  ETA: 0:00:53 ( 1.24  s/it)[K
   step_num: 17928[K
   n_closed: 270[K
    n_total: 313[K[A[A[A


[K[A[K[A[K[ASimulating...  83%|██████████████████████████████████████████        |  ETA: 0:00:54 ( 1.25  s/it)[K
   step_num: 18006[K
   n_closed: 270[K
    n_total: 313[K[A[A[A[ Info: [RESPEC] OOD event: A multi-robot transport team is deadlocked while forming: some members are waiting in their carrying positions but the team cannot complete and the build has stalled. Re-establish the stuck transport team(s).



[K[A[K[A[K[ASimulating...  83%|██████████████████████████████████████████        |  ETA: 0:00:54 ( 1.25  s/it)[K
   step_num: 18069[K
   n_closed: 270[K
    n_total: 313[K[A[A[A


[K[A[K[A[K[ASimulating...  83%|██████████████████████████████████████████        |  ETA: 0:00:54 ( 1.26  s/it)[K
   step_num: 18136[K
   n_closed: 270[K
    n_total: 313[K[A[A[A[ Info: [RESPEC] OOD event: A multi-robot transport team is deadlocked while forming: some members are waiting in their carrying positions but the team cannot complete and the build has stalled. Re-establish the stuck transport team(s).



[K[A[K[A[K[ASimulating...  83%|██████████████████████████████████████████        |  ETA: 0:00:54 ( 1.26  s/it)[K
   step_num: 18218[K
   n_closed: 270[K
    n_total: 313[K[A[A[A


[K[A[K[A[K[ASimulating...  83%|██████████████████████████████████████████        |  ETA: 0:00:54 ( 1.27  s/it)[K
   step_num: 18279[K
   n_closed: 270[K
    n_total: 313[K[A[A[A[ Info: [RESPEC] OOD event: A multi-robot transport team is deadlocked while forming: some members are waiting in their carrying positions but the team cannot complete and the build has stalled. Re-establish the stuck transport team(s).



[K[A[K[A[K[ASimulating...  83%|██████████████████████████████████████████        |  ETA: 0:00:55 ( 1.27  s/it)[K
   step_num: 18350[K
   n_closed: 270[K
    n_total: 313[K[A[A[A[ Info: [RESPEC] OOD event: A multi-robot transport team is deadlocked while forming: some members are waiting in their carrying positions but the team cannot complete and the build has stalled. Re-establish the stuck transport team(s).



[K[A[K[A[K[ASimulating...  83%|██████████████████████████████████████████        |  ETA: 0:00:55 ( 1.28  s/it)[K
   step_num: 18432[K
   n_closed: 270[K
    n_total: 313[K[A[A[A


[K[A[K[A[K[ASimulating...  83%|██████████████████████████████████████████        |  ETA: 0:00:55 ( 1.28  s/it)[K
   step_num: 18496[K
   n_closed: 270[K
    n_total: 313[K[A[A[A[ Info: [RESPEC] OOD event: A multi-robot transport team is deadlocked while forming: some members are waiting in their carrying positions but the team cannot complete and the build has stalled. Re-establish the stuck transport team(s).



[K[A[K[A[K[ASimulating...  83%|██████████████████████████████████████████        |  ETA: 0:00:55 ( 1.29  s/it)[K
   step_num: 18570[K
   n_closed: 270[K
    n_total: 313[K[A[A[A[ Info: [RESPEC] OOD event: A multi-robot transport team is deadlocked while forming: some members are waiting in their carrying positions but the team cannot complete and the build has stalled. Re-establish the stuck transport team(s).



[K[A[K[A[K[ASimulating...  83%|██████████████████████████████████████████        |  ETA: 0:00:56 ( 1.29  s/it)[K
   step_num: 18651[K
   n_closed: 270[K
    n_total: 313[K[A[A[A


[K[A[K[A[K[ASimulating...  83%|██████████████████████████████████████████        |  ETA: 0:00:56 ( 1.30  s/it)[K
   step_num: 18716[K
   n_closed: 270[K
    n_total: 313[K[A[A[A[ Info: [RESPEC] OOD event: A multi-robot transport team is deadlocked while forming: some members are waiting in their carrying positions but the team cannot complete and the build has stalled. Re-establish the stuck transport team(s).



[K[A[K[A[K[ASimulating...  83%|██████████████████████████████████████████        |  ETA: 0:00:56 ( 1.30  s/it)[K
   step_num: 18790[K
   n_closed: 270[K
    n_total: 313[K[A[A[A


[K[A[K[A[K[ASimulating...  83%|██████████████████████████████████████████        |  ETA: 0:00:56 ( 1.31  s/it)[K
   step_num: 18873[K
   n_closed: 270[K
    n_total: 313[K[A[A[A[ Info: [RESPEC] OOD event: A multi-robot transport team is deadlocked while forming: some members are waiting in their carrying positions but the team cannot complete and the build has stalled. Re-establish the stuck transport team(s).



[K[A[K[A[K[ASimulating...  83%|██████████████████████████████████████████        |  ETA: 0:00:56 ( 1.31  s/it)[K
   step_num: 18938[K
   n_closed: 270[K
    n_total: 313[K[A[A[A[ Info: [RESPEC] OOD event: A multi-robot transport team is deadlocked while forming: some members are waiting in their carrying positions but the team cannot complete and the build has stalled. Re-establish the stuck transport team(s).



[K[A[K[A[K[ASimulating...  83%|██████████████████████████████████████████        |  ETA: 0:00:57 ( 1.32  s/it)[K
   step_num: 19009[K
   n_closed: 270[K
    n_total: 313[K[A[A[A


[K[A[K[A[K[ASimulating...  83%|██████████████████████████████████████████        |  ETA: 0:00:57 ( 1.32  s/it)[K
   step_num: 19085[K
   n_closed: 270[K
    n_total: 313[K[A[A[A[ Info: [RESPEC] OOD event: A multi-robot transport team is deadlocked while forming: some members are waiting in their carrying positions but the team cannot complete and the build has stalled. Re-establish the stuck transport team(s).



[K[A[K[A[K[ASimulating...  83%|██████████████████████████████████████████        |  ETA: 0:00:57 ( 1.33  s/it)[K
   step_num: 19151[K
   n_closed: 270[K
    n_total: 313[K[A[A[A


[K[A[K[A[K[ASimulating...  83%|██████████████████████████████████████████        |  ETA: 0:00:57 ( 1.33  s/it)[K
   step_num: 19229[K
   n_closed: 270[K
    n_total: 313[K[A[A[A[ Info: [RESPEC] OOD event: A multi-robot transport team is deadlocked while forming: some members are waiting in their carrying positions but the team cannot complete and the build has stalled. Re-establish the stuck transport team(s).



[K[A[K[A[K[ASimulating...  83%|██████████████████████████████████████████        |  ETA: 0:00:57 ( 1.34  s/it)[K
   step_num: 19309[K
   n_closed: 270[K
    n_total: 313[K[A[A[A[ Info: [RESPEC] OOD event: A multi-robot transport team is deadlocked while forming: some members are waiting in their carrying positions but the team cannot complete and the build has stalled. Re-establish the stuck transport team(s).



[K[A[K[A[K[ASimulating...  83%|██████████████████████████████████████████        |  ETA: 0:00:58 ( 1.34  s/it)[K
   step_num: 19374[K
   n_closed: 270[K
    n_total: 313[K[A[A[A


[K[A[K[A[K[ASimulating...  83%|██████████████████████████████████████████        |  ETA: 0:00:58 ( 1.35  s/it)[K
   step_num: 19449[K
   n_closed: 270[K
    n_total: 313[K[A[A[A[ Info: [RESPEC] OOD event: A multi-robot transport team is deadlocked while forming: some members are waiting in their carrying positions but the team cannot complete and the build has stalled. Re-establish the stuck transport team(s).



[K[A[K[A[K[ASimulating...  83%|██████████████████████████████████████████        |  ETA: 0:00:58 ( 1.35  s/it)[K
   step_num: 19532[K
   n_closed: 270[K
    n_total: 313[K[A[A[A


[K[A[K[A[K[ASimulating...  83%|██████████████████████████████████████████        |  ETA: 0:00:58 ( 1.36  s/it)[K
   step_num: 19594[K
   n_closed: 270[K
    n_total: 313[K[A[A[A[ Info: [RESPEC] OOD event: A multi-robot transport team is deadlocked while forming: some members are waiting in their carrying positions but the team cannot complete and the build has stalled. Re-establish the stuck transport team(s).



[K[A[K[A[K[ASimulating...  83%|██████████████████████████████████████████        |  ETA: 0:00:59 ( 1.36  s/it)[K
   step_num: 19669[K
   n_closed: 270[K
    n_total: 313[K[A[A[A[ Info: [RESPEC] OOD event: A multi-robot transport team is deadlocked while forming: some members are waiting in their carrying positions but the team cannot complete and the build has stalled. Re-establish the stuck transport team(s).



[K[A[K[A[K[ASimulating...  83%|██████████████████████████████████████████        |  ETA: 0:00:59 ( 1.37  s/it)[K
   step_num: 19753[K
   n_closed: 270[K
    n_total: 313[K[A[A[A


[K[A[K[A[K[ASimulating...  83%|██████████████████████████████████████████        |  ETA: 0:00:59 ( 1.37  s/it)[K
   step_num: 19818[K
   n_closed: 270[K
    n_total: 313[K[A[A[A[ Info: [RESPEC] OOD event: A multi-robot transport team is deadlocked while forming: some members are waiting in their carrying positions but the team cannot complete and the build has stalled. Re-establish the stuck transport team(s).



[K[A[K[A[K[ASimulating...  83%|██████████████████████████████████████████        |  ETA: 0:00:59 ( 1.38  s/it)[K
   step_num: 19889[K
   n_closed: 270[K
    n_total: 313[K[A[A[A[ Info: [RESPEC] OOD event: A multi-robot transport team is deadlocked while forming: some members are waiting in their carrying positions but the team cannot complete and the build has stalled. Re-establish the stuck transport team(s).



[K[A[K[A[K[ASimulating...  83%|██████████████████████████████████████████        |  ETA: 0:00:59 ( 1.38  s/it)[K
   step_num: 19966[K
   n_closed: 270[K
    n_total: 313[K[A[A[A


[K[A[K[A[K[ASimulating...  83%|██████████████████████████████████████████        |  ETA: 0:01:00 ( 1.39  s/it)[K
   step_num: 20035[K
   n_closed: 270[K
    n_total: 313[K[A[A[A[ Info: [RESPEC] OOD event: A multi-robot transport team is deadlocked while forming: some members are waiting in their carrying positions but the team cannot complete and the build has stalled. Re-establish the stuck transport team(s).



[K[A[K[A[K[ASimulating...  83%|██████████████████████████████████████████        |  ETA: 0:01:00 ( 1.39  s/it)[K
   step_num: 20109[K
   n_closed: 270[K
    n_total: 313[K[A[A[A


[K[A[K[A[K[ASimulating...  83%|██████████████████████████████████████████        |  ETA: 0:01:00 ( 1.40  s/it)[K
   step_num: 20192[K
   n_closed: 270[K
    n_total: 313[K[A[A[A[ Info: [RESPEC] OOD event: A multi-robot transport team is deadlocked while forming: some members are waiting in their carrying positions but the team cannot complete and the build has stalled. Re-establish the stuck transport team(s).



[K[A[K[A[K[ASimulating...  83%|██████████████████████████████████████████        |  ETA: 0:01:00 ( 1.40  s/it)[K
   step_num: 20260[K
   n_closed: 270[K
    n_total: 313[K[A[A[A[ Info: [RESPEC] OOD event: A multi-robot transport team is deadlocked while forming: some members are waiting in their carrying positions but the team cannot complete and the build has stalled. Re-establish the stuck transport team(s).



[K[A[K[A[K[ASimulating...  83%|██████████████████████████████████████████        |  ETA: 0:01:00 ( 1.41  s/it)[K
   step_num: 20329[K
   n_closed: 270[K
    n_total: 313[K[A[A[A


[K[A[K[A[K[ASimulating...  83%|██████████████████████████████████████████        |  ETA: 0:01:01 ( 1.41  s/it)[K
   step_num: 20412[K
   n_closed: 270[K
    n_total: 313[K[A[A[A[ Info: [RESPEC] OOD event: A multi-robot transport team is deadlocked while forming: some members are waiting in their carrying positions but the team cannot complete and the build has stalled. Re-establish the stuck transport team(s).



[K[A[K[A[K[ASimulating...  83%|██████████████████████████████████████████        |  ETA: 0:01:01 ( 1.42  s/it)[K
   step_num: 20478[K
   n_closed: 270[K
    n_total: 313[K[A[A[A


[K[A[K[A[K[ASimulating...  83%|██████████████████████████████████████████        |  ETA: 0:01:01 ( 1.42  s/it)[K
   step_num: 20549[K
   n_closed: 270[K
    n_total: 313[K[A[A[A[ Info: [RESPEC] OOD event: A multi-robot transport team is deadlocked while forming: some members are waiting in their carrying positions but the team cannot complete and the build has stalled. Re-establish the stuck transport team(s).



[K[A[K[A[K[ASimulating...  83%|██████████████████████████████████████████        |  ETA: 0:01:01 ( 1.43  s/it)[K
   step_num: 20630[K
   n_closed: 270[K
    n_total: 313[K[A[A[A[ Info: [RESPEC] OOD event: A multi-robot transport team is deadlocked while forming: some members are waiting in their carrying positions but the team cannot complete and the build has stalled. Re-establish the stuck transport team(s).



[K[A[K[A[K[ASimulating...  83%|██████████████████████████████████████████        |  ETA: 0:01:02 ( 1.43  s/it)[K
   step_num: 20697[K
   n_closed: 270[K
    n_total: 313[K[A[A[A


[K[A[K[A[K[ASimulating...  83%|██████████████████████████████████████████        |  ETA: 0:01:02 ( 1.44  s/it)[K
   step_num: 20769[K
   n_closed: 270[K
    n_total: 313[K[A[A[A[ Info: [RESPEC] OOD event: A multi-robot transport team is deadlocked while forming: some members are waiting in their carrying positions but the team cannot complete and the build has stalled. Re-establish the stuck transport team(s).



[K[A[K[A[K[ASimulating...  83%|██████████████████████████████████████████        |  ETA: 0:01:02 ( 1.44  s/it)[K
   step_num: 20849[K
   n_closed: 270[K
    n_total: 313[K[A[A[A


[K[A[K[A[K[ASimulating...  83%|██████████████████████████████████████████        |  ETA: 0:01:02 ( 1.45  s/it)[K
   step_num: 20914[K
   n_closed: 270[K
    n_total: 313[K[A[A[A[ Info: [RESPEC] OOD event: A multi-robot transport team is deadlocked while forming: some members are waiting in their carrying positions but the team cannot complete and the build has stalled. Re-establish the stuck transport team(s).



[K[A[K[A[K[ASimulating...  83%|██████████████████████████████████████████        |  ETA: 0:01:02 ( 1.45  s/it)[K
   step_num: 20989[K
   n_closed: 270[K
    n_total: 313[K[A[A[A[ Info: [RESPEC] OOD event: A multi-robot transport team is deadlocked while forming: some members are waiting in their carrying positions but the team cannot complete and the build has stalled. Re-establish the stuck transport team(s).



[K[A[K[A[K[ASimulating...  83%|██████████████████████████████████████████        |  ETA: 0:01:03 ( 1.46  s/it)[K
   step_num: 21072[K
   n_closed: 270[K
    n_total: 313[K[A[A[A


[K[A[K[A[K[ASimulating...  83%|██████████████████████████████████████████        |  ETA: 0:01:03 ( 1.46  s/it)[K
   step_num: 21139[K
   n_closed: 270[K
    n_total: 313[K[A[A[A[ Info: [RESPEC] OOD event: A multi-robot transport team is deadlocked while forming: some members are waiting in their carrying positions but the team cannot complete and the build has stalled. Re-establish the stuck transport team(s).



[K[A[K[A[K[ASimulating...  83%|██████████████████████████████████████████        |  ETA: 0:01:03 ( 1.47  s/it)[K
   step_num: 21209[K
   n_closed: 270[K
    n_total: 313[K[A[A[A[ Info: [RESPEC] OOD event: A multi-robot transport team is deadlocked while forming: some members are waiting in their carrying positions but the team cannot complete and the build has stalled. Re-establish the stuck transport team(s).



[K[A[K[A[K[ASimulating...  83%|██████████████████████████████████████████        |  ETA: 0:01:03 ( 1.47  s/it)[K
   step_num: 21289[K
   n_closed: 270[K
    n_total: 313[K[A[A[A


[K[A[K[A[K[ASimulating...  83%|██████████████████████████████████████████        |  ETA: 0:01:03 ( 1.48  s/it)[K
   step_num: 21353[K
   n_closed: 270[K
    n_total: 313[K[A[A[A[ Info: [RESPEC] OOD event: A multi-robot transport team is deadlocked while forming: some members are waiting in their carrying positions but the team cannot complete and the build has stalled. Re-establish the stuck transport team(s).



[K[A[K[A[K[ASimulating...  83%|██████████████████████████████████████████        |  ETA: 0:01:04 ( 1.48  s/it)[K
   step_num: 21428[K
   n_closed: 270[K
    n_total: 313[K[A[A[A


[K[A[K[A[K[ASimulating...  83%|██████████████████████████████████████████        |  ETA: 0:01:04 ( 1.49  s/it)[K
   step_num: 21507[K
   n_closed: 270[K
    n_total: 313[K[A[A[A[ Info: [RESPEC] OOD event: A multi-robot transport team is deadlocked while forming: some members are waiting in their carrying positions but the team cannot complete and the build has stalled. Re-establish the stuck transport team(s).



[K[A[K[A[K[ASimulating...  83%|██████████████████████████████████████████        |  ETA: 0:01:04 ( 1.49  s/it)[K
   step_num: 21573[K
   n_closed: 270[K
    n_total: 313[K[A[A[A[ Info: [RESPEC] OOD event: A multi-robot transport team is deadlocked while forming: some members are waiting in their carrying positions but the team cannot complete and the build has stalled. Re-establish the stuck transport team(s).



[K[A[K[A[K[ASimulating...  83%|██████████████████████████████████████████        |  ETA: 0:01:04 ( 1.50  s/it)[K
   step_num: 21648[K
   n_closed: 270[K
    n_total: 313[K[A[A[A


[K[A[K[A[K[ASimulating...  83%|██████████████████████████████████████████        |  ETA: 0:01:05 ( 1.50  s/it)[K
   step_num: 21728[K
   n_closed: 270[K
    n_total: 313[K[A[A[A[ Info: [RESPEC] OOD event: A multi-robot transport team is deadlocked while forming: some members are waiting in their carrying positions but the team cannot complete and the build has stalled. Re-establish the stuck transport team(s).



[K[A[K[A[K[ASimulating...  83%|██████████████████████████████████████████        |  ETA: 0:01:05 ( 1.50  s/it)[K
   step_num: 21792[K
   n_closed: 270[K
    n_total: 313[K[A[A[A


[K[A[K[A[K[ASimulating...  83%|██████████████████████████████████████████        |  ETA: 0:01:05 ( 1.51  s/it)[K
   step_num: 21868[K
   n_closed: 270[K
    n_total: 313[K[A[A[A[ Info: [RESPEC] OOD event: A multi-robot transport team is deadlocked while forming: some members are waiting in their carrying positions but the team cannot complete and the build has stalled. Re-establish the stuck transport team(s).



[K[A[K[A[K[ASimulating...  83%|██████████████████████████████████████████        |  ETA: 0:01:05 ( 1.52  s/it)[K
   step_num: 21950[K
   n_closed: 270[K
    n_total: 313[K[A[A[A[ Info: [RESPEC] OOD event: A multi-robot transport team is deadlocked while forming: some members are waiting in their carrying positions but the team cannot complete and the build has stalled. Re-establish the stuck transport team(s).



[K[A[K[A[K[ASimulating...  83%|██████████████████████████████████████████        |  ETA: 0:01:05 ( 1.52  s/it)[K
   step_num: 22016[K
   n_closed: 270[K
    n_total: 313[K[A[A[A


[K[A[K[A[K[ASimulating...  83%|██████████████████████████████████████████        |  ETA: 0:01:06 ( 1.52  s/it)[K
   step_num: 22088[K
   n_closed: 270[K
    n_total: 313[K[A[A[A[ Info: [RESPEC] OOD event: A multi-robot transport team is deadlocked while forming: some members are waiting in their carrying positions but the team cannot complete and the build has stalled. Re-establish the stuck transport team(s).



[K[A[K[A[K[ASimulating...  83%|██████████████████████████████████████████        |  ETA: 0:01:06 ( 1.53  s/it)[K
   step_num: 22166[K
   n_closed: 270[K
    n_total: 313[K[A[A[A


[K[A[K[A[K[ASimulating...  83%|██████████████████████████████████████████        |  ETA: 0:01:06 ( 1.53  s/it)[K
   step_num: 22232[K
   n_closed: 270[K
    n_total: 313[K[A[A[A[ Info: [RESPEC] OOD event: A multi-robot transport team is deadlocked while forming: some members are waiting in their carrying positions but the team cannot complete and the build has stalled. Re-establish the stuck transport team(s).



[K[A[K[A[K[ASimulating...  83%|██████████████████████████████████████████        |  ETA: 0:01:06 ( 1.54  s/it)[K
   step_num: 22308[K
   n_closed: 270[K
    n_total: 313[K[A[A[A[ Info: [RESPEC] OOD event: A multi-robot transport team is deadlocked while forming: some members are waiting in their carrying positions but the team cannot complete and the build has stalled. Re-establish the stuck transport team(s).



[K[A[K[A[K[ASimulating...  83%|██████████████████████████████████████████        |  ETA: 0:01:06 ( 1.54  s/it)[K
   step_num: 22391[K
   n_closed: 270[K
    n_total: 313[K[A[A[A


[K[A[K[A[K[ASimulating...  83%|██████████████████████████████████████████        |  ETA: 0:01:07 ( 1.55  s/it)[K
   step_num: 22457[K
   n_closed: 270[K
    n_total: 313[K[A[A[A[ Info: [RESPEC] OOD event: A multi-robot transport team is deadlocked while forming: some members are waiting in their carrying positions but the team cannot complete and the build has stalled. Re-establish the stuck transport team(s).



[K[A[K[A[K[ASimulating...  83%|██████████████████████████████████████████        |  ETA: 0:01:07 ( 1.55  s/it)[K
   step_num: 22528[K
   n_closed: 270[K
    n_total: 313[K[A[A[A[ Info: [RESPEC] OOD event: A multi-robot transport team is deadlocked while forming: some members are waiting in their carrying positions but the team cannot complete and the build has stalled. Re-establish the stuck transport team(s).



[K[A[K[A[K[ASimulating...  83%|██████████████████████████████████████████        |  ETA: 0:01:07 ( 1.56  s/it)[K
   step_num: 22610[K
   n_closed: 270[K
    n_total: 313[K[A[A[A


[K[A[K[A[K[ASimulating...  83%|██████████████████████████████████████████        |  ETA: 0:01:07 ( 1.56  s/it)[K
   step_num: 22675[K
   n_closed: 270[K
    n_total: 313[K[A[A[A[ Info: [RESPEC] OOD event: A multi-robot transport team is deadlocked while forming: some members are waiting in their carrying positions but the team cannot complete and the build has stalled. Re-establish the stuck transport team(s).



[K[A[K[A[K[ASimulating...  83%|██████████████████████████████████████████        |  ETA: 0:01:07 ( 1.57  s/it)[K
   step_num: 22748[K
   n_closed: 270[K
    n_total: 313[K[A[A[A


[K[A[K[A[K[ASimulating...  83%|██████████████████████████████████████████        |  ETA: 0:01:08 ( 1.57  s/it)[K
   step_num: 22828[K
   n_closed: 270[K
    n_total: 313[K[A[A[A[ Info: [RESPEC] OOD event: A multi-robot transport team is deadlocked while forming: some members are waiting in their carrying positions but the team cannot complete and the build has stalled. Re-establish the stuck transport team(s).



[K[A[K[A[K[ASimulating...  83%|██████████████████████████████████████████        |  ETA: 0:01:08 ( 1.58  s/it)[K
   step_num: 22893[K
   n_closed: 270[K
    n_total: 313[K[A[A[A[ Info: [RESPEC] OOD event: A multi-robot transport team is deadlocked while forming: some members are waiting in their carrying positions but the team cannot complete and the build has stalled. Re-establish the stuck transport team(s).



[K[A[K[A[K[ASimulating...  83%|██████████████████████████████████████████        |  ETA: 0:01:08 ( 1.58  s/it)[K
   step_num: 22968[K
   n_closed: 270[K
    n_total: 313[K[A[A[A


[K[A[K[A[K[ASimulating...  83%|██████████████████████████████████████████        |  ETA: 0:01:08 ( 1.59  s/it)[K
   step_num: 23046[K
   n_closed: 270[K
    n_total: 313[K[A[A[A[ Info: [RESPEC] OOD event: A multi-robot transport team is deadlocked while forming: some members are waiting in their carrying positions but the team cannot complete and the build has stalled. Re-establish the stuck transport team(s).



[K[A[K[A[K[ASimulating...  83%|██████████████████████████████████████████        |  ETA: 0:01:09 ( 1.59  s/it)[K
   step_num: 23109[K
   n_closed: 270[K
    n_total: 313[K[A[A[A


[K[A[K[A[K[ASimulating...  83%|██████████████████████████████████████████        |  ETA: 0:01:09 ( 1.60  s/it)[K
   step_num: 23188[K
   n_closed: 270[K
    n_total: 313[K[A[A[A[ Info: [RESPEC] OOD event: A multi-robot transport team is deadlocked while forming: some members are waiting in their carrying positions but the team cannot complete and the build has stalled. Re-establish the stuck transport team(s).



[K[A[K[A[K[ASimulating...  83%|██████████████████████████████████████████        |  ETA: 0:01:09 ( 1.60  s/it)[K
   step_num: 23272[K
   n_closed: 270[K
    n_total: 313[K[A[A[A[ Info: [RESPEC] OOD event: A multi-robot transport team is deadlocked while forming: some members are waiting in their carrying positions but the team cannot complete and the build has stalled. Re-establish the stuck transport team(s).



[K[A[K[A[K[ASimulating...  83%|██████████████████████████████████████████        |  ETA: 0:01:09 ( 1.61  s/it)[K
   step_num: 23340[K
   n_closed: 270[K
    n_total: 313[K[A[A[A


[K[A[K[A[K[ASimulating...  83%|██████████████████████████████████████████        |  ETA: 0:01:09 ( 1.61  s/it)[K
   step_num: 23408[K
   n_closed: 270[K
    n_total: 313[K[A[A[A[ Info: [RESPEC] OOD event: A multi-robot transport team is deadlocked while forming: some members are waiting in their carrying positions but the team cannot complete and the build has stalled. Re-establish the stuck transport team(s).



[K[A[K[A[K[ASimulating...  83%|██████████████████████████████████████████        |  ETA: 0:01:10 ( 1.62  s/it)[K
   step_num: 23490[K
   n_closed: 270[K
    n_total: 313[K[A[A[A


[K[A[K[A[K[ASimulating...  83%|██████████████████████████████████████████        |  ETA: 0:01:10 ( 1.62  s/it)[K
   step_num: 23556[K
   n_closed: 270[K
    n_total: 313[K[A[A[A[ Info: [RESPEC] OOD event: A multi-robot transport team is deadlocked while forming: some members are waiting in their carrying positions but the team cannot complete and the build has stalled. Re-establish the stuck transport team(s).



[K[A[K[A[K[ASimulating...  83%|██████████████████████████████████████████        |  ETA: 0:01:10 ( 1.63  s/it)[K
   step_num: 23628[K
   n_closed: 270[K
    n_total: 313[K[A[A[A[ Info: [RESPEC] OOD event: A multi-robot transport team is deadlocked while forming: some members are waiting in their carrying positions but the team cannot complete and the build has stalled. Re-establish the stuck transport team(s).



[K[A[K[A[K[ASimulating...  83%|██████████████████████████████████████████        |  ETA: 0:01:10 ( 1.63  s/it)[K
   step_num: 23709[K
   n_closed: 270[K
    n_total: 313[K[A[A[A


[K[A[K[A[K[ASimulating...  83%|██████████████████████████████████████████        |  ETA: 0:01:10 ( 1.64  s/it)[K
   step_num: 23776[K
   n_closed: 270[K
    n_total: 313[K[A[A[A[ Info: [RESPEC] OOD event: A multi-robot transport team is deadlocked while forming: some members are waiting in their carrying positions but the team cannot complete and the build has stalled. Re-establish the stuck transport team(s).



[K[A[K[A[K[ASimulating...  83%|██████████████████████████████████████████        |  ETA: 0:01:11 ( 1.64  s/it)[K
   step_num: 23848[K
   n_closed: 270[K
    n_total: 313[K[A[A[A[ Info: [RESPEC] OOD event: A multi-robot transport team is deadlocked while forming: some members are waiting in their carrying positions but the team cannot complete and the build has stalled. Re-establish the stuck transport team(s).



[K[A[K[A[K[ASimulating...  83%|██████████████████████████████████████████        |  ETA: 0:01:11 ( 1.65  s/it)[K
   step_num: 23930[K
   n_closed: 270[K
    n_total: 313[K[A[A[A


[K[A[K[A[K[ASimulating...  83%|██████████████████████████████████████████        |  ETA: 0:01:11 ( 1.65  s/it)[K
   step_num: 24000[K
   n_closed: 270[K
    n_total: 313[K[A[A[A[ Info: [RESPEC] OOD event: A multi-robot transport team is deadlocked while forming: some members are waiting in their carrying positions but the team cannot complete and the build has stalled. Re-establish the stuck transport team(s).



[K[A[K[A[K[ASimulating...  83%|██████████████████████████████████████████        |  ETA: 0:01:11 ( 1.66  s/it)[K
   step_num: 24068[K
   n_closed: 270[K
    n_total: 313[K[A[A[A


[K[A[K[A[K[ASimulating...  83%|██████████████████████████████████████████        |  ETA: 0:01:12 ( 1.66  s/it)[K
   step_num: 24152[K
   n_closed: 270[K
    n_total: 313[K[A[A[A[ Info: [RESPEC] OOD event: A multi-robot transport team is deadlocked while forming: some members are waiting in their carrying positions but the team cannot complete and the build has stalled. Re-establish the stuck transport team(s).



[K[A[K[A[K[ASimulating...  83%|██████████████████████████████████████████        |  ETA: 0:01:12 ( 1.67  s/it)[K
   step_num: 24214[K
   n_closed: 270[K
    n_total: 313[K[A[A[A[ Info: [RESPEC] OOD event: A multi-robot transport team is deadlocked while forming: some members are waiting in their carrying positions but the team cannot complete and the build has stalled. Re-establish the stuck transport team(s).



[K[A[K[A[K[ASimulating...  83%|██████████████████████████████████████████        |  ETA: 0:01:12 ( 1.67  s/it)[K
   step_num: 24288[K
   n_closed: 270[K
    n_total: 313[K[A[A[A


[K[A[K[A[K[ASimulating...  83%|██████████████████████████████████████████        |  ETA: 0:01:12 ( 1.68  s/it)[K
   step_num: 24371[K
   n_closed: 270[K
    n_total: 313[K[A[A[A[ Info: [RESPEC] OOD event: A multi-robot transport team is deadlocked while forming: some members are waiting in their carrying positions but the team cannot complete and the build has stalled. Re-establish the stuck transport team(s).



[K[A[K[A[K[ASimulating...  83%|██████████████████████████████████████████        |  ETA: 0:01:12 ( 1.68  s/it)[K
   step_num: 24438[K
   n_closed: 270[K
    n_total: 313[K[A[A[A


[K[A[K[A[K[ASimulating...  83%|██████████████████████████████████████████        |  ETA: 0:01:13 ( 1.69  s/it)[K
   step_num: 24508[K
   n_closed: 270[K
    n_total: 313[K[A[A[A[ Info: [RESPEC] OOD event: A multi-robot transport team is deadlocked while forming: some members are waiting in their carrying positions but the team cannot complete and the build has stalled. Re-establish the stuck transport team(s).



[K[A[K[A[K[ASimulating...  83%|██████████████████████████████████████████        |  ETA: 0:01:13 ( 1.69  s/it)[K
   step_num: 24590[K
   n_closed: 270[K
    n_total: 313[K[A[A[A[ Info: [RESPEC] OOD event: A multi-robot transport team is deadlocked while forming: some members are waiting in their carrying positions but the team cannot complete and the build has stalled. Re-establish the stuck transport team(s).



[K[A[K[A[K[ASimulating...  83%|██████████████████████████████████████████        |  ETA: 0:01:13 ( 1.70  s/it)[K
   step_num: 24656[K
   n_closed: 270[K
    n_total: 313[K[A[A[A


[K[A[K[A[K[ASimulating...  83%|██████████████████████████████████████████        |  ETA: 0:01:13 ( 1.70  s/it)[K
   step_num: 24727[K
   n_closed: 270[K
    n_total: 313[K[A[A[A[ Info: [RESPEC] OOD event: A multi-robot transport team is deadlocked while forming: some members are waiting in their carrying positions but the team cannot complete and the build has stalled. Re-establish the stuck transport team(s).



[K[A[K[A[K[ASimulating...  83%|██████████████████████████████████████████        |  ETA: 0:01:13 ( 1.71  s/it)[K
   step_num: 24807[K
   n_closed: 270[K
    n_total: 313[K[A[A[A


[K[A[K[A[K[ASimulating...  83%|██████████████████████████████████████████        |  ETA: 0:01:14 ( 1.71  s/it)[K
   step_num: 24871[K
   n_closed: 270[K
    n_total: 313[K[A[A[A[ Info: [RESPEC] OOD event: A multi-robot transport team is deadlocked while forming: some members are waiting in their carrying positions but the team cannot complete and the build has stalled. Re-establish the stuck transport team(s).



[K[A[K[A[K[ASimulating...  83%|██████████████████████████████████████████        |  ETA: 0:01:14 ( 1.72  s/it)[K
   step_num: 24947[K
   n_closed: 270[K
    n_total: 313[K[A[A[A[ Info: [RESPEC] OOD event: A multi-robot transport team is deadlocked while forming: some members are waiting in their carrying positions but the team cannot complete and the build has stalled. Re-establish the stuck transport team(s).



[K[A[K[A[K[ASimulating...  83%|██████████████████████████████████████████        |  ETA: 0:01:14 ( 1.72  s/it)[K
   step_num: 25029[K
   n_closed: 270[K
    n_total: 313[K[A[A[A


[K[A[K[A[K[ASimulating...  83%|██████████████████████████████████████████        |  ETA: 0:01:14 ( 1.73  s/it)[K
   step_num: 25094[K
   n_closed: 270[K
    n_total: 313[K[A[A[A[ Info: [RESPEC] OOD event: A multi-robot transport team is deadlocked while forming: some members are waiting in their carrying positions but the team cannot complete and the build has stalled. Re-establish the stuck transport team(s).



[K[A[K[A[K[ASimulating...  83%|██████████████████████████████████████████        |  ETA: 0:01:14 ( 1.73  s/it)[K
   step_num: 25167[K
   n_closed: 270[K
    n_total: 313[K[A[A[A[ Info: [RESPEC] OOD event: A multi-robot transport team is deadlocked while forming: some members are waiting in their carrying positions but the team cannot complete and the build has stalled. Re-establish the stuck transport team(s).



[K[A[K[A[K[ASimulating...  83%|██████████████████████████████████████████        |  ETA: 0:01:15 ( 1.74  s/it)[K
   step_num: 25248[K
   n_closed: 270[K
    n_total: 313[K[A[A[A


[K[A[K[A[K[ASimulating...  83%|██████████████████████████████████████████        |  ETA: 0:01:15 ( 1.74  s/it)[K
   step_num: 25313[K
   n_closed: 270[K
    n_total: 313[K[A[A[A[ Info: [RESPEC] OOD event: A multi-robot transport team is deadlocked while forming: some members are waiting in their carrying positions but the team cannot complete and the build has stalled. Re-establish the stuck transport team(s).



[K[A[K[A[K[ASimulating...  83%|██████████████████████████████████████████        |  ETA: 0:01:15 ( 1.75  s/it)[K
   step_num: 25387[K
   n_closed: 270[K
    n_total: 313[K[A[A[A


[K[A[K[A[K[ASimulating...  83%|██████████████████████████████████████████        |  ETA: 0:01:15 ( 1.75  s/it)[K
   step_num: 25470[K
   n_closed: 270[K
    n_total: 313[K[A[A[A[ Info: [RESPEC] OOD event: A multi-robot transport team is deadlocked while forming: some members are waiting in their carrying positions but the team cannot complete and the build has stalled. Re-establish the stuck transport team(s).



[K[A[K[A[K[ASimulating...  83%|██████████████████████████████████████████        |  ETA: 0:01:16 ( 1.76  s/it)[K
   step_num: 25537[K
   n_closed: 270[K
    n_total: 313[K[A[A[A[ Info: [RESPEC] OOD event: A multi-robot transport team is deadlocked while forming: some members are waiting in their carrying positions but the team cannot complete and the build has stalled. Re-establish the stuck transport team(s).



[K[A[K[A[K[ASimulating...  83%|██████████████████████████████████████████        |  ETA: 0:01:16 ( 1.76  s/it)[K
   step_num: 25607[K
   n_closed: 270[K
    n_total: 313[K[A[A[A


[K[A[K[A[K[ASimulating...  83%|██████████████████████████████████████████        |  ETA: 0:01:16 ( 1.77  s/it)[K
   step_num: 25689[K
   n_closed: 270[K
    n_total: 313[K[A[A[A[ Info: [RESPEC] OOD event: A multi-robot transport team is deadlocked while forming: some members are waiting in their carrying positions but the team cannot complete and the build has stalled. Re-establish the stuck transport team(s).



[K[A[K[A[K[ASimulating...  83%|██████████████████████████████████████████        |  ETA: 0:01:16 ( 1.77  s/it)[K
   step_num: 25752[K
   n_closed: 270[K
    n_total: 313[K[A[A[A


[K[A[K[A[K[ASimulating...  83%|██████████████████████████████████████████        |  ETA: 0:01:16 ( 1.78  s/it)[K
   step_num: 25827[K
   n_closed: 270[K
    n_total: 313[K[A[A[A[ Info: [RESPEC] OOD event: A multi-robot transport team is deadlocked while forming: some members are waiting in their carrying positions but the team cannot complete and the build has stalled. Re-establish the stuck transport team(s).



[K[A[K[A[K[ASimulating...  83%|██████████████████████████████████████████        |  ETA: 0:01:17 ( 1.78  s/it)[K
   step_num: 25908[K
   n_closed: 270[K
    n_total: 313[K[A[A[A[ Info: [RESPEC] OOD event: A multi-robot transport team is deadlocked while forming: some members are waiting in their carrying positions but the team cannot complete and the build has stalled. Re-establish the stuck transport team(s).



[K[A[K[A[K[ASimulating...  83%|██████████████████████████████████████████        |  ETA: 0:01:17 ( 1.79  s/it)[K
   step_num: 25973[K
   n_closed: 270[K
    n_total: 313[K[A[A[A


[K[A[K[A[K[ASimulating...  83%|██████████████████████████████████████████        |  ETA: 0:01:17 ( 1.79  s/it)[K
   step_num: 26047[K
   n_closed: 270[K
    n_total: 313[K[A[A[A[ Info: [RESPEC] OOD event: A multi-robot transport team is deadlocked while forming: some members are waiting in their carrying positions but the team cannot complete and the build has stalled. Re-establish the stuck transport team(s).



[K[A[K[A[K[ASimulating...  83%|██████████████████████████████████████████        |  ETA: 0:01:17 ( 1.80  s/it)[K
   step_num: 26126[K
   n_closed: 270[K
    n_total: 313[K[A[A[A


[K[A[K[A[K[ASimulating...  83%|██████████████████████████████████████████        |  ETA: 0:01:17 ( 1.80  s/it)[K
   step_num: 26193[K
   n_closed: 270[K
    n_total: 313[K[A[A[A[ Info: [RESPEC] OOD event: A multi-robot transport team is deadlocked while forming: some members are waiting in their carrying positions but the team cannot complete and the build has stalled. Re-establish the stuck transport team(s).



[K[A[K[A[K[ASimulating...  83%|██████████████████████████████████████████        |  ETA: 0:01:18 ( 1.81  s/it)[K
   step_num: 26267[K
   n_closed: 270[K
    n_total: 313[K[A[A[A[ Info: [RESPEC] OOD event: A multi-robot transport team is deadlocked while forming: some members are waiting in their carrying positions but the team cannot complete and the build has stalled. Re-establish the stuck transport team(s).



[K[A[K[A[K[ASimulating...  83%|██████████████████████████████████████████        |  ETA: 0:01:18 ( 1.81  s/it)[K
   step_num: 26352[K
   n_closed: 270[K
    n_total: 313[K[A[A[A


[K[A[K[A[K[ASimulating...  83%|██████████████████████████████████████████        |  ETA: 0:01:18 ( 1.82  s/it)[K
   step_num: 26417[K
   n_closed: 270[K
    n_total: 313[K[A[A[A[ Info: [RESPEC] OOD event: A multi-robot transport team is deadlocked while forming: some members are waiting in their carrying positions but the team cannot complete and the build has stalled. Re-establish the stuck transport team(s).



[K[A[K[A[K[ASimulating...  83%|██████████████████████████████████████████        |  ETA: 0:01:18 ( 1.82  s/it)[K
   step_num: 26487[K
   n_closed: 270[K
    n_total: 313[K[A[A[A[ Info: [RESPEC] OOD event: A multi-robot transport team is deadlocked while forming: some members are waiting in their carrying positions but the team cannot complete and the build has stalled. Re-establish the stuck transport team(s).



[K[A[K[A[K[ASimulating...  83%|██████████████████████████████████████████        |  ETA: 0:01:18 ( 1.83  s/it)[K
   step_num: 26569[K
   n_closed: 270[K
    n_total: 313[K[A[A[A


[K[A[K[A[K[ASimulating...  83%|██████████████████████████████████████████        |  ETA: 0:01:19 ( 1.83  s/it)[K
   step_num: 26637[K
   n_closed: 270[K
    n_total: 313[K[A[A[A[ Info: [RESPEC] OOD event: A multi-robot transport team is deadlocked while forming: some members are waiting in their carrying positions but the team cannot complete and the build has stalled. Re-establish the stuck transport team(s).



[K[A[K[A[K[ASimulating...  83%|██████████████████████████████████████████        |  ETA: 0:01:19 ( 1.84  s/it)[K
   step_num: 26707[K
   n_closed: 270[K
    n_total: 313[K[A[A[A


[K[A[K[A[K[ASimulating...  83%|██████████████████████████████████████████        |  ETA: 0:01:19 ( 1.84  s/it)[K
   step_num: 26781[K
   n_closed: 270[K
    n_total: 313[K[A[A[A[ Info: [RESPEC] OOD event: A multi-robot transport team is deadlocked while forming: some members are waiting in their carrying positions but the team cannot complete and the build has stalled. Re-establish the stuck transport team(s).



[K[A[K[A[K[ASimulating...  83%|██████████████████████████████████████████        |  ETA: 0:01:19 ( 1.84  s/it)[K
   step_num: 26848[K
   n_closed: 270[K
    n_total: 313[K[A[A[A[ Info: [RESPEC] OOD event: A multi-robot transport team is deadlocked while forming: some members are waiting in their carrying positions but the team cannot complete and the build has stalled. Re-establish the stuck transport team(s).



[K[A[K[A[K[ASimulating...  83%|██████████████████████████████████████████        |  ETA: 0:01:20 ( 1.85  s/it)[K
   step_num: 26927[K
   n_closed: 270[K
    n_total: 313[K[A[A[A


[K[A[K[A[K[ASimulating...  83%|██████████████████████████████████████████        |  ETA: 0:01:20 ( 1.85  s/it)[K
   step_num: 27007[K
   n_closed: 270[K
    n_total: 313[K[A[A[A[ Info: [RESPEC] OOD event: A multi-robot transport team is deadlocked while forming: some members are waiting in their carrying positions but the team cannot complete and the build has stalled. Re-establish the stuck transport team(s).



[K[A[K[A[K[ASimulating...  83%|██████████████████████████████████████████        |  ETA: 0:01:20 ( 1.86  s/it)[K
   step_num: 27072[K
   n_closed: 270[K
    n_total: 313[K[A[A[A


[K[A[K[A[K[ASimulating...  83%|██████████████████████████████████████████        |  ETA: 0:01:20 ( 1.87  s/it)[K
   step_num: 27147[K
   n_closed: 270[K
    n_total: 313[K[A[A[A[ Info: [RESPEC] OOD event: A multi-robot transport team is deadlocked while forming: some members are waiting in their carrying positions but the team cannot complete and the build has stalled. Re-establish the stuck transport team(s).



[K[A[K[A[K[ASimulating...  83%|██████████████████████████████████████████        |  ETA: 0:01:20 ( 1.87  s/it)[K
   step_num: 27228[K
   n_closed: 270[K
    n_total: 313[K[A[A[A[ Info: [RESPEC] OOD event: A multi-robot transport team is deadlocked while forming: some members are waiting in their carrying positions but the team cannot complete and the build has stalled. Re-establish the stuck transport team(s).



[K[A[K[A[K[ASimulating...  83%|██████████████████████████████████████████        |  ETA: 0:01:21 ( 1.87  s/it)[K
   step_num: 27292[K
   n_closed: 270[K
    n_total: 313[K[A[A[A


[K[A[K[A[K[ASimulating...  83%|██████████████████████████████████████████        |  ETA: 0:01:21 ( 1.88  s/it)[K
   step_num: 27367[K
   n_closed: 270[K
    n_total: 313[K[A[A[A[ Info: [RESPEC] OOD event: A multi-robot transport team is deadlocked while forming: some members are waiting in their carrying positions but the team cannot complete and the build has stalled. Re-establish the stuck transport team(s).



[K[A[K[A[K[ASimulating...  83%|██████████████████████████████████████████        |  ETA: 0:01:21 ( 1.89  s/it)[K
   step_num: 27450[K
   n_closed: 270[K
    n_total: 313[K[A[A[A


[K[A[K[A[K[ASimulating...  83%|██████████████████████████████████████████        |  ETA: 0:01:21 ( 1.89  s/it)[K
   step_num: 27512[K
   n_closed: 270[K
    n_total: 313[K[A[A[A[ Info: [RESPEC] OOD event: A multi-robot transport team is deadlocked while forming: some members are waiting in their carrying positions but the team cannot complete and the build has stalled. Re-establish the stuck transport team(s).



[K[A[K[A[K[ASimulating...  83%|██████████████████████████████████████████        |  ETA: 0:01:21 ( 1.90  s/it)[K
   step_num: 27587[K
   n_closed: 270[K
    n_total: 313[K[A[A[A[ Info: [RESPEC] OOD event: A multi-robot transport team is deadlocked while forming: some members are waiting in their carrying positions but the team cannot complete and the build has stalled. Re-establish the stuck transport team(s).



[K[A[K[A[K[ASimulating...  83%|██████████████████████████████████████████        |  ETA: 0:01:22 ( 1.90  s/it)[K
   step_num: 27667[K
   n_closed: 270[K
    n_total: 313[K[A[A[A


[K[A[K[A[K[ASimulating...  83%|██████████████████████████████████████████        |  ETA: 0:01:22 ( 1.90  s/it)[K
   step_num: 27733[K
   n_closed: 270[K
    n_total: 313[K[A[A[A[ Info: [RESPEC] OOD event: A multi-robot transport team is deadlocked while forming: some members are waiting in their carrying positions but the team cannot complete and the build has stalled. Re-establish the stuck transport team(s).



[K[A[K[A[K[ASimulating...  83%|██████████████████████████████████████████        |  ETA: 0:01:22 ( 1.91  s/it)[K
   step_num: 27807[K
   n_closed: 270[K
    n_total: 313[K[A[A[A[ Info: [RESPEC] OOD event: A multi-robot transport team is deadlocked while forming: some members are waiting in their carrying positions but the team cannot complete and the build has stalled. Re-establish the stuck transport team(s).



[K[A[K[A[K[ASimulating...  83%|██████████████████████████████████████████        |  ETA: 0:01:22 ( 1.91  s/it)[K
   step_num: 27890[K
   n_closed: 270[K
    n_total: 313[K[A[A[A


[K[A[K[A[K[ASimulating...  83%|██████████████████████████████████████████        |  ETA: 0:01:23 ( 1.92  s/it)[K
   step_num: 27957[K
   n_closed: 270[K
    n_total: 313[K[A[A[A[ Info: [RESPEC] OOD event: A multi-robot transport team is deadlocked while forming: some members are waiting in their carrying positions but the team cannot complete and the build has stalled. Re-establish the stuck transport team(s).



[K[A[K[A[K[ASimulating...  83%|██████████████████████████████████████████        |  ETA: 0:01:23 ( 1.92  s/it)[K
   step_num: 28027[K
   n_closed: 270[K
    n_total: 313[K[A[A[A


[K[A[K[A[K[ASimulating...  83%|██████████████████████████████████████████        |  ETA: 0:01:23 ( 1.93  s/it)[K
   step_num: 28108[K
   n_closed: 270[K
    n_total: 313[K[A[A[A[ Info: [RESPEC] OOD event: A multi-robot transport team is deadlocked while forming: some members are waiting in their carrying positions but the team cannot complete and the build has stalled. Re-establish the stuck transport team(s).



[K[A[K[A[K[ASimulating...  83%|██████████████████████████████████████████        |  ETA: 0:01:23 ( 1.93  s/it)[K
   step_num: 28176[K
   n_closed: 270[K
    n_total: 313[K[A[A[A[ Info: [RESPEC] OOD event: A multi-robot transport team is deadlocked while forming: some members are waiting in their carrying positions but the team cannot complete and the build has stalled. Re-establish the stuck transport team(s).



[K[A[K[A[K[ASimulating...  83%|██████████████████████████████████████████        |  ETA: 0:01:23 ( 1.94  s/it)[K
   step_num: 28247[K
   n_closed: 270[K
    n_total: 313[K[A[A[A


[K[A[K[A[K[ASimulating...  83%|██████████████████████████████████████████        |  ETA: 0:01:24 ( 1.94  s/it)[K
   step_num: 28324[K
   n_closed: 270[K
    n_total: 313[K[A[A[A[ Info: [RESPEC] OOD event: A multi-robot transport team is deadlocked while forming: some members are waiting in their carrying positions but the team cannot complete and the build has stalled. Re-establish the stuck transport team(s).



[K[A[K[A[K[ASimulating...  83%|██████████████████████████████████████████        |  ETA: 0:01:24 ( 1.95  s/it)[K
   step_num: 28390[K
   n_closed: 270[K
    n_total: 313[K[A[A[A


[K[A[K[A[K[ASimulating...  83%|██████████████████████████████████████████        |  ETA: 0:01:24 ( 1.95  s/it)[K
   step_num: 28467[K
   n_closed: 270[K
    n_total: 313[K[A[A[A[ Info: [RESPEC] OOD event: A multi-robot transport team is deadlocked while forming: some members are waiting in their carrying positions but the team cannot complete and the build has stalled. Re-establish the stuck transport team(s).



[K[A[K[A[K[ASimulating...  83%|██████████████████████████████████████████        |  ETA: 0:01:24 ( 1.96  s/it)[K
   step_num: 28547[K
   n_closed: 270[K
    n_total: 313[K[A[A[A[ Info: [RESPEC] OOD event: A multi-robot transport team is deadlocked while forming: some members are waiting in their carrying positions but the team cannot complete and the build has stalled. Re-establish the stuck transport team(s).



[K[A[K[A[K[ASimulating...  83%|██████████████████████████████████████████        |  ETA: 0:01:24 ( 1.96  s/it)[K
   step_num: 28615[K
   n_closed: 270[K
    n_total: 313[K[A[A[A


[K[A[K[A[K[ASimulating...  83%|██████████████████████████████████████████        |  ETA: 0:01:25 ( 1.97  s/it)[K
   step_num: 28687[K
   n_closed: 270[K
    n_total: 313[K[A[A[A[ Info: [RESPEC] OOD event: A multi-robot transport team is deadlocked while forming: some members are waiting in their carrying positions but the team cannot complete and the build has stalled. Re-establish the stuck transport team(s).



[K[A[K[A[K[ASimulating...  83%|██████████████████████████████████████████        |  ETA: 0:01:25 ( 1.97  s/it)[K
   step_num: 28768[K
   n_closed: 270[K
    n_total: 313[K[A[A[A


[K[A[K[A[K[ASimulating...  83%|██████████████████████████████████████████        |  ETA: 0:01:25 ( 1.98  s/it)[K
   step_num: 28833[K
   n_closed: 270[K
    n_total: 313[K[A[A[A[ Info: [RESPEC] OOD event: A multi-robot transport team is deadlocked while forming: some members are waiting in their carrying positions but the team cannot complete and the build has stalled. Re-establish the stuck transport team(s).



[K[A[K[A[K[ASimulating...  83%|██████████████████████████████████████████        |  ETA: 0:01:25 ( 1.98  s/it)[K
   step_num: 28907[K
   n_closed: 270[K
    n_total: 313[K[A[A[A[ Info: [RESPEC] OOD event: A multi-robot transport team is deadlocked while forming: some members are waiting in their carrying positions but the team cannot complete and the build has stalled. Re-establish the stuck transport team(s).



[K[A[K[A[K[ASimulating...  83%|██████████████████████████████████████████        |  ETA: 0:01:25 ( 1.99  s/it)[K
   step_num: 28986[K
   n_closed: 270[K
    n_total: 313[K[A[A[A


[K[A[K[A[K[ASimulating...  83%|██████████████████████████████████████████        |  ETA: 0:01:26 ( 1.99  s/it)[K
   step_num: 29051[K
   n_closed: 270[K
    n_total: 313[K[A[A[A[ Info: [RESPEC] OOD event: A multi-robot transport team is deadlocked while forming: some members are waiting in their carrying positions but the team cannot complete and the build has stalled. Re-establish the stuck transport team(s).



[K[A[K[A[K[ASimulating...  83%|██████████████████████████████████████████        |  ETA: 0:01:26 ( 2.00  s/it)[K
   step_num: 29127[K
   n_closed: 270[K
    n_total: 313[K[A[A[A[ Info: [RESPEC] OOD event: A multi-robot transport team is deadlocked while forming: some members are waiting in their carrying positions but the team cannot complete and the build has stalled. Re-establish the stuck transport team(s).



[K[A[K[A[K[ASimulating...  83%|██████████████████████████████████████████        |  ETA: 0:01:26 ( 2.00  s/it)[K
   step_num: 29209[K
   n_closed: 270[K
    n_total: 313[K[A[A[A


[K[A[K[A[K[ASimulating...  83%|██████████████████████████████████████████        |  ETA: 0:01:26 ( 2.01  s/it)[K
   step_num: 29275[K
   n_closed: 270[K
    n_total: 313[K[A[A[A[ Info: [RESPEC] OOD event: A multi-robot transport team is deadlocked while forming: some members are waiting in their carrying positions but the team cannot complete and the build has stalled. Re-establish the stuck transport team(s).



[K[A[K[A[K[ASimulating...  83%|██████████████████████████████████████████        |  ETA: 0:01:27 ( 2.01  s/it)[K
   step_num: 29347[K
   n_closed: 270[K
    n_total: 313[K[A[A[A


[K[A[K[A[K[ASimulating...  83%|██████████████████████████████████████████        |  ETA: 0:01:27 ( 2.02  s/it)[K
   step_num: 29427[K
   n_closed: 270[K
    n_total: 313[K[A[A[A[ Info: [RESPEC] OOD event: A multi-robot transport team is deadlocked while forming: some members are waiting in their carrying positions but the team cannot complete and the build has stalled. Re-establish the stuck transport team(s).



[K[A[K[A[K[ASimulating...  83%|██████████████████████████████████████████        |  ETA: 0:01:27 ( 2.02  s/it)[K
   step_num: 29493[K
   n_closed: 270[K
    n_total: 313[K[A[A[A[ Info: [RESPEC] OOD event: A multi-robot transport team is deadlocked while forming: some members are waiting in their carrying positions but the team cannot complete and the build has stalled. Re-establish the stuck transport team(s).



[K[A[K[A[K[ASimulating...  83%|██████████████████████████████████████████        |  ETA: 0:01:27 ( 2.03  s/it)[K
   step_num: 29566[K
   n_closed: 270[K
    n_total: 313[K[A[A[A


[K[A[K[A[K[ASimulating...  83%|██████████████████████████████████████████        |  ETA: 0:01:27 ( 2.03  s/it)[K
   step_num: 29649[K
   n_closed: 270[K
    n_total: 313[K[A[A[A[ Info: [RESPEC] OOD event: A multi-robot transport team is deadlocked while forming: some members are waiting in their carrying positions but the team cannot complete and the build has stalled. Re-establish the stuck transport team(s).



[K[A[K[A[K[ASimulating...  83%|██████████████████████████████████████████        |  ETA: 0:01:28 ( 2.04  s/it)[K
   step_num: 29715[K
   n_closed: 270[K
    n_total: 313[K[A[A[A


[K[A[K[A[K[ASimulating...  83%|██████████████████████████████████████████        |  ETA: 0:01:28 ( 2.04  s/it)[K
   step_num: 29787[K
   n_closed: 270[K
    n_total: 313[K[A[A[A[ Info: [RESPEC] OOD event: A multi-robot transport team is deadlocked while forming: some members are waiting in their carrying positions but the team cannot complete and the build has stalled. Re-establish the stuck transport team(s).



[K[A[K[A[K[ASimulating...  83%|██████████████████████████████████████████        |  ETA: 0:01:28 ( 2.05  s/it)[K
   step_num: 29866[K
   n_closed: 270[K
    n_total: 313[K[A[A[A[ Info: [RESPEC] OOD event: A multi-robot transport team is deadlocked while forming: some members are waiting in their carrying positions but the team cannot complete and the build has stalled. Re-establish the stuck transport team(s).



[K[A[K[A[K[ASimulating...  83%|██████████████████████████████████████████        |  ETA: 0:01:28 ( 2.05  s/it)[K
   step_num: 29930[K
   n_closed: 270[K
    n_total: 313[K[A[A[A


[K[A[K[A[K[ASimulating...  83%|██████████████████████████████████████████        |  ETA: 0:01:28 ( 2.06  s/it)[K
   step_num: 30005[K
   n_closed: 270[K
    n_total: 313[K[A[A[A[ Info: [RESPEC] OOD event: A multi-robot transport team is deadlocked while forming: some members are waiting in their carrying positions but the team cannot complete and the build has stalled. Re-establish the stuck transport team(s).



[K[A[K[A[K[ASimulating...  83%|██████████████████████████████████████████        |  ETA: 0:01:29 ( 2.06  s/it)[K
   step_num: 30068[K
   n_closed: 270[K
    n_total: 313[K[A[A[A


[K[A[K[A[K[ASimulating...  83%|██████████████████████████████████████████        |  ETA: 0:01:29 ( 2.07  s/it)[K
   step_num: 30136[K
   n_closed: 270[K
    n_total: 313[K[A[A[A[ Info: [RESPEC] OOD event: A multi-robot transport team is deadlocked while forming: some members are waiting in their carrying positions but the team cannot complete and the build has stalled. Re-establish the stuck transport team(s).



[K[A[K[A[K[ASimulating...  83%|██████████████████████████████████████████        |  ETA: 0:01:29 ( 2.07  s/it)[K
   step_num: 30213[K
   n_closed: 270[K
    n_total: 313[K[A[A[A


[K[A[K[A[K[ASimulating...  83%|██████████████████████████████████████████        |  ETA: 0:01:29 ( 2.08  s/it)[K
   step_num: 30280[K
   n_closed: 270[K
    n_total: 313[K[A[A[A[ Info: [RESPEC] OOD event: A multi-robot transport team is deadlocked while forming: some members are waiting in their carrying positions but the team cannot complete and the build has stalled. Re-establish the stuck transport team(s).



[K[A[K[A[K[ASimulating...  83%|██████████████████████████████████████████        |  ETA: 0:01:29 ( 2.08  s/it)[K
   step_num: 30344[K
   n_closed: 270[K
    n_total: 313[K[A[A[A[ Info: [RESPEC] OOD event: A multi-robot transport team is deadlocked while forming: some members are waiting in their carrying positions but the team cannot complete and the build has stalled. Re-establish the stuck transport team(s).



[K[A[K[A[K[ASimulating...  83%|██████████████████████████████████████████        |  ETA: 0:01:30 ( 2.09  s/it)[K
   step_num: 30423[K
   n_closed: 270[K
    n_total: 313[K[A[A[A


[K[A[K[A[K[ASimulating...  83%|██████████████████████████████████████████        |  ETA: 0:01:30 ( 2.09  s/it)[K
   step_num: 30491[K
   n_closed: 270[K
    n_total: 313[K[A[A[A[ Info: [RESPEC] OOD event: A multi-robot transport team is deadlocked while forming: some members are waiting in their carrying positions but the team cannot complete and the build has stalled. Re-establish the stuck transport team(s).



[K[A[K[A[K[ASimulating...  83%|██████████████████████████████████████████        |  ETA: 0:01:30 ( 2.10  s/it)[K
   step_num: 30556[K
   n_closed: 270[K
    n_total: 313[K[A[A[A


[K[A[K[A[K[ASimulating...  83%|██████████████████████████████████████████        |  ETA: 0:01:30 ( 2.10  s/it)[K
   step_num: 30637[K
   n_closed: 270[K
    n_total: 313[K[A[A[A[ Info: [RESPEC] OOD event: A multi-robot transport team is deadlocked while forming: some members are waiting in their carrying positions but the team cannot complete and the build has stalled. Re-establish the stuck transport team(s).



[K[A[K[A[K[ASimulating...  83%|██████████████████████████████████████████        |  ETA: 0:01:31 ( 2.11  s/it)[K
   step_num: 30699[K
   n_closed: 270[K
    n_total: 313[K[A[A[A[ Info: [RESPEC] OOD event: A multi-robot transport team is deadlocked while forming: some members are waiting in their carrying positions but the team cannot complete and the build has stalled. Re-establish the stuck transport team(s).



[K[A[K[A[K[ASimulating...  83%|██████████████████████████████████████████        |  ETA: 0:01:31 ( 2.11  s/it)[K
   step_num: 30774[K
   n_closed: 270[K
    n_total: 313[K[A[A[A


[K[A[K[A[K[ASimulating...  83%|██████████████████████████████████████████        |  ETA: 0:01:31 ( 2.11  s/it)[K
   step_num: 30840[K
   n_closed: 270[K
    n_total: 313[K[A[A[A[ Info: [RESPEC] OOD event: A multi-robot transport team is deadlocked while forming: some members are waiting in their carrying positions but the team cannot complete and the build has stalled. Re-establish the stuck transport team(s).



[K[A[K[A[K[ASimulating...  83%|██████████████████████████████████████████        |  ETA: 0:01:31 ( 2.12  s/it)[K
   step_num: 30907[K
   n_closed: 270[K
    n_total: 313[K[A[A[A


[K[A[K[A[K[ASimulating...  83%|██████████████████████████████████████████        |  ETA: 0:01:31 ( 2.12  s/it)[K
   step_num: 30987[K
   n_closed: 270[K
    n_total: 313[K[A[A[A[ Info: [RESPEC] OOD event: A multi-robot transport team is deadlocked while forming: some members are waiting in their carrying positions but the team cannot complete and the build has stalled. Re-establish the stuck transport team(s).



[K[A[K[A[K[ASimulating...  83%|██████████████████████████████████████████        |  ETA: 0:01:32 ( 2.13  s/it)[K
   step_num: 31051[K
   n_closed: 270[K
    n_total: 313[K[A[A[A


[K[A[K[A[K[ASimulating...  83%|██████████████████████████████████████████        |  ETA: 0:01:32 ( 2.13  s/it)[K
   step_num: 31117[K
   n_closed: 270[K
    n_total: 313[K[A[A[A[ Info: [RESPEC] OOD event: A multi-robot transport team is deadlocked while forming: some members are waiting in their carrying positions but the team cannot complete and the build has stalled. Re-establish the stuck transport team(s).



[K[A[K[A[K[ASimulating...  83%|██████████████████████████████████████████        |  ETA: 0:01:32 ( 2.14  s/it)[K
   step_num: 31198[K
   n_closed: 270[K
    n_total: 313[K[A[A[A┌ Warning: No progress for 30000 iterations. Terminating.
└ @ ConstructionBots C:\Users\chahj\PythonCodes\venv\ConstructionBots.jl\src\demo_utils.jl:213



[K[A[K[A[K[ASimulating... 100%|██████████████████████████████████████████████████| Time: 0:07:34 ( 1.78  s/it)[K
